clase,TP,TN,FP,FN,Accuracy,Sensitivity,Specificity,Precision,Score,soporte
N,37,146,14,3,0.915,0.925,0.9125,0.7254901960784313,0.91875,40
AS,29,144,16,11,0.865,0.725,0.9,0.6444444444444445,0.8125,40
MR,36,151,9,4,0.935,0.9,0.94375,0.8,0.921875,40
MS,27,151,9,13,0.89,0.675,0.94375,0.75,0.809375,40
MVP,18,155,5,22,0.865,0.45,0.96875,0.782608695652174,0.709375,40
PROMEDIO_MACRO,147,747,53,53,0.8939999999999999,0.735,0.9337500000000001,0.74050866723501,0.834375,200
