clase,distancia
N,0.26941681616193086
AS,0.5318826342542484
MR,0.30211906604523175
MS,0.2040686326747816
MVP,0.3772017167890932
