clase,distancia
N,0.23651041974257553
AS,0.404182318256896
MR,0.2315378119095166
MS,0.18410862062461938
MVP,0.36899284891331974
