clase,TP,TN,FP,FN,Accuracy,Sensitivity,Specificity,Precision,Score,soporte
N,38,144,16,2,0.91,0.95,0.9,0.7037037037037037,0.925,40
AS,35,124,36,5,0.795,0.875,0.775,0.49295774647887325,0.825,40
MR,26,155,5,14,0.905,0.65,0.96875,0.8387096774193549,0.809375,40
MS,12,153,7,28,0.825,0.3,0.95625,0.631578947368421,0.628125,40
MVP,20,155,5,20,0.875,0.5,0.96875,0.8,0.734375,40
PROMEDIO_MACRO,131,731,69,69,0.8620000000000001,0.655,0.91375,0.6933900149940705,0.784375,200
