clase,TP,TN,FP,FN,Accuracy,Sensitivity,Specificity,Precision,Score,soporte
N,34,136,24,6,0.85,0.85,0.85,0.5862068965517241,0.85,40
AS,28,132,28,12,0.8,0.7,0.825,0.5,0.7625,40
MR,30,149,11,10,0.895,0.75,0.93125,0.7317073170731707,0.840625,40
MS,13,153,7,27,0.83,0.325,0.95625,0.65,0.640625,40
MVP,20,155,5,20,0.875,0.5,0.96875,0.8,0.734375,40
PROMEDIO_MACRO,125,725,75,75,0.85,0.625,0.90625,0.653582842724979,0.765625,200
