clase,TP,TN,FP,FN,Accuracy,Sensitivity,Specificity,Precision,Score,soporte
N,35,159,1,5,0.97,0.875,0.99375,0.9722222222222222,0.934375,40
AS,31,154,6,9,0.925,0.775,0.9625,0.8378378378378378,0.86875,40
MR,38,135,25,2,0.865,0.95,0.84375,0.6031746031746031,0.896875,40
MS,26,159,1,14,0.925,0.65,0.99375,0.9629629629629629,0.821875,40
MVP,29,152,8,11,0.905,0.725,0.95,0.7837837837837838,0.8374999999999999,40
PROMEDIO_MACRO,159,759,41,41,0.9179999999999999,0.7949999999999999,0.9487499999999999,0.831996281996282,0.871875,200
