clase,TP,TN,FP,FN,Accuracy,Sensitivity,Specificity,Precision,Score,soporte
N,38,147,13,2,0.925,0.95,0.91875,0.7450980392156863,0.934375,40
AS,28,150,10,12,0.89,0.7,0.9375,0.7368421052631579,0.81875,40
MR,32,153,7,8,0.925,0.8,0.95625,0.8205128205128205,0.878125,40
MS,27,148,12,13,0.875,0.675,0.925,0.6923076923076923,0.8,40
MVP,20,147,13,20,0.835,0.5,0.91875,0.6060606060606061,0.709375,40
PROMEDIO_MACRO,145,745,55,55,0.89,0.725,0.93125,0.7201642526719927,0.8281249999999998,200
