clase,TP,TN,FP,FN,Accuracy,Sensitivity,Specificity,Precision,Score,soporte
N,39,158,2,1,0.985,0.975,0.9875,0.9512195121951219,0.98125,40
AS,39,158,2,1,0.985,0.975,0.9875,0.9512195121951219,0.98125,40
MR,37,156,4,3,0.965,0.925,0.975,0.9024390243902439,0.95,40
MS,36,159,1,4,0.975,0.9,0.99375,0.972972972972973,0.946875,40
MVP,38,158,2,2,0.98,0.95,0.9875,0.95,0.96875,40
PROMEDIO_MACRO,189,789,11,11,0.9780000000000001,0.945,0.9862500000000001,0.9455702043506922,0.965625,200
