clase,TP,TN,FP,FN,Accuracy,Sensitivity,Specificity,Precision,Score,soporte
N,40,159,1,0,0.995,1.0,0.99375,0.975609756097561,0.996875,40
AS,40,158,2,0,0.99,1.0,0.9875,0.9523809523809523,0.99375,40
MR,35,160,0,5,0.975,0.875,1.0,1.0,0.9375,40
MS,40,158,2,0,0.99,1.0,0.9875,0.9523809523809523,0.99375,40
MVP,39,159,1,1,0.99,0.975,0.99375,0.975,0.984375,40
PROMEDIO_MACRO,194,794,6,6,0.9880000000000001,0.97,0.9925,0.9710743321718931,0.98125,200
