clase,TP,TN,FP,FN,Accuracy,Sensitivity,Specificity,Precision,Score,soporte
N,38,148,12,2,0.93,0.95,0.925,0.76,0.9375,40
AS,30,152,8,10,0.91,0.75,0.95,0.7894736842105263,0.85,40
MR,34,153,7,6,0.935,0.85,0.95625,0.8292682926829268,0.903125,40
MS,33,148,12,7,0.905,0.825,0.925,0.7333333333333333,0.875,40
MVP,19,153,7,21,0.86,0.475,0.95625,0.7307692307692307,0.715625,40
PROMEDIO_MACRO,154,754,46,46,0.9080000000000001,0.77,0.9424999999999999,0.7685689081992034,0.85625,200
