clase,TP,TN,FP,FN,Accuracy,Sensitivity,Specificity,Precision,Score,soporte
N,37,146,14,3,0.915,0.925,0.9125,0.7254901960784313,0.91875,40
AS,26,150,10,14,0.88,0.65,0.9375,0.7222222222222222,0.79375,40
MR,31,153,7,9,0.92,0.775,0.95625,0.8157894736842105,0.8656250000000001,40
MS,30,140,20,10,0.85,0.75,0.875,0.6,0.8125,40
MVP,20,155,5,20,0.875,0.5,0.96875,0.8,0.734375,40
PROMEDIO_MACRO,144,744,56,56,0.8879999999999999,0.72,0.93,0.7327003783969728,0.825,200
