clase,TP,TN,FP,FN,Accuracy,Sensitivity,Specificity,Precision,Score,soporte
N,38,157,3,2,0.975,0.95,0.98125,0.926829268292683,0.965625,40
AS,30,143,17,10,0.865,0.75,0.89375,0.6382978723404256,0.821875,40
MR,34,145,15,6,0.895,0.85,0.90625,0.6938775510204082,0.878125,40
MS,32,156,4,8,0.94,0.8,0.975,0.8888888888888888,0.8875,40
MVP,26,159,1,14,0.925,0.65,0.99375,0.9629629629629629,0.821875,40
PROMEDIO_MACRO,160,760,40,40,0.9199999999999999,0.7999999999999999,0.95,0.8221713087010738,0.8750000000000002,200
