clase,TP,TN,FP,FN,Accuracy,Sensitivity,Specificity,Precision,Score,soporte
N,32,155,5,8,0.935,0.8,0.96875,0.8648648648648649,0.884375,40
AS,32,155,5,8,0.935,0.8,0.96875,0.8648648648648649,0.884375,40
MR,31,140,20,9,0.855,0.775,0.875,0.6078431372549019,0.825,40
MS,33,158,2,7,0.955,0.825,0.9875,0.9428571428571428,0.90625,40
MVP,25,145,15,15,0.85,0.625,0.90625,0.625,0.765625,40
PROMEDIO_MACRO,153,753,47,47,0.906,0.765,0.9412499999999999,0.7810860019683549,0.853125,200
