clase,TP,TN,FP,FN,Accuracy,Sensitivity,Specificity,Precision,Score,soporte
N,37,158,2,3,0.975,0.925,0.9875,0.9487179487179487,0.95625,40
AS,37,154,6,3,0.955,0.925,0.9625,0.8604651162790697,0.9437500000000001,40
MR,36,152,8,4,0.94,0.9,0.95,0.8181818181818182,0.925,40
MS,32,151,9,8,0.915,0.8,0.94375,0.7804878048780488,0.871875,40
MVP,31,158,2,9,0.945,0.775,0.9875,0.9393939393939394,0.8812500000000001,40
PROMEDIO_MACRO,173,773,27,27,0.9460000000000001,0.865,0.9662500000000002,0.869449325490165,0.915625,200
