clase,TP,TN,FP,FN,Accuracy,Sensitivity,Specificity,Precision,Score,soporte
N,38,159,1,2,0.985,0.95,0.99375,0.9743589743589743,0.971875,40
AS,40,154,6,0,0.97,1.0,0.9625,0.8695652173913043,0.98125,40
MR,35,158,2,5,0.965,0.875,0.9875,0.9459459459459459,0.93125,40
MS,38,158,2,2,0.98,0.95,0.9875,0.95,0.96875,40
MVP,35,157,3,5,0.96,0.875,0.98125,0.9210526315789473,0.928125,40
PROMEDIO_MACRO,186,786,14,14,0.9719999999999999,0.93,0.9825000000000002,0.9321845538550345,0.95625,200
