clase,TP,TN,FP,FN,Accuracy,Sensitivity,Specificity,Precision,Score,soporte
N,37,153,7,3,0.95,0.925,0.95625,0.8409090909090909,0.940625,40
AS,39,151,9,1,0.95,0.975,0.94375,0.8125,0.959375,40
MR,32,152,8,8,0.92,0.8,0.95,0.8,0.875,40
MS,33,152,8,7,0.925,0.825,0.95,0.8048780487804879,0.8875,40
MVP,27,160,0,13,0.935,0.675,1.0,1.0,0.8375,40
PROMEDIO_MACRO,168,768,32,32,0.9359999999999999,0.8400000000000001,0.96,0.8516574279379157,0.9,200
