clase,TP,TN,FP,FN,Accuracy,Sensitivity,Specificity,Precision,Score,soporte
N,37,156,4,3,0.965,0.925,0.975,0.9024390243902439,0.95,40
AS,38,158,2,2,0.98,0.95,0.9875,0.95,0.96875,40
MR,35,159,1,5,0.97,0.875,0.99375,0.9722222222222222,0.934375,40
MS,37,153,7,3,0.95,0.925,0.95625,0.8409090909090909,0.940625,40
MVP,35,156,4,5,0.955,0.875,0.975,0.8974358974358975,0.925,40
PROMEDIO_MACRO,182,782,18,18,0.9640000000000001,0.9099999999999999,0.9774999999999998,0.912601246991491,0.94375,200
