distribucion,numero_capas,clasificador,representacion,fold,clase,TP,TN,FP,FN,Accuracy,Sensitivity,Specificity,Precision,Score,soporte
6-10-18-30,4,UjaNet,DeepONMF_H4,1,PROMEDIO_MACRO,181,781,19,19,0.9620000000000001,0.905,0.97625,0.9059053745897216,0.940625,200
6-10-18-30,4,UjaNet,DeepONMF_H4,2,PROMEDIO_MACRO,178,778,22,22,0.9559999999999998,0.89,0.9724999999999999,0.8955443945832963,0.93125,200
6-10-18-30,4,UjaNet,DeepONMF_H4,3,PROMEDIO_MACRO,181,781,19,19,0.962,0.905,0.9762500000000001,0.90609243697479,0.940625,200
6-10-18-30,4,UjaNet,DeepONMF_H4,4,PROMEDIO_MACRO,181,781,19,19,0.962,0.9049999999999999,0.97625,0.9131119183532261,0.940625,200
6-10-18-30,4,UjaNet,DeepONMF_H4,5,PROMEDIO_MACRO,189,789,11,11,0.978,0.945,0.9862500000000001,0.9468253968253968,0.965625,200
