clase,TP,TN,FP,FN,Accuracy,Sensitivity,Specificity,Precision,Score,soporte
N,36,156,4,4,0.96,0.9,0.975,0.9,0.9375,40
AS,37,157,3,3,0.97,0.925,0.98125,0.925,0.953125,40
MR,33,148,12,7,0.905,0.825,0.925,0.7333333333333333,0.875,40
MS,35,160,0,5,0.975,0.875,1.0,1.0,0.9375,40
MVP,30,150,10,10,0.9,0.75,0.9375,0.75,0.84375,40
PROMEDIO_MACRO,171,771,29,29,0.942,0.8550000000000001,0.9637499999999999,0.8616666666666667,0.909375,200
