clase,TP,TN,FP,FN,Accuracy,Sensitivity,Specificity,Precision,Score,soporte
N,35,157,3,5,0.96,0.875,0.98125,0.9210526315789473,0.928125,40
AS,35,155,5,5,0.95,0.875,0.96875,0.875,0.921875,40
MR,34,152,8,6,0.93,0.85,0.95,0.8095238095238095,0.8999999999999999,40
MS,39,159,1,1,0.99,0.975,0.99375,0.975,0.984375,40
MVP,33,153,7,7,0.93,0.825,0.95625,0.825,0.890625,40
PROMEDIO_MACRO,176,776,24,24,0.952,0.8800000000000001,0.97,0.8811152882205514,0.925,200
