clase,TP,TN,FP,FN,Accuracy,Sensitivity,Specificity,Precision,Score,soporte
N,37,157,3,3,0.97,0.925,0.98125,0.925,0.953125,40
AS,40,151,9,0,0.955,1.0,0.94375,0.8163265306122449,0.971875,40
MR,34,158,2,6,0.96,0.85,0.9875,0.9444444444444444,0.91875,40
MS,33,156,4,7,0.945,0.825,0.975,0.8918918918918919,0.8999999999999999,40
MVP,32,154,6,8,0.93,0.8,0.9625,0.8421052631578947,0.8812500000000001,40
PROMEDIO_MACRO,176,776,24,24,0.952,0.8799999999999999,0.97,0.8839536260212952,0.925,200
