clase,TP,TN,FP,FN,Accuracy,Sensitivity,Specificity,Precision,Score,soporte
N,37,158,2,3,0.975,0.925,0.9875,0.9487179487179487,0.95625,40
AS,37,151,9,3,0.94,0.925,0.94375,0.8043478260869565,0.934375,40
MR,35,152,8,5,0.935,0.875,0.95,0.813953488372093,0.9125,40
MS,33,157,3,7,0.95,0.825,0.98125,0.9166666666666666,0.903125,40
MVP,31,155,5,9,0.93,0.775,0.96875,0.8611111111111112,0.871875,40
PROMEDIO_MACRO,173,773,27,27,0.946,0.865,0.9662499999999999,0.8689594081909551,0.915625,200
