clase,TP,TN,FP,FN,Accuracy,Sensitivity,Specificity,Precision,Score,soporte
N,35,156,4,5,0.955,0.875,0.975,0.8974358974358975,0.925,40
AS,39,155,5,1,0.97,0.975,0.96875,0.8863636363636364,0.971875,40
MR,33,156,4,7,0.945,0.825,0.975,0.8918918918918919,0.8999999999999999,40
MS,37,158,2,3,0.975,0.925,0.9875,0.9487179487179487,0.95625,40
MVP,35,154,6,5,0.945,0.875,0.9625,0.8536585365853658,0.91875,40
PROMEDIO_MACRO,179,779,21,21,0.958,0.8949999999999999,0.9737500000000001,0.895613582198948,0.934375,200
