clase,TP,TN,FP,FN,Accuracy,Sensitivity,Specificity,Precision,Score,soporte
N,40,158,2,0,0.99,1.0,0.9875,0.9523809523809523,0.99375,40
AS,38,154,6,2,0.96,0.95,0.9625,0.8636363636363636,0.95625,40
MR,40,159,1,0,0.995,1.0,0.99375,0.975609756097561,0.996875,40
MS,39,158,2,1,0.985,0.975,0.9875,0.9512195121951219,0.98125,40
MVP,31,159,1,9,0.95,0.775,0.99375,0.96875,0.884375,40
PROMEDIO_MACRO,188,788,12,12,0.976,0.9400000000000001,0.9850000000000001,0.9423193168619998,0.9625000000000001,200
