clase,TP,TN,FP,FN,Accuracy,Sensitivity,Specificity,Precision,Score,soporte
N,35,153,7,5,0.94,0.875,0.95625,0.8333333333333334,0.915625,40
AS,38,148,12,2,0.93,0.95,0.925,0.76,0.9375,40
MR,32,157,3,8,0.945,0.8,0.98125,0.9142857142857143,0.890625,40
MS,29,152,8,11,0.905,0.725,0.95,0.7837837837837838,0.8374999999999999,40
MVP,29,153,7,11,0.91,0.725,0.95625,0.8055555555555556,0.840625,40
PROMEDIO_MACRO,163,763,37,37,0.9259999999999999,0.8150000000000001,0.95375,0.8193916773916774,0.884375,200
