clase,TP,TN,FP,FN,Accuracy,Sensitivity,Specificity,Precision,Score,soporte
N,37,147,13,3,0.92,0.925,0.91875,0.74,0.921875,40
AS,26,142,18,14,0.84,0.65,0.8875,0.5909090909090909,0.76875,40
MR,29,154,6,11,0.915,0.725,0.9625,0.8285714285714286,0.84375,40
MS,27,143,17,13,0.85,0.675,0.89375,0.6136363636363636,0.784375,40
MVP,20,153,7,20,0.865,0.5,0.95625,0.7407407407407407,0.728125,40
PROMEDIO_MACRO,139,739,61,61,0.8779999999999999,0.6950000000000001,0.9237499999999998,0.7027715247715248,0.809375,200
