clase,TP,TN,FP,FN,Accuracy,Sensitivity,Specificity,Precision,Score,soporte
N,31,154,6,9,0.925,0.775,0.9625,0.8378378378378378,0.86875,40
AS,34,155,5,6,0.945,0.85,0.96875,0.8717948717948718,0.909375,40
MR,34,142,18,6,0.88,0.85,0.8875,0.6538461538461539,0.8687499999999999,40
MS,33,157,3,7,0.95,0.825,0.98125,0.9166666666666666,0.903125,40
MVP,25,149,11,15,0.87,0.625,0.93125,0.6944444444444444,0.778125,40
PROMEDIO_MACRO,157,757,43,43,0.914,0.7849999999999999,0.94625,0.7949179949179948,0.865625,200
