epoca,loss_train,loss_val
1,1.660947322845459,1.6102921962738037
2,1.6179177165031433,1.608852744102478
