clase,TP,TN,FP,FN,Accuracy,Sensitivity,Specificity,Precision,Score,soporte
N,38,157,3,2,0.975,0.95,0.98125,0.926829268292683,0.965625,40
AS,38,153,7,2,0.955,0.95,0.95625,0.8444444444444444,0.953125,40
MR,34,154,6,6,0.94,0.85,0.9625,0.85,0.90625,40
MS,36,155,5,4,0.955,0.9,0.96875,0.8780487804878049,0.934375,40
MVP,30,157,3,10,0.935,0.75,0.98125,0.9090909090909091,0.865625,40
PROMEDIO_MACRO,176,776,24,24,0.952,0.8800000000000001,0.97,0.8816826804631683,0.925,200
