clase,TP,TN,FP,FN,Accuracy,Sensitivity,Specificity,Precision,Score,soporte
N,36,159,1,4,0.975,0.9,0.99375,0.972972972972973,0.946875,40
AS,30,158,2,10,0.94,0.75,0.9875,0.9375,0.86875,40
MR,40,138,22,0,0.89,1.0,0.8625,0.6451612903225806,0.93125,40
MS,36,157,3,4,0.965,0.9,0.98125,0.9230769230769231,0.940625,40
MVP,26,156,4,14,0.91,0.65,0.975,0.8666666666666667,0.8125,40
PROMEDIO_MACRO,168,768,32,32,0.9359999999999999,0.8400000000000001,0.96,0.8690755706078288,0.9,200
