clase,TP,TN,FP,FN,Accuracy,Sensitivity,Specificity,Precision,Score,soporte
N,39,157,3,1,0.98,0.975,0.98125,0.9285714285714286,0.9781249999999999,40
AS,38,154,6,2,0.96,0.95,0.9625,0.8636363636363636,0.95625,40
MR,31,155,5,9,0.93,0.775,0.96875,0.8611111111111112,0.871875,40
MS,36,153,7,4,0.945,0.9,0.95625,0.8372093023255814,0.9281250000000001,40
MVP,28,153,7,12,0.905,0.7,0.95625,0.8,0.828125,40
PROMEDIO_MACRO,172,772,28,28,0.944,0.86,0.9650000000000001,0.858105641128897,0.9125,200
