clase,TP,TN,FP,FN,Accuracy,Sensitivity,Specificity,Precision,Score,soporte
N,38,158,2,2,0.98,0.95,0.9875,0.95,0.96875,40
AS,40,150,10,0,0.95,1.0,0.9375,0.8,0.96875,40
MR,33,159,1,7,0.96,0.825,0.99375,0.9705882352941176,0.909375,40
MS,33,151,9,7,0.92,0.825,0.94375,0.7857142857142857,0.8843749999999999,40
MVP,33,159,1,7,0.96,0.825,0.99375,0.9705882352941176,0.909375,40
PROMEDIO_MACRO,177,777,23,23,0.954,0.885,0.9712500000000001,0.8953781512605042,0.928125,200
