clase,TP,TN,FP,FN,Accuracy,Sensitivity,Specificity,Precision,Score,soporte
N,38,144,16,2,0.91,0.95,0.9,0.7037037037037037,0.925,40
AS,28,156,4,12,0.92,0.7,0.975,0.875,0.8374999999999999,40
MR,31,155,5,9,0.93,0.775,0.96875,0.8611111111111112,0.871875,40
MS,30,149,11,10,0.895,0.75,0.93125,0.7317073170731707,0.840625,40
MVP,27,150,10,13,0.885,0.675,0.9375,0.7297297297297297,0.80625,40
PROMEDIO_MACRO,154,754,46,46,0.908,0.7699999999999999,0.9425000000000001,0.780250372323543,0.85625,200
