distribucion,numero_capas,clasificador,representacion,Accuracy_mean,Accuracy_std,Sensitivity_mean,Sensitivity_std,Specificity_mean,Specificity_std,Precision_mean,Precision_std,Score_mean,Score_std
16-8,2,KNN,DeepONMF_H2,0.9640000000000001,0.01557241150239746,0.9824999999999999,0.00927024810886961,0.89,0.060207972893961494,0.9729199270531137,0.01468520450598613,0.93625,0.031529995639073584
16-8,2,KNN,DeepONMF_W,0.8870000000000001,0.016046806535881215,0.8949999999999999,0.023133444404152183,0.8550000000000001,0.03259601202601321,0.9611977910297238,0.007821760096937313,0.875,0.014149039278339713
16-8,2,SVM,DeepONMF_H2,0.97,0.012247448713915893,0.97875,0.011353688827865586,0.9349999999999999,0.02236067977499786,0.9836624253584747,0.005619227288337158,0.9568749999999999,0.015213326805797593
16-8,2,SVM,DeepONMF_W,0.9099999999999999,0.014142135623730978,0.9075,0.011180339887498923,0.9199999999999999,0.02738612787525829,0.9784141626902892,0.007452901135705502,0.91375,0.018957188610128854
16-8,2,UjaNet,DeepONMF_H2,0.992,0.008366600265340755,0.9962500000000001,0.0055901699437494465,0.975,0.03535533905932737,0.9938271604938272,0.00872971334798207,0.985625,0.017897276329095414
16-8,2,UjaNet,DeepONMF_W,0.9789999999999999,0.010839741694339409,0.9862500000000001,0.008149003006503343,0.95,0.0395284707521047,0.9875526168494068,0.009744551048023112,0.968125,0.020658117351297998
