clase,TP,TN,FP,FN,Accuracy,Sensitivity,Specificity,Precision,Score,soporte
N,40,159,1,0,0.995,1.0,0.99375,0.975609756097561,0.996875,40
AS,40,158,2,0,0.99,1.0,0.9875,0.9523809523809523,0.99375,40
MR,38,159,1,2,0.985,0.95,0.99375,0.9743589743589743,0.971875,40
MS,38,159,1,2,0.985,0.95,0.99375,0.9743589743589743,0.971875,40
MVP,38,159,1,2,0.985,0.95,0.99375,0.9743589743589743,0.971875,40
PROMEDIO_MACRO,194,794,6,6,0.9879999999999999,0.9700000000000001,0.9925,0.9702135263110871,0.98125,200
