clase,TP,TN,FP,FN,Accuracy,Sensitivity,Specificity,Precision,Score,soporte
N,36,157,3,4,0.965,0.9,0.98125,0.9230769230769231,0.940625,40
AS,34,150,10,6,0.92,0.85,0.9375,0.7727272727272727,0.89375,40
MR,31,144,16,9,0.875,0.775,0.9,0.6595744680851063,0.8375,40
MS,35,158,2,5,0.965,0.875,0.9875,0.9459459459459459,0.93125,40
MVP,28,155,5,12,0.915,0.7,0.96875,0.8484848484848485,0.834375,40
PROMEDIO_MACRO,164,764,36,36,0.9279999999999999,0.82,0.9550000000000001,0.8299618916640193,0.8875,200
