clase,TP,TN,FP,FN,Accuracy,Sensitivity,Specificity,Precision,Score,soporte
N,38,159,1,2,0.985,0.95,0.99375,0.9743589743589743,0.971875,40
AS,40,159,1,0,0.995,1.0,0.99375,0.975609756097561,0.996875,40
MR,38,150,10,2,0.94,0.95,0.9375,0.7916666666666666,0.94375,40
MS,37,158,2,3,0.975,0.925,0.9875,0.9487179487179487,0.95625,40
MVP,29,156,4,11,0.925,0.725,0.975,0.8787878787878788,0.85,40
PROMEDIO_MACRO,182,782,18,18,0.9640000000000001,0.9099999999999999,0.9774999999999998,0.9138282449258058,0.94375,200
