clase,TP,TN,FP,FN,Accuracy,Sensitivity,Specificity,Precision,Score,soporte
N,40,156,4,0,0.98,1.0,0.975,0.9090909090909091,0.9875,40
AS,35,159,1,5,0.97,0.875,0.99375,0.9722222222222222,0.934375,40
MR,36,156,4,4,0.96,0.9,0.975,0.9,0.9375,40
MS,37,159,1,3,0.98,0.925,0.99375,0.9736842105263158,0.9593750000000001,40
MVP,37,155,5,3,0.96,0.925,0.96875,0.8809523809523809,0.946875,40
PROMEDIO_MACRO,185,785,15,15,0.97,0.925,0.98125,0.9271899445583657,0.953125,200
