clase,TP,TN,FP,FN,Accuracy,Sensitivity,Specificity,Precision,Score,soporte
N,39,158,2,1,0.985,0.975,0.9875,0.9512195121951219,0.98125,40
AS,39,159,1,1,0.99,0.975,0.99375,0.975,0.984375,40
MR,36,159,1,4,0.975,0.9,0.99375,0.972972972972973,0.946875,40
MS,40,156,4,0,0.98,1.0,0.975,0.9090909090909091,0.9875,40
MVP,37,159,1,3,0.98,0.925,0.99375,0.9736842105263158,0.9593750000000001,40
PROMEDIO_MACRO,191,791,9,9,0.982,0.9550000000000001,0.9887500000000001,0.9563935209570641,0.971875,200
