clase,TP,TN,FP,FN,Accuracy,Sensitivity,Specificity,Precision,Score,soporte
N,39,158,2,1,0.985,0.975,0.9875,0.9512195121951219,0.98125,40
AS,39,150,10,1,0.945,0.975,0.9375,0.7959183673469388,0.95625,40
MR,32,158,2,8,0.95,0.8,0.9875,0.9411764705882353,0.89375,40
MS,36,157,3,4,0.965,0.9,0.98125,0.9230769230769231,0.940625,40
MVP,33,156,4,7,0.945,0.825,0.975,0.8918918918918919,0.8999999999999999,40
PROMEDIO_MACRO,179,779,21,21,0.958,0.8949999999999999,0.9737499999999999,0.9006566330198222,0.934375,200
