clase,TP,TN,FP,FN,Accuracy,Sensitivity,Specificity,Precision,Score,soporte
N,30,159,1,10,0.945,0.75,0.99375,0.967741935483871,0.871875,40
AS,26,156,4,14,0.91,0.65,0.975,0.8666666666666667,0.8125,40
MR,38,123,37,2,0.805,0.95,0.76875,0.5066666666666667,0.859375,40
MS,29,157,3,11,0.93,0.725,0.98125,0.90625,0.8531249999999999,40
MVP,26,154,6,14,0.9,0.65,0.9625,0.8125,0.80625,40
PROMEDIO_MACRO,149,749,51,51,0.898,0.7449999999999999,0.93625,0.811965053763441,0.840625,200
