clase,TP,TN,FP,FN,Accuracy,Sensitivity,Specificity,Precision,Score,soporte
N,35,149,11,5,0.92,0.875,0.93125,0.7608695652173914,0.903125,40
AS,27,121,39,13,0.74,0.675,0.75625,0.4090909090909091,0.715625,40
MR,20,153,7,20,0.865,0.5,0.95625,0.7407407407407407,0.728125,40
MS,11,146,14,29,0.785,0.275,0.9125,0.44,0.59375,40
MVP,20,144,16,20,0.82,0.5,0.9,0.5555555555555556,0.7,40
PROMEDIO_MACRO,113,713,87,87,0.8260000000000002,0.565,0.89125,0.5812513541209194,0.728125,200
