clase,TP,TN,FP,FN,Accuracy,Sensitivity,Specificity,Precision,Score,soporte
N,37,153,7,3,0.95,0.925,0.95625,0.8409090909090909,0.940625,40
AS,39,147,13,1,0.93,0.975,0.91875,0.75,0.9468749999999999,40
MR,32,157,3,8,0.945,0.8,0.98125,0.9142857142857143,0.890625,40
MS,31,152,8,9,0.915,0.775,0.95,0.7948717948717948,0.8625,40
MVP,30,160,0,10,0.95,0.75,1.0,1.0,0.875,40
PROMEDIO_MACRO,169,769,31,31,0.938,0.845,0.96125,0.86001332001332,0.903125,200
