clase,TP,TN,FP,FN,Accuracy,Sensitivity,Specificity,Precision,Score,soporte
N,36,155,5,4,0.955,0.9,0.96875,0.8780487804878049,0.934375,40
AS,36,158,2,4,0.97,0.9,0.9875,0.9473684210526315,0.9437500000000001,40
MR,36,156,4,4,0.96,0.9,0.975,0.9,0.9375,40
MS,37,159,1,3,0.98,0.925,0.99375,0.9736842105263158,0.9593750000000001,40
MVP,37,154,6,3,0.955,0.925,0.9625,0.8604651162790697,0.9437500000000001,40
PROMEDIO_MACRO,182,782,18,18,0.9639999999999999,0.9099999999999999,0.9775,0.9119133056691645,0.94375,200
