clase,TP,TN,FP,FN,Accuracy,Sensitivity,Specificity,Precision,Score,soporte
N,37,150,10,3,0.935,0.925,0.9375,0.7872340425531915,0.93125,40
AS,33,146,14,7,0.895,0.825,0.9125,0.7021276595744681,0.8687499999999999,40
MR,28,156,4,12,0.92,0.7,0.975,0.875,0.8374999999999999,40
MS,30,143,17,10,0.865,0.75,0.89375,0.6382978723404256,0.821875,40
MVP,23,156,4,17,0.895,0.575,0.975,0.8518518518518519,0.7749999999999999,40
PROMEDIO_MACRO,151,751,49,49,0.9019999999999999,0.7550000000000001,0.93875,0.7709022852639874,0.846875,200
