clase,TP,TN,FP,FN,Accuracy,Sensitivity,Specificity,Precision,Score,soporte
N,37,158,2,3,0.975,0.925,0.9875,0.9487179487179487,0.95625,40
AS,38,152,8,2,0.95,0.95,0.95,0.8260869565217391,0.95,40
MR,32,158,2,8,0.95,0.8,0.9875,0.9411764705882353,0.89375,40
MS,31,150,10,9,0.905,0.775,0.9375,0.7560975609756098,0.85625,40
MVP,35,155,5,5,0.95,0.875,0.96875,0.875,0.921875,40
PROMEDIO_MACRO,173,773,27,27,0.9460000000000001,0.8649999999999999,0.9662499999999999,0.8694157873607065,0.915625,200
