clase,precision,sensibilidad_recall,f1,soporte
N,1.0,0.7235294117647059,0.8395904436860068,170
AS,0.4574468085106383,0.2529411764705882,0.32575757575757575,170
MR,0.6345177664974619,0.7352941176470589,0.6811989100817438,170
MS,0.49038461538461536,0.9,0.6348547717842323,170
MVP,0.6935483870967742,0.5058823529411764,0.5850340136054422,170
TOTAL,0.6551795154978979,0.6235294117647059,0.6132871429830002,850
