clase,distancia
N,0.27023585285371376
AS,0.6334569982080803
MR,0.5214029791260705
MS,0.20945944669873545
MVP,0.6045071737559182
