clase,TP,TN,FP,FN,Accuracy,Sensitivity,Specificity,Precision,Score,soporte
N,39,145,15,1,0.92,0.975,0.90625,0.7222222222222222,0.940625,40
AS,36,141,19,4,0.885,0.9,0.88125,0.6545454545454545,0.890625,40
MR,32,158,2,8,0.95,0.8,0.9875,0.9411764705882353,0.89375,40
MS,26,151,9,14,0.885,0.65,0.94375,0.7428571428571429,0.796875,40
MVP,20,158,2,20,0.89,0.5,0.9875,0.9090909090909091,0.74375,40
PROMEDIO_MACRO,153,753,47,47,0.9059999999999999,0.7649999999999999,0.9412500000000001,0.7939784398607929,0.853125,200
