clase,TP,TN,FP,FN,Accuracy,Sensitivity,Specificity,Precision,Score,soporte
N,37,146,14,3,0.915,0.925,0.9125,0.7254901960784313,0.91875,40
AS,26,140,20,14,0.83,0.65,0.875,0.5652173913043478,0.7625,40
MR,31,155,5,9,0.93,0.775,0.96875,0.8611111111111112,0.871875,40
MS,24,143,17,16,0.835,0.6,0.89375,0.5853658536585366,0.746875,40
MVP,20,154,6,20,0.87,0.5,0.9625,0.7692307692307693,0.73125,40
PROMEDIO_MACRO,138,738,62,62,0.876,0.6900000000000001,0.9225000000000001,0.7012830642766392,0.80625,200
