clase,TP,TN,FP,FN,Accuracy,Sensitivity,Specificity,Precision,Score,soporte
N,39,153,7,1,0.96,0.975,0.95625,0.8478260869565217,0.965625,40
AS,38,155,5,2,0.965,0.95,0.96875,0.8837209302325582,0.959375,40
MR,34,158,2,6,0.96,0.85,0.9875,0.9444444444444444,0.91875,40
MS,36,159,1,4,0.975,0.9,0.99375,0.972972972972973,0.946875,40
MVP,33,155,5,7,0.94,0.825,0.96875,0.868421052631579,0.896875,40
PROMEDIO_MACRO,180,780,20,20,0.96,0.9,0.975,0.9034770974476152,0.9375,200
