clase,TP,TN,FP,FN,Accuracy,Sensitivity,Specificity,Precision,Score,soporte
N,34,155,5,6,0.945,0.85,0.96875,0.8717948717948718,0.909375,40
AS,37,159,1,3,0.98,0.925,0.99375,0.9736842105263158,0.9593750000000001,40
MR,36,144,16,4,0.9,0.9,0.9,0.6923076923076923,0.9,40
MS,31,158,2,9,0.945,0.775,0.9875,0.9393939393939394,0.8812500000000001,40
MVP,28,150,10,12,0.89,0.7,0.9375,0.7368421052631579,0.81875,40
PROMEDIO_MACRO,166,766,34,34,0.9319999999999998,0.8299999999999998,0.9574999999999999,0.8428045638571954,0.89375,200
