clase,TP,TN,FP,FN,Accuracy,Sensitivity,Specificity,Precision,Score,soporte
N,39,157,3,1,0.98,0.975,0.98125,0.9285714285714286,0.9781249999999999,40
AS,38,156,4,2,0.97,0.95,0.975,0.9047619047619048,0.9624999999999999,40
MR,40,159,1,0,0.995,1.0,0.99375,0.975609756097561,0.996875,40
MS,38,158,2,2,0.98,0.95,0.9875,0.95,0.96875,40
MVP,34,159,1,6,0.965,0.85,0.99375,0.9714285714285714,0.921875,40
PROMEDIO_MACRO,189,789,11,11,0.978,0.945,0.9862500000000001,0.9460743321718932,0.965625,200
