clase,TP,TN,FP,FN,Accuracy,Sensitivity,Specificity,Precision,Score,soporte
N,36,155,5,4,0.955,0.9,0.96875,0.8780487804878049,0.934375,40
AS,40,157,3,0,0.985,1.0,0.98125,0.9302325581395349,0.990625,40
MR,34,154,6,6,0.94,0.85,0.9625,0.85,0.90625,40
MS,37,156,4,3,0.965,0.925,0.975,0.9024390243902439,0.95,40
MVP,30,155,5,10,0.925,0.75,0.96875,0.8571428571428571,0.859375,40
PROMEDIO_MACRO,177,777,23,23,0.954,0.885,0.9712500000000001,0.8835726440320881,0.928125,200
