clase,TP,TN,FP,FN,Accuracy,Sensitivity,Specificity,Precision,Score,soporte
N,34,156,4,6,0.95,0.85,0.975,0.8947368421052632,0.9125,40
AS,39,154,6,1,0.965,0.975,0.9625,0.8666666666666667,0.96875,40
MR,33,154,6,7,0.935,0.825,0.9625,0.8461538461538461,0.89375,40
MS,36,157,3,4,0.965,0.9,0.98125,0.9230769230769231,0.940625,40
MVP,34,155,5,6,0.945,0.85,0.96875,0.8717948717948718,0.909375,40
PROMEDIO_MACRO,176,776,24,24,0.952,0.8799999999999999,0.97,0.8804858299595143,0.925,200
