clase,TP,TN,FP,FN,Accuracy,Sensitivity,Specificity,Precision,Score,soporte
N,40,158,2,0,0.99,1.0,0.9875,0.9523809523809523,0.99375,40
AS,39,156,4,1,0.975,0.975,0.975,0.9069767441860465,0.975,40
MR,36,157,3,4,0.965,0.9,0.98125,0.9230769230769231,0.940625,40
MS,36,157,3,4,0.965,0.9,0.98125,0.9230769230769231,0.940625,40
MVP,34,157,3,6,0.955,0.85,0.98125,0.918918918918919,0.9156249999999999,40
PROMEDIO_MACRO,185,785,15,15,0.97,0.925,0.98125,0.9248860923279529,0.953125,200
