clase,TP,TN,FP,FN,Accuracy,Sensitivity,Specificity,Precision,Score,soporte
N,36,148,12,4,0.92,0.9,0.925,0.75,0.9125000000000001,40
AS,31,146,14,9,0.885,0.775,0.9125,0.6888888888888889,0.84375,40
MR,36,151,9,4,0.935,0.9,0.94375,0.8,0.921875,40
MS,30,150,10,10,0.9,0.75,0.9375,0.75,0.84375,40
MVP,20,158,2,20,0.89,0.5,0.9875,0.9090909090909091,0.74375,40
PROMEDIO_MACRO,153,753,47,47,0.906,0.765,0.9412499999999999,0.7795959595959596,0.853125,200
