clase,TP,TN,FP,FN,Accuracy,Sensitivity,Specificity,Precision,Score,soporte
N,31,159,1,9,0.95,0.775,0.99375,0.96875,0.884375,40
AS,29,153,7,11,0.91,0.725,0.95625,0.8055555555555556,0.840625,40
MR,40,129,31,0,0.845,1.0,0.80625,0.5633802816901409,0.903125,40
MS,26,158,2,14,0.92,0.65,0.9875,0.9285714285714286,0.8187500000000001,40
MVP,26,153,7,14,0.895,0.65,0.95625,0.7878787878787878,0.8031250000000001,40
PROMEDIO_MACRO,152,752,48,48,0.9039999999999999,0.76,0.9400000000000001,0.8108272107391826,0.85,200
