clase,TP,TN,FP,FN,Accuracy,Sensitivity,Specificity,Precision,Score,soporte
N,36,156,4,4,0.96,0.9,0.975,0.9,0.9375,40
AS,36,152,8,4,0.94,0.9,0.95,0.8181818181818182,0.925,40
MR,31,143,17,9,0.87,0.775,0.89375,0.6458333333333334,0.8343750000000001,40
MS,31,157,3,9,0.94,0.775,0.98125,0.9117647058823529,0.878125,40
MVP,26,152,8,14,0.89,0.65,0.95,0.7647058823529411,0.8,40
PROMEDIO_MACRO,160,760,40,40,0.9199999999999999,0.8,0.95,0.8080971479500892,0.875,200
