clase,TP,TN,FP,FN,Accuracy,Sensitivity,Specificity,Precision,Score,soporte
N,40,158,2,0,0.99,1.0,0.9875,0.9523809523809523,0.99375,40
AS,37,159,1,3,0.98,0.925,0.99375,0.9736842105263158,0.9593750000000001,40
MR,38,156,4,2,0.97,0.95,0.975,0.9047619047619048,0.9624999999999999,40
MS,37,159,1,3,0.98,0.925,0.99375,0.9736842105263158,0.9593750000000001,40
MVP,37,157,3,3,0.97,0.925,0.98125,0.925,0.953125,40
PROMEDIO_MACRO,189,789,11,11,0.978,0.945,0.9862500000000001,0.9459022556390977,0.965625,200
