clase,TP,TN,FP,FN,Accuracy,Sensitivity,Specificity,Precision,Score,soporte
N,38,145,15,2,0.915,0.95,0.90625,0.7169811320754716,0.928125,40
AS,30,149,11,10,0.895,0.75,0.93125,0.7317073170731707,0.840625,40
MR,29,154,6,11,0.915,0.725,0.9625,0.8285714285714286,0.84375,40
MS,33,145,15,7,0.89,0.825,0.90625,0.6875,0.865625,40
MVP,20,157,3,20,0.885,0.5,0.98125,0.8695652173913043,0.740625,40
PROMEDIO_MACRO,150,750,50,50,0.9,0.75,0.9375,0.7668650190222751,0.84375,200
