clase,TP,TN,FP,FN,Accuracy,Sensitivity,Specificity,Precision,Score,soporte
N,32,158,2,8,0.95,0.8,0.9875,0.9411764705882353,0.89375,40
AS,35,158,2,5,0.965,0.875,0.9875,0.9459459459459459,0.93125,40
MR,38,135,25,2,0.865,0.95,0.84375,0.6031746031746031,0.896875,40
MS,29,156,4,11,0.925,0.725,0.975,0.8787878787878788,0.85,40
MVP,26,153,7,14,0.895,0.65,0.95625,0.7878787878787878,0.8031250000000001,40
PROMEDIO_MACRO,160,760,40,40,0.9199999999999999,0.8,0.95,0.8313927372750902,0.875,200
