clase,TP,TN,FP,FN,Accuracy,Sensitivity,Specificity,Precision,Score,soporte
N,28,150,10,12,0.89,0.7,0.9375,0.7368421052631579,0.81875,40
AS,31,125,35,9,0.78,0.775,0.78125,0.4696969696969697,0.778125,40
MR,26,155,5,14,0.905,0.65,0.96875,0.8387096774193549,0.809375,40
MS,20,148,12,20,0.84,0.5,0.925,0.625,0.7125,40
MVP,18,145,15,22,0.815,0.45,0.90625,0.5454545454545454,0.678125,40
PROMEDIO_MACRO,123,723,77,77,0.8460000000000001,0.615,0.9037499999999999,0.6431406595668057,0.759375,200
