clase,TP,TN,FP,FN,Accuracy,Sensitivity,Specificity,Precision,Score,soporte
N,39,159,1,1,0.99,0.975,0.99375,0.975,0.984375,40
AS,38,157,3,2,0.975,0.95,0.98125,0.926829268292683,0.965625,40
MR,40,154,6,0,0.97,1.0,0.9625,0.8695652173913043,0.98125,40
MS,38,157,3,2,0.975,0.95,0.98125,0.926829268292683,0.965625,40
MVP,32,160,0,8,0.96,0.8,1.0,1.0,0.9,40
PROMEDIO_MACRO,187,787,13,13,0.9739999999999999,0.9349999999999999,0.98375,0.939644750795334,0.959375,200
