clase,TP,TN,FP,FN,Accuracy,Sensitivity,Specificity,Precision,Score,soporte
N,36,156,4,4,0.96,0.9,0.975,0.9,0.9375,40
AS,37,155,5,3,0.96,0.925,0.96875,0.8809523809523809,0.946875,40
MR,35,153,7,5,0.94,0.875,0.95625,0.8333333333333334,0.915625,40
MS,37,157,3,3,0.97,0.925,0.98125,0.925,0.953125,40
MVP,29,153,7,11,0.91,0.725,0.95625,0.8055555555555556,0.840625,40
PROMEDIO_MACRO,174,774,26,26,0.9480000000000001,0.8699999999999999,0.9675,0.868968253968254,0.91875,200
