clase,TP,TN,FP,FN,Accuracy,Sensitivity,Specificity,Precision,Score,soporte
N,39,159,1,1,0.99,0.975,0.99375,0.975,0.984375,40
AS,37,155,5,3,0.96,0.925,0.96875,0.8809523809523809,0.946875,40
MR,39,152,8,1,0.955,0.975,0.95,0.8297872340425532,0.9624999999999999,40
MS,35,157,3,5,0.96,0.875,0.98125,0.9210526315789473,0.928125,40
MVP,32,159,1,8,0.955,0.8,0.99375,0.9696969696969697,0.8968750000000001,40
PROMEDIO_MACRO,182,782,18,18,0.9639999999999999,0.9099999999999999,0.9775,0.9152978432541701,0.94375,200
