epoca,loss_train,loss_val
1,2.0034544467926025,1.649661660194397
2,1.9467185735702515,1.3903332948684692
