clase,TP,TN,FP,FN,Accuracy,Sensitivity,Specificity,Precision,Score,soporte
N,39,160,0,1,0.995,0.975,1.0,1.0,0.9875,40
AS,39,152,8,1,0.955,0.975,0.95,0.8297872340425532,0.9624999999999999,40
MR,33,157,3,7,0.95,0.825,0.98125,0.9166666666666666,0.903125,40
MS,37,157,3,3,0.97,0.925,0.98125,0.925,0.953125,40
MVP,34,156,4,6,0.95,0.85,0.975,0.8947368421052632,0.9125,40
PROMEDIO_MACRO,182,782,18,18,0.9640000000000001,0.9099999999999999,0.9774999999999998,0.9132381485628965,0.94375,200
