clase,TP,TN,FP,FN,Accuracy,Sensitivity,Specificity,Precision,Score,soporte
N,38,157,3,2,0.975,0.95,0.98125,0.926829268292683,0.965625,40
AS,38,152,8,2,0.95,0.95,0.95,0.8260869565217391,0.95,40
MR,31,157,3,9,0.94,0.775,0.98125,0.9117647058823529,0.878125,40
MS,36,151,9,4,0.935,0.9,0.94375,0.8,0.921875,40
MVP,31,157,3,9,0.94,0.775,0.98125,0.9117647058823529,0.878125,40
PROMEDIO_MACRO,174,774,26,26,0.9480000000000001,0.8699999999999999,0.9674999999999999,0.8752891273158256,0.91875,200
