clase,TP,TN,FP,FN,Accuracy,Sensitivity,Specificity,Precision,Score,soporte
N,40,160,0,0,1.0,1.0,1.0,1.0,1.0,40
AS,39,155,5,1,0.97,0.975,0.96875,0.8863636363636364,0.971875,40
MR,36,158,2,4,0.97,0.9,0.9875,0.9473684210526315,0.9437500000000001,40
MS,36,157,3,4,0.965,0.9,0.98125,0.9230769230769231,0.940625,40
MVP,35,156,4,5,0.955,0.875,0.975,0.8974358974358975,0.925,40
PROMEDIO_MACRO,186,786,14,14,0.9719999999999999,0.93,0.9824999999999999,0.9308489755858178,0.95625,200
