clase,TP,TN,FP,FN,Accuracy,Sensitivity,Specificity,Precision,Score,soporte
N,36,151,9,4,0.935,0.9,0.94375,0.8,0.921875,40
AS,35,147,13,5,0.91,0.875,0.91875,0.7291666666666666,0.896875,40
MR,32,153,7,8,0.925,0.8,0.95625,0.8205128205128205,0.878125,40
MS,29,151,9,11,0.9,0.725,0.94375,0.7631578947368421,0.834375,40
MVP,27,157,3,13,0.92,0.675,0.98125,0.9,0.828125,40
PROMEDIO_MACRO,159,759,41,41,0.9180000000000001,0.7950000000000002,0.9487499999999999,0.8025674763832658,0.871875,200
