clase,TP,TN,FP,FN,Accuracy,Sensitivity,Specificity,Precision,Score,soporte
N,37,155,5,3,0.96,0.925,0.96875,0.8809523809523809,0.946875,40
AS,39,157,3,1,0.98,0.975,0.98125,0.9285714285714286,0.9781249999999999,40
MR,36,153,7,4,0.945,0.9,0.95625,0.8372093023255814,0.9281250000000001,40
MS,36,159,1,4,0.975,0.9,0.99375,0.972972972972973,0.946875,40
MVP,30,154,6,10,0.92,0.75,0.9625,0.8333333333333334,0.85625,40
PROMEDIO_MACRO,178,778,22,22,0.9560000000000001,0.8899999999999999,0.9724999999999999,0.8906078836311394,0.93125,200
