clase,TP,TN,FP,FN,Accuracy,Sensitivity,Specificity,Precision,Score,soporte
N,37,156,4,3,0.965,0.925,0.975,0.9024390243902439,0.95,40
AS,37,157,3,3,0.97,0.925,0.98125,0.925,0.953125,40
MR,33,153,7,7,0.93,0.825,0.95625,0.825,0.890625,40
MS,36,154,6,4,0.95,0.9,0.9625,0.8571428571428571,0.93125,40
MVP,32,155,5,8,0.935,0.8,0.96875,0.8648648648648649,0.884375,40
PROMEDIO_MACRO,175,775,25,25,0.95,0.875,0.96875,0.8748893492795933,0.921875,200
