clase,TP,TN,FP,FN,Accuracy,Sensitivity,Specificity,Precision,Score,soporte
N,39,158,2,1,0.985,0.975,0.9875,0.9512195121951219,0.98125,40
AS,38,156,4,2,0.97,0.95,0.975,0.9047619047619048,0.9624999999999999,40
MR,35,157,3,5,0.96,0.875,0.98125,0.9210526315789473,0.928125,40
MS,37,156,4,3,0.965,0.925,0.975,0.9024390243902439,0.95,40
MVP,34,156,4,6,0.95,0.85,0.975,0.8947368421052632,0.9125,40
PROMEDIO_MACRO,183,783,17,17,0.966,0.9149999999999998,0.97875,0.9148419830062962,0.9468749999999998,200
