clase,TP,TN,FP,FN,Accuracy,Sensitivity,Specificity,Precision,Score,soporte
N,36,148,12,4,0.92,0.9,0.925,0.75,0.9125000000000001,40
AS,26,147,13,14,0.865,0.65,0.91875,0.6666666666666666,0.784375,40
MR,27,154,6,13,0.905,0.675,0.9625,0.8181818181818182,0.8187500000000001,40
MS,23,141,19,17,0.82,0.575,0.88125,0.5476190476190477,0.7281249999999999,40
MVP,21,143,17,19,0.82,0.525,0.89375,0.5526315789473685,0.7093750000000001,40
PROMEDIO_MACRO,133,733,67,67,0.866,0.6649999999999999,0.91625,0.6670198222829803,0.790625,200
