clase,TP,TN,FP,FN,Accuracy,Sensitivity,Specificity,Precision,Score,soporte
N,39,156,4,1,0.975,0.975,0.975,0.9069767441860465,0.975,40
AS,39,153,7,1,0.96,0.975,0.95625,0.8478260869565217,0.965625,40
MR,34,156,4,6,0.95,0.85,0.975,0.8947368421052632,0.9125,40
MS,38,153,7,2,0.955,0.95,0.95625,0.8444444444444444,0.953125,40
MVP,28,160,0,12,0.94,0.7,1.0,1.0,0.85,40
PROMEDIO_MACRO,178,778,22,22,0.9559999999999998,0.89,0.9724999999999999,0.8987968235384554,0.93125,200
