clase,TP,TN,FP,FN,Accuracy,Sensitivity,Specificity,Precision,Score,soporte
N,38,148,12,2,0.93,0.95,0.925,0.76,0.9375,40
AS,29,147,13,11,0.88,0.725,0.91875,0.6904761904761905,0.8218749999999999,40
MR,31,158,2,9,0.945,0.775,0.9875,0.9393939393939394,0.8812500000000001,40
MS,27,143,17,13,0.85,0.675,0.89375,0.6136363636363636,0.784375,40
MVP,24,153,7,16,0.885,0.6,0.95625,0.7741935483870968,0.778125,40
PROMEDIO_MACRO,149,749,51,51,0.898,0.745,0.9362499999999999,0.755540008378718,0.840625,200
