clase,TP,TN,FP,FN,Accuracy,Sensitivity,Specificity,Precision,Score,soporte
N,38,159,1,2,0.985,0.95,0.99375,0.9743589743589743,0.971875,40
AS,38,154,6,2,0.96,0.95,0.9625,0.8636363636363636,0.95625,40
MR,35,153,7,5,0.94,0.875,0.95625,0.8333333333333334,0.915625,40
MS,35,156,4,5,0.955,0.875,0.975,0.8974358974358975,0.925,40
MVP,31,155,5,9,0.93,0.775,0.96875,0.8611111111111112,0.871875,40
PROMEDIO_MACRO,177,777,23,23,0.954,0.885,0.9712500000000001,0.885975135975136,0.928125,200
