clase,TP,TN,FP,FN,Accuracy,Sensitivity,Specificity,Precision,Score,soporte
N,35,144,16,5,0.895,0.875,0.9,0.6862745098039216,0.8875,40
AS,22,143,17,18,0.825,0.55,0.89375,0.5641025641025641,0.721875,40
MR,26,151,9,14,0.885,0.65,0.94375,0.7428571428571429,0.796875,40
MS,28,145,15,12,0.865,0.7,0.90625,0.6511627906976745,0.803125,40
MVP,16,144,16,24,0.8,0.4,0.9,0.5,0.65,40
PROMEDIO_MACRO,127,727,73,73,0.8539999999999999,0.635,0.9087500000000001,0.6288794014922606,0.771875,200
