clase,TP,TN,FP,FN,Accuracy,Sensitivity,Specificity,Precision,Score,soporte
N,36,145,15,4,0.905,0.9,0.90625,0.7058823529411765,0.903125,40
AS,24,139,21,16,0.815,0.6,0.86875,0.5333333333333333,0.734375,40
MR,32,151,9,8,0.915,0.8,0.94375,0.7804878048780488,0.871875,40
MS,25,152,8,15,0.885,0.625,0.95,0.7575757575757576,0.7875,40
MVP,16,146,14,24,0.81,0.4,0.9125,0.5333333333333333,0.65625,40
PROMEDIO_MACRO,133,733,67,67,0.866,0.6649999999999999,0.91625,0.6621225164123299,0.790625,200
