clase,TP,TN,FP,FN,Accuracy,Sensitivity,Specificity,Precision,Score,soporte
N,39,157,3,1,0.98,0.975,0.98125,0.9285714285714286,0.9781249999999999,40
AS,37,154,6,3,0.955,0.925,0.9625,0.8604651162790697,0.9437500000000001,40
MR,39,158,2,1,0.985,0.975,0.9875,0.9512195121951219,0.98125,40
MS,38,159,1,2,0.985,0.95,0.99375,0.9743589743589743,0.971875,40
MVP,35,160,0,5,0.975,0.875,1.0,1.0,0.9375,40
PROMEDIO_MACRO,188,788,12,12,0.976,0.9400000000000001,0.9850000000000001,0.942923006280919,0.9625,200
