clase,TP,TN,FP,FN,Accuracy,Sensitivity,Specificity,Precision,Score,soporte
N,37,159,1,3,0.98,0.925,0.99375,0.9736842105263158,0.9593750000000001,40
AS,40,159,1,0,0.995,1.0,0.99375,0.975609756097561,0.996875,40
MR,36,159,1,4,0.975,0.9,0.99375,0.972972972972973,0.946875,40
MS,39,155,5,1,0.97,0.975,0.96875,0.8863636363636364,0.971875,40
MVP,37,157,3,3,0.97,0.925,0.98125,0.925,0.953125,40
PROMEDIO_MACRO,189,789,11,11,0.978,0.9450000000000001,0.9862500000000001,0.9467261151920973,0.965625,200
