clase,TP,TN,FP,FN,Accuracy,Sensitivity,Specificity,Precision,Score,soporte
N,39,159,1,1,0.99,0.975,0.99375,0.975,0.984375,40
AS,39,155,5,1,0.97,0.975,0.96875,0.8863636363636364,0.971875,40
MR,34,157,3,6,0.955,0.85,0.98125,0.918918918918919,0.9156249999999999,40
MS,38,157,3,2,0.975,0.95,0.98125,0.926829268292683,0.965625,40
MVP,35,157,3,5,0.96,0.875,0.98125,0.9210526315789473,0.928125,40
PROMEDIO_MACRO,185,785,15,15,0.97,0.925,0.98125,0.9256328910308371,0.953125,200
