clase,TP,TN,FP,FN,Accuracy,Sensitivity,Specificity,Precision,Score,soporte
N,35,136,24,5,0.855,0.875,0.85,0.5932203389830508,0.8625,40
AS,32,123,37,8,0.775,0.8,0.76875,0.463768115942029,0.784375,40
MR,18,154,6,22,0.86,0.45,0.9625,0.75,0.70625,40
MS,11,149,11,29,0.8,0.275,0.93125,0.5,0.603125,40
MVP,16,150,10,24,0.83,0.4,0.9375,0.6153846153846154,0.66875,40
PROMEDIO_MACRO,112,712,88,88,0.8240000000000001,0.5599999999999999,0.8899999999999999,0.584474614061939,0.725,200
