clase,TP,TN,FP,FN,Accuracy,Sensitivity,Specificity,Precision,Score,soporte
N,34,143,17,6,0.885,0.85,0.89375,0.6666666666666666,0.871875,40
AS,38,134,26,2,0.86,0.95,0.8375,0.59375,0.89375,40
MR,31,158,2,9,0.945,0.775,0.9875,0.9393939393939394,0.8812500000000001,40
MS,18,155,5,22,0.865,0.45,0.96875,0.782608695652174,0.709375,40
MVP,23,154,6,17,0.885,0.575,0.9625,0.7931034482758621,0.76875,40
PROMEDIO_MACRO,144,744,56,56,0.8879999999999999,0.72,0.93,0.7551045499977284,0.825,200
