clase,TP,TN,FP,FN,Accuracy,Sensitivity,Specificity,Precision,Score,soporte
N,38,154,6,2,0.96,0.95,0.9625,0.8636363636363636,0.95625,40
AS,38,153,7,2,0.955,0.95,0.95625,0.8444444444444444,0.953125,40
MR,34,156,4,6,0.95,0.85,0.975,0.8947368421052632,0.9125,40
MS,30,150,10,10,0.9,0.75,0.9375,0.75,0.84375,40
MVP,31,158,2,9,0.945,0.775,0.9875,0.9393939393939394,0.8812500000000001,40
PROMEDIO_MACRO,171,771,29,29,0.942,0.8550000000000001,0.9637500000000001,0.8584423179160021,0.909375,200
