epoca,loss_train,loss_val
1,1.6812450289726257,1.6103150844573975
2,1.7507792115211487,1.6099094152450562
