clase,TP,TN,FP,FN,Accuracy,Sensitivity,Specificity,Precision,Score,soporte
N,36,158,2,4,0.97,0.9,0.9875,0.9473684210526315,0.9437500000000001,40
AS,39,159,1,1,0.99,0.975,0.99375,0.975,0.984375,40
MR,38,154,6,2,0.96,0.95,0.9625,0.8636363636363636,0.95625,40
MS,37,160,0,3,0.985,0.925,1.0,1.0,0.9625,40
MVP,36,155,5,4,0.955,0.9,0.96875,0.8780487804878049,0.934375,40
PROMEDIO_MACRO,186,786,14,14,0.9719999999999999,0.93,0.9824999999999999,0.9328107130353601,0.95625,200
