clase,TP,TN,FP,FN,Accuracy,Sensitivity,Specificity,Precision,Score,soporte
N,35,156,4,5,0.955,0.875,0.975,0.8974358974358975,0.925,40
AS,38,154,6,2,0.96,0.95,0.9625,0.8636363636363636,0.95625,40
MR,32,154,6,8,0.93,0.8,0.9625,0.8421052631578947,0.8812500000000001,40
MS,36,158,2,4,0.97,0.9,0.9875,0.9473684210526315,0.9437500000000001,40
MVP,34,153,7,6,0.935,0.85,0.95625,0.8292682926829268,0.903125,40
PROMEDIO_MACRO,175,775,25,25,0.95,0.875,0.96875,0.8759628475931429,0.921875,200
