{
  "N": 0.1133793278504363,
  "AS": 0.19979635683185257,
  "MR": 0.19686900313279396,
  "MS": 0.14235280656829727,
  "MVP": 0.19178196819463372
}