clase,TP,TN,FP,FN,Accuracy,Sensitivity,Specificity,Precision,Score,soporte
N,33,156,4,7,0.945,0.825,0.975,0.8918918918918919,0.8999999999999999,40
AS,35,158,2,5,0.965,0.875,0.9875,0.9459459459459459,0.93125,40
MR,30,144,16,10,0.87,0.75,0.9,0.6521739130434783,0.825,40
MS,36,159,1,4,0.975,0.9,0.99375,0.972972972972973,0.946875,40
MVP,30,147,13,10,0.885,0.75,0.91875,0.6976744186046512,0.834375,40
PROMEDIO_MACRO,164,764,36,36,0.9279999999999999,0.82,0.9549999999999998,0.8321318284917881,0.8875,200
