clase,TP,TN,FP,FN,Accuracy,Sensitivity,Specificity,Precision,Score,soporte
N,39,159,1,1,0.99,0.975,0.99375,0.975,0.984375,40
AS,38,154,6,2,0.96,0.95,0.9625,0.8636363636363636,0.95625,40
MR,35,157,3,5,0.96,0.875,0.98125,0.9210526315789473,0.928125,40
MS,36,157,3,4,0.965,0.9,0.98125,0.9230769230769231,0.940625,40
MVP,35,156,4,5,0.955,0.875,0.975,0.8974358974358975,0.925,40
PROMEDIO_MACRO,183,783,17,17,0.966,0.9149999999999998,0.97875,0.9160403631456264,0.946875,200
