clase,TP,TN,FP,FN,Accuracy,Sensitivity,Specificity,Precision,Score,soporte
N,35,159,1,5,0.97,0.875,0.99375,0.9722222222222222,0.934375,40
AS,29,150,10,11,0.895,0.725,0.9375,0.7435897435897436,0.83125,40
MR,36,145,15,4,0.905,0.9,0.90625,0.7058823529411765,0.903125,40
MS,30,152,8,10,0.91,0.75,0.95,0.7894736842105263,0.85,40
MVP,29,153,7,11,0.91,0.725,0.95625,0.8055555555555556,0.840625,40
PROMEDIO_MACRO,159,759,41,41,0.9179999999999999,0.795,0.9487499999999999,0.8033447117038449,0.871875,200
