clase,TP,TN,FP,FN,Accuracy,Sensitivity,Specificity,Precision,Score,soporte
N,35,150,10,5,0.925,0.875,0.9375,0.7777777777777778,0.90625,40
AS,37,150,10,3,0.935,0.925,0.9375,0.7872340425531915,0.93125,40
MR,31,150,10,9,0.905,0.775,0.9375,0.7560975609756098,0.85625,40
MS,31,151,9,9,0.91,0.775,0.94375,0.775,0.859375,40
MVP,24,157,3,16,0.905,0.6,0.98125,0.8888888888888888,0.7906249999999999,40
PROMEDIO_MACRO,158,758,42,42,0.916,0.79,0.9475,0.7969996540390936,0.86875,200
