clase,TP,TN,FP,FN,Accuracy,Sensitivity,Specificity,Precision,Score,soporte
N,36,134,26,4,0.85,0.9,0.8375,0.5806451612903226,0.86875,40
AS,16,142,18,24,0.79,0.4,0.8875,0.47058823529411764,0.64375,40
MR,16,158,2,24,0.87,0.4,0.9875,0.8888888888888888,0.6937500000000001,40
MS,29,129,31,11,0.79,0.725,0.80625,0.48333333333333334,0.765625,40
MVP,10,144,16,30,0.77,0.25,0.9,0.38461538461538464,0.575,40
PROMEDIO_MACRO,107,707,93,93,0.8140000000000001,0.535,0.88375,0.5616142006844094,0.709375,200
