clase,TP,TN,FP,FN,Accuracy,Sensitivity,Specificity,Precision,Score,soporte
N,38,141,19,2,0.895,0.95,0.88125,0.6666666666666666,0.9156249999999999,40
AS,20,138,22,20,0.79,0.5,0.8625,0.47619047619047616,0.68125,40
MR,24,156,4,16,0.9,0.6,0.975,0.8571428571428571,0.7875,40
MS,20,139,21,20,0.795,0.5,0.86875,0.4878048780487805,0.684375,40
MVP,19,147,13,21,0.83,0.475,0.91875,0.59375,0.6968749999999999,40
PROMEDIO_MACRO,121,721,79,79,0.842,0.605,0.9012499999999999,0.6163109756097561,0.7531249999999999,200
