clase,TP,TN,FP,FN,Accuracy,Sensitivity,Specificity,Precision,Score,soporte
N,37,128,32,3,0.825,0.925,0.8,0.5362318840579711,0.8625,40
AS,19,140,20,21,0.795,0.475,0.875,0.48717948717948717,0.675,40
MR,22,152,8,18,0.87,0.55,0.95,0.7333333333333333,0.75,40
MS,19,146,14,21,0.825,0.475,0.9125,0.5757575757575758,0.69375,40
MVP,15,146,14,25,0.805,0.375,0.9125,0.5172413793103449,0.64375,40
PROMEDIO_MACRO,112,712,88,88,0.8240000000000001,0.5599999999999999,0.89,0.5699487319277423,0.725,200
