clase,TP,TN,FP,FN,Accuracy,Sensitivity,Specificity,Precision,Score,soporte
N,38,158,2,2,0.98,0.95,0.9875,0.95,0.96875,40
AS,40,159,1,0,0.995,1.0,0.99375,0.975609756097561,0.996875,40
MR,36,143,17,4,0.895,0.9,0.89375,0.6792452830188679,0.8968750000000001,40
MS,33,156,4,7,0.945,0.825,0.975,0.8918918918918919,0.8999999999999999,40
MVP,23,154,6,17,0.885,0.575,0.9625,0.7931034482758621,0.76875,40
PROMEDIO_MACRO,170,770,30,30,0.9400000000000001,0.85,0.9625,0.8579700758568366,0.90625,200
