clase,TP,TN,FP,FN,Accuracy,Sensitivity,Specificity,Precision,Score,soporte
N,38,159,1,2,0.985,0.95,0.99375,0.9743589743589743,0.971875,40
AS,37,157,3,3,0.97,0.925,0.98125,0.925,0.953125,40
MR,39,152,8,1,0.955,0.975,0.95,0.8297872340425532,0.9624999999999999,40
MS,38,157,3,2,0.975,0.95,0.98125,0.926829268292683,0.965625,40
MVP,32,159,1,8,0.955,0.8,0.99375,0.9696969696969697,0.8968750000000001,40
PROMEDIO_MACRO,184,784,16,16,0.968,0.9199999999999999,0.9800000000000001,0.9251344892782359,0.95,200
