clase,TP,TN,FP,FN,Accuracy,Sensitivity,Specificity,Precision,Score,soporte
N,35,159,1,5,0.97,0.875,0.99375,0.9722222222222222,0.934375,40
AS,33,156,4,7,0.945,0.825,0.975,0.8918918918918919,0.8999999999999999,40
MR,39,138,22,1,0.885,0.975,0.8625,0.639344262295082,0.91875,40
MS,31,157,3,9,0.94,0.775,0.98125,0.9117647058823529,0.878125,40
MVP,27,155,5,13,0.91,0.675,0.96875,0.84375,0.821875,40
PROMEDIO_MACRO,165,765,35,35,0.9299999999999999,0.825,0.95625,0.8517946164583098,0.890625,200
