clase,TP,TN,FP,FN,Accuracy,Sensitivity,Specificity,Precision,Score,soporte
N,39,158,2,1,0.985,0.975,0.9875,0.9512195121951219,0.98125,40
AS,38,154,6,2,0.96,0.95,0.9625,0.8636363636363636,0.95625,40
MR,35,154,6,5,0.945,0.875,0.9625,0.8536585365853658,0.91875,40
MS,35,156,4,5,0.955,0.875,0.975,0.8974358974358975,0.925,40
MVP,33,158,2,7,0.955,0.825,0.9875,0.9428571428571428,0.90625,40
PROMEDIO_MACRO,180,780,20,20,0.96,0.9,0.975,0.9017614905419784,0.9375,200
