clase,TP,TN,FP,FN,Accuracy,Sensitivity,Specificity,Precision,Score,soporte
N,37,145,15,3,0.91,0.925,0.90625,0.7115384615384616,0.915625,40
AS,38,125,35,2,0.815,0.95,0.78125,0.5205479452054794,0.865625,40
MR,30,155,5,10,0.925,0.75,0.96875,0.8571428571428571,0.859375,40
MS,11,157,3,29,0.84,0.275,0.98125,0.7857142857142857,0.628125,40
MVP,24,158,2,16,0.91,0.6,0.9875,0.9230769230769231,0.79375,40
PROMEDIO_MACRO,140,740,60,60,0.8800000000000001,0.7,0.925,0.7596040945356014,0.8125,200
