clase,TP,TN,FP,FN,Accuracy,Sensitivity,Specificity,Precision,Score,soporte
N,38,153,7,2,0.955,0.95,0.95625,0.8444444444444444,0.953125,40
AS,30,156,4,10,0.93,0.75,0.975,0.8823529411764706,0.8625,40
MR,33,159,1,7,0.96,0.825,0.99375,0.9705882352941176,0.909375,40
MS,38,144,16,2,0.91,0.95,0.9,0.7037037037037037,0.925,40
MVP,29,156,4,11,0.925,0.725,0.975,0.8787878787878788,0.85,40
PROMEDIO_MACRO,168,768,32,32,0.9359999999999999,0.8399999999999999,0.96,0.855975440681323,0.9,200
