clase,TP,TN,FP,FN,Accuracy,Sensitivity,Specificity,Precision,Score,soporte
N,35,159,1,5,0.97,0.875,0.99375,0.9722222222222222,0.934375,40
AS,40,158,2,0,0.99,1.0,0.9875,0.9523809523809523,0.99375,40
MR,38,140,20,2,0.89,0.95,0.875,0.6551724137931034,0.9125,40
MS,32,157,3,8,0.945,0.8,0.98125,0.9142857142857143,0.890625,40
MVP,23,154,6,17,0.885,0.575,0.9625,0.7931034482758621,0.76875,40
PROMEDIO_MACRO,168,768,32,32,0.9359999999999999,0.8400000000000001,0.9600000000000002,0.857432950191571,0.9,200
