clase,TP,TN,FP,FN,Accuracy,Sensitivity,Specificity,Precision,Score,soporte
N,34,158,2,6,0.96,0.85,0.9875,0.9444444444444444,0.91875,40
AS,38,155,5,2,0.965,0.95,0.96875,0.8837209302325582,0.959375,40
MR,36,144,16,4,0.9,0.9,0.9,0.6923076923076923,0.9,40
MS,35,158,2,5,0.965,0.875,0.9875,0.9459459459459459,0.93125,40
MVP,27,155,5,13,0.91,0.675,0.96875,0.84375,0.821875,40
PROMEDIO_MACRO,170,770,30,30,0.9399999999999998,0.85,0.9625,0.8620338025861283,0.90625,200
