clase,TP,TN,FP,FN,Accuracy,Sensitivity,Specificity,Precision,Score,soporte
N,38,153,7,2,0.955,0.95,0.95625,0.8444444444444444,0.953125,40
AS,18,145,15,22,0.815,0.45,0.90625,0.5454545454545454,0.678125,40
MR,30,151,9,10,0.905,0.75,0.94375,0.7692307692307693,0.846875,40
MS,27,149,11,13,0.88,0.675,0.93125,0.7105263157894737,0.8031250000000001,40
MVP,28,143,17,12,0.855,0.7,0.89375,0.6222222222222222,0.796875,40
PROMEDIO_MACRO,141,741,59,59,0.882,0.7050000000000001,0.9262499999999999,0.6983756594282909,0.815625,200
