clase,TP,TN,FP,FN,Accuracy,Sensitivity,Specificity,Precision,Score,soporte
N,37,147,13,3,0.92,0.925,0.91875,0.74,0.921875,40
AS,24,149,11,16,0.865,0.6,0.93125,0.6857142857142857,0.765625,40
MR,36,149,11,4,0.925,0.9,0.93125,0.7659574468085106,0.915625,40
MS,31,148,12,9,0.895,0.775,0.925,0.7209302325581395,0.8500000000000001,40
MVP,17,152,8,23,0.845,0.425,0.95,0.68,0.6875,40
PROMEDIO_MACRO,145,745,55,55,0.89,0.7249999999999999,0.93125,0.7185203930161872,0.828125,200
