clase,TP,TN,FP,FN,Accuracy,Sensitivity,Specificity,Precision,Score,soporte
N,37,148,12,3,0.925,0.925,0.925,0.7551020408163265,0.925,40
AS,30,151,9,10,0.905,0.75,0.94375,0.7692307692307693,0.846875,40
MR,29,156,4,11,0.925,0.725,0.975,0.8787878787878788,0.85,40
MS,31,141,19,9,0.86,0.775,0.88125,0.62,0.828125,40
MVP,22,153,7,18,0.875,0.55,0.95625,0.7586206896551724,0.753125,40
PROMEDIO_MACRO,149,749,51,51,0.898,0.7449999999999999,0.93625,0.7563482756980294,0.840625,200
