clase,TP,TN,FP,FN,Accuracy,Sensitivity,Specificity,Precision,Score,soporte
N,39,157,3,1,0.98,0.975,0.98125,0.9285714285714286,0.9781249999999999,40
AS,37,153,7,3,0.95,0.925,0.95625,0.8409090909090909,0.940625,40
MR,31,148,12,9,0.895,0.775,0.925,0.7209302325581395,0.8500000000000001,40
MS,36,156,4,4,0.96,0.9,0.975,0.9,0.9375,40
MVP,25,154,6,15,0.895,0.625,0.9625,0.8064516129032258,0.79375,40
PROMEDIO_MACRO,168,768,32,32,0.9359999999999999,0.8399999999999999,0.96,0.839372472988377,0.9,200
