clase,TP,TN,FP,FN,Accuracy,Sensitivity,Specificity,Precision,Score,soporte
N,39,155,5,1,0.97,0.975,0.96875,0.8863636363636364,0.971875,40
AS,37,157,3,3,0.97,0.925,0.98125,0.925,0.953125,40
MR,35,157,3,5,0.96,0.875,0.98125,0.9210526315789473,0.928125,40
MS,37,159,1,3,0.98,0.925,0.99375,0.9736842105263158,0.9593750000000001,40
MVP,36,156,4,4,0.96,0.9,0.975,0.9,0.9375,40
PROMEDIO_MACRO,184,784,16,16,0.968,0.9200000000000002,0.9799999999999999,0.9212200956937799,0.95,200
