clase,TP,TN,FP,FN,Accuracy,Sensitivity,Specificity,Precision,Score,soporte
N,32,158,2,8,0.95,0.8,0.9875,0.9411764705882353,0.89375,40
AS,32,147,13,8,0.895,0.8,0.91875,0.7111111111111111,0.859375,40
MR,29,129,31,11,0.79,0.725,0.80625,0.48333333333333334,0.765625,40
MS,18,159,1,22,0.885,0.45,0.99375,0.9473684210526315,0.721875,40
MVP,24,142,18,16,0.83,0.6,0.8875,0.5714285714285714,0.7437499999999999,40
PROMEDIO_MACRO,135,735,65,65,0.8699999999999999,0.675,0.91875,0.7308835815027764,0.7968749999999999,200
