clase,TP,TN,FP,FN,Accuracy,Sensitivity,Specificity,Precision,Score,soporte
N,39,158,2,1,0.985,0.975,0.9875,0.9512195121951219,0.98125,40
AS,39,153,7,1,0.96,0.975,0.95625,0.8478260869565217,0.965625,40
MR,33,155,5,7,0.94,0.825,0.96875,0.868421052631579,0.896875,40
MS,38,150,10,2,0.94,0.95,0.9375,0.7916666666666666,0.94375,40
MVP,27,160,0,13,0.935,0.675,1.0,1.0,0.8375,40
PROMEDIO_MACRO,176,776,24,24,0.952,0.8799999999999999,0.97,0.8918266636899779,0.925,200
