clase,TP,TN,FP,FN,Accuracy,Sensitivity,Specificity,Precision,Score,soporte
N,34,150,10,6,0.92,0.85,0.9375,0.7727272727272727,0.89375,40
AS,34,125,35,6,0.795,0.85,0.78125,0.4927536231884058,0.815625,40
MR,24,151,9,16,0.875,0.6,0.94375,0.7272727272727273,0.771875,40
MS,17,145,15,23,0.81,0.425,0.90625,0.53125,0.665625,40
MVP,16,154,6,24,0.85,0.4,0.9625,0.7272727272727273,0.68125,40
PROMEDIO_MACRO,125,725,75,75,0.85,0.6249999999999999,0.90625,0.6502552700922266,0.765625,200
