clase,TP,TN,FP,FN,Accuracy,Sensitivity,Specificity,Precision,Score,soporte
N,39,155,5,1,0.97,0.975,0.96875,0.8863636363636364,0.971875,40
AS,39,156,4,1,0.975,0.975,0.975,0.9069767441860465,0.975,40
MR,34,157,3,6,0.955,0.85,0.98125,0.918918918918919,0.9156249999999999,40
MS,36,160,0,4,0.98,0.9,1.0,1.0,0.95,40
MVP,36,156,4,4,0.96,0.9,0.975,0.9,0.9375,40
PROMEDIO_MACRO,184,784,16,16,0.968,0.9199999999999999,0.9799999999999999,0.9224518598937204,0.95,200
