clase,TP,TN,FP,FN,Accuracy,Sensitivity,Specificity,Precision,Score,soporte
N,34,159,1,6,0.965,0.85,0.99375,0.9714285714285714,0.921875,40
AS,34,154,6,6,0.94,0.85,0.9625,0.85,0.90625,40
MR,39,139,21,1,0.89,0.975,0.86875,0.65,0.921875,40
MS,30,158,2,10,0.94,0.75,0.9875,0.9375,0.86875,40
MVP,27,154,6,13,0.905,0.675,0.9625,0.8181818181818182,0.8187500000000001,40
PROMEDIO_MACRO,164,764,36,36,0.9279999999999999,0.82,0.9550000000000001,0.845422077922078,0.8875,200
