clase,TP,TN,FP,FN,Accuracy,Sensitivity,Specificity,Precision,Score,soporte
N,34,142,18,6,0.88,0.85,0.8875,0.6538461538461539,0.8687499999999999,40
AS,32,135,25,8,0.835,0.8,0.84375,0.5614035087719298,0.821875,40
MR,30,152,8,10,0.91,0.75,0.95,0.7894736842105263,0.85,40
MS,17,156,4,23,0.865,0.425,0.975,0.8095238095238095,0.7,40
MVP,26,154,6,14,0.9,0.65,0.9625,0.8125,0.80625,40
PROMEDIO_MACRO,139,739,61,61,0.8780000000000001,0.695,0.9237500000000001,0.7253494312704838,0.809375,200
