clase,TP,TN,FP,FN,Accuracy,Sensitivity,Specificity,Precision,Score,soporte
N,37,158,2,3,0.975,0.925,0.9875,0.9487179487179487,0.95625,40
AS,38,153,7,2,0.955,0.95,0.95625,0.8444444444444444,0.953125,40
MR,34,153,7,6,0.935,0.85,0.95625,0.8292682926829268,0.903125,40
MS,34,155,5,6,0.945,0.85,0.96875,0.8717948717948718,0.909375,40
MVP,32,156,4,8,0.94,0.8,0.975,0.8888888888888888,0.8875,40
PROMEDIO_MACRO,175,775,25,25,0.95,0.875,0.96875,0.8766228893058161,0.921875,200
