clase,TP,TN,FP,FN,Accuracy,Sensitivity,Specificity,Precision,Score,soporte
N,34,150,10,6,0.92,0.85,0.9375,0.7727272727272727,0.89375,40
AS,33,116,44,7,0.745,0.825,0.725,0.42857142857142855,0.7749999999999999,40
MR,31,150,10,9,0.905,0.775,0.9375,0.7560975609756098,0.85625,40
MS,7,153,7,33,0.8,0.175,0.95625,0.5,0.565625,40
MVP,19,155,5,21,0.87,0.475,0.96875,0.7916666666666666,0.721875,40
PROMEDIO_MACRO,124,724,76,76,0.8480000000000001,0.6199999999999999,0.905,0.6498125857881955,0.7625,200
