clase,TP,TN,FP,FN,Accuracy,Sensitivity,Specificity,Precision,Score,soporte
N,33,148,12,7,0.905,0.825,0.925,0.7333333333333333,0.875,40
AS,34,128,32,6,0.81,0.85,0.8,0.5151515151515151,0.825,40
MR,21,155,5,19,0.88,0.525,0.96875,0.8076923076923077,0.746875,40
MS,22,151,9,18,0.865,0.55,0.94375,0.7096774193548387,0.746875,40
MVP,23,151,9,17,0.87,0.575,0.94375,0.71875,0.7593749999999999,40
PROMEDIO_MACRO,133,733,67,67,0.866,0.665,0.91625,0.6969209151063991,0.7906249999999999,200
