clase,TP,TN,FP,FN,Accuracy,Sensitivity,Specificity,Precision,Score,soporte
N,40,159,1,0,0.995,1.0,0.99375,0.975609756097561,0.996875,40
AS,37,159,1,3,0.98,0.925,0.99375,0.9736842105263158,0.9593750000000001,40
MR,38,159,1,2,0.985,0.95,0.99375,0.9743589743589743,0.971875,40
MS,37,159,1,3,0.98,0.925,0.99375,0.9736842105263158,0.9593750000000001,40
MVP,39,155,5,1,0.97,0.975,0.96875,0.8863636363636364,0.971875,40
PROMEDIO_MACRO,191,791,9,9,0.982,0.9549999999999998,0.9887499999999999,0.9567401575745608,0.971875,200
