distribucion,numero_capas,clasificador,representacion,fold,clase,TP,TN,FP,FN,Accuracy,Sensitivity,Specificity,Precision,Score,soporte
30-17-10,3,UjaNet,DeepONMF_H3,1,PROMEDIO_MACRO,194,794,6,6,0.9879999999999999,0.97,0.9924999999999999,0.9707200929152149,0.98125,200
30-17-10,3,UjaNet,DeepONMF_H3,2,PROMEDIO_MACRO,181,781,19,19,0.962,0.9049999999999999,0.97625,0.9058774558774558,0.940625,200
30-17-10,3,UjaNet,DeepONMF_H3,3,PROMEDIO_MACRO,184,784,16,16,0.968,0.9200000000000002,0.9800000000000001,0.9195786126018686,0.95,200
30-17-10,3,UjaNet,DeepONMF_H3,4,PROMEDIO_MACRO,192,792,8,8,0.984,0.96,0.99,0.9619208775819816,0.975,200
30-17-10,3,UjaNet,DeepONMF_H3,5,PROMEDIO_MACRO,191,791,9,9,0.982,0.9549999999999998,0.9887499999999999,0.9553924844398619,0.971875,200
