clase,TP,TN,FP,FN,Accuracy,Sensitivity,Specificity,Precision,Score,soporte
N,37,140,20,3,0.885,0.925,0.875,0.6491228070175439,0.9,40
AS,28,149,11,12,0.885,0.7,0.93125,0.717948717948718,0.815625,40
MR,26,152,8,14,0.89,0.65,0.95,0.7647058823529411,0.8,40
MS,27,145,15,13,0.86,0.675,0.90625,0.6428571428571429,0.790625,40
MVP,22,154,6,18,0.88,0.55,0.9625,0.7857142857142857,0.7562500000000001,40
PROMEDIO_MACRO,140,740,60,60,0.8800000000000001,0.7,0.925,0.7120697671781262,0.8125,200
