clase,TP,TN,FP,FN,Accuracy,Sensitivity,Specificity,Precision,Score,soporte
N,37,159,1,3,0.98,0.925,0.99375,0.9736842105263158,0.9593750000000001,40
AS,37,156,4,3,0.965,0.925,0.975,0.9024390243902439,0.95,40
MR,33,154,6,7,0.935,0.825,0.9625,0.8461538461538461,0.89375,40
MS,37,149,11,3,0.93,0.925,0.93125,0.7708333333333334,0.9281250000000001,40
MVP,30,156,4,10,0.93,0.75,0.975,0.8823529411764706,0.8625,40
PROMEDIO_MACRO,174,774,26,26,0.9480000000000001,0.8699999999999999,0.9674999999999999,0.875092671116042,0.91875,200
