clase,TP,TN,FP,FN,Accuracy,Sensitivity,Specificity,Precision,Score,soporte
N,38,146,14,2,0.92,0.95,0.9125,0.7307692307692307,0.9312499999999999,40
AS,27,153,7,13,0.9,0.675,0.95625,0.7941176470588235,0.815625,40
MR,31,152,8,9,0.915,0.775,0.95,0.7948717948717948,0.8625,40
MS,33,146,14,7,0.895,0.825,0.9125,0.7021276595744681,0.8687499999999999,40
MVP,20,152,8,20,0.86,0.5,0.95,0.7142857142857143,0.725,40
PROMEDIO_MACRO,149,749,51,51,0.898,0.7449999999999999,0.9362499999999999,0.7472344093120062,0.840625,200
