clase,TP,TN,FP,FN,Accuracy,Sensitivity,Specificity,Precision,Score,soporte
N,38,159,1,2,0.985,0.95,0.99375,0.9743589743589743,0.971875,40
AS,37,157,3,3,0.97,0.925,0.98125,0.925,0.953125,40
MR,39,152,8,1,0.955,0.975,0.95,0.8297872340425532,0.9624999999999999,40
MS,36,155,5,4,0.955,0.9,0.96875,0.8780487804878049,0.934375,40
MVP,33,160,0,7,0.965,0.825,1.0,1.0,0.9125,40
PROMEDIO_MACRO,183,783,17,17,0.966,0.915,0.97875,0.9214389977778664,0.946875,200
