clase,TP,TN,FP,FN,Accuracy,Sensitivity,Specificity,Precision,Score,soporte
N,39,143,17,1,0.91,0.975,0.89375,0.6964285714285714,0.934375,40
AS,20,133,27,20,0.765,0.5,0.83125,0.425531914893617,0.665625,40
MR,21,155,5,19,0.88,0.525,0.96875,0.8076923076923077,0.746875,40
MS,21,140,20,19,0.805,0.525,0.875,0.5121951219512195,0.7,40
MVP,20,150,10,20,0.85,0.5,0.9375,0.6666666666666666,0.71875,40
PROMEDIO_MACRO,121,721,79,79,0.842,0.605,0.9012499999999999,0.6217029165264765,0.753125,200
