clase,TP,TN,FP,FN,Accuracy,Sensitivity,Specificity,Precision,Score,soporte
N,37,158,2,3,0.975,0.925,0.9875,0.9487179487179487,0.95625,40
AS,40,159,1,0,0.995,1.0,0.99375,0.975609756097561,0.996875,40
MR,39,154,6,1,0.965,0.975,0.9625,0.8666666666666667,0.96875,40
MS,35,160,0,5,0.975,0.875,1.0,1.0,0.9375,40
MVP,34,154,6,6,0.94,0.85,0.9625,0.85,0.90625,40
PROMEDIO_MACRO,185,785,15,15,0.97,0.925,0.98125,0.9281988742964351,0.953125,200
