clase,TP,TN,FP,FN,Accuracy,Sensitivity,Specificity,Precision,Score,soporte
N,37,139,21,3,0.88,0.925,0.86875,0.6379310344827587,0.8968750000000001,40
AS,30,117,43,10,0.735,0.75,0.73125,0.410958904109589,0.740625,40
MR,17,156,4,23,0.865,0.425,0.975,0.8095238095238095,0.7,40
MS,15,145,15,25,0.8,0.375,0.90625,0.5,0.640625,40
MVP,10,152,8,30,0.81,0.25,0.95,0.5555555555555556,0.6,40
PROMEDIO_MACRO,109,709,91,91,0.818,0.545,0.8862500000000001,0.5827938607343425,0.7156250000000001,200
