clase,TP,TN,FP,FN,Accuracy,Sensitivity,Specificity,Precision,Score,soporte
N,36,157,3,4,0.965,0.9,0.98125,0.9230769230769231,0.940625,40
AS,39,154,6,1,0.965,0.975,0.9625,0.8666666666666667,0.96875,40
MR,34,156,4,6,0.95,0.85,0.975,0.8947368421052632,0.9125,40
MS,36,157,3,4,0.965,0.9,0.98125,0.9230769230769231,0.940625,40
MVP,33,154,6,7,0.935,0.825,0.9625,0.8461538461538461,0.89375,40
PROMEDIO_MACRO,178,778,22,22,0.9559999999999998,0.89,0.9725000000000001,0.8907422402159243,0.93125,200
