clase,TP,TN,FP,FN,Accuracy,Sensitivity,Specificity,Precision,Score,soporte
N,36,157,3,4,0.965,0.9,0.98125,0.9230769230769231,0.940625,40
AS,34,151,9,6,0.925,0.85,0.94375,0.7906976744186046,0.896875,40
MR,31,145,15,9,0.88,0.775,0.90625,0.6739130434782609,0.840625,40
MS,32,155,5,8,0.935,0.8,0.96875,0.8648648648648649,0.884375,40
MVP,30,155,5,10,0.925,0.75,0.96875,0.8571428571428571,0.859375,40
PROMEDIO_MACRO,163,763,37,37,0.9259999999999999,0.8150000000000001,0.95375,0.8219390725963021,0.884375,200
