clase,TP,TN,FP,FN,Accuracy,Sensitivity,Specificity,Precision,Score,soporte
N,39,146,14,1,0.925,0.975,0.9125,0.7358490566037735,0.94375,40
AS,34,147,13,6,0.905,0.85,0.91875,0.723404255319149,0.8843749999999999,40
MR,30,156,4,10,0.93,0.75,0.975,0.8823529411764706,0.8625,40
MS,29,148,12,11,0.885,0.725,0.925,0.7073170731707317,0.825,40
MVP,21,156,4,19,0.885,0.525,0.975,0.84,0.75,40
PROMEDIO_MACRO,153,753,47,47,0.906,0.765,0.9412499999999999,0.777784665254025,0.853125,200
