clase,TP,TN,FP,FN,Accuracy,Sensitivity,Specificity,Precision,Score,soporte
N,36,144,16,4,0.9,0.9,0.9,0.6923076923076923,0.9,40
AS,21,141,19,19,0.81,0.525,0.88125,0.525,0.703125,40
MR,30,151,9,10,0.905,0.75,0.94375,0.7692307692307693,0.846875,40
MS,22,144,16,18,0.83,0.55,0.9,0.5789473684210527,0.7250000000000001,40
MVP,20,149,11,20,0.845,0.5,0.93125,0.6451612903225806,0.715625,40
PROMEDIO_MACRO,129,729,71,71,0.858,0.6449999999999999,0.9112500000000001,0.6421294240564189,0.778125,200
