clase,TP,TN,FP,FN,Accuracy,Sensitivity,Specificity,Precision,Score,soporte
N,39,160,0,1,0.995,0.975,1.0,1.0,0.9875,40
AS,39,157,3,1,0.98,0.975,0.98125,0.9285714285714286,0.9781249999999999,40
MR,36,157,3,4,0.965,0.9,0.98125,0.9230769230769231,0.940625,40
MS,35,157,3,5,0.96,0.875,0.98125,0.9210526315789473,0.928125,40
MVP,37,155,5,3,0.96,0.925,0.96875,0.8809523809523809,0.946875,40
PROMEDIO_MACRO,186,786,14,14,0.9719999999999999,0.93,0.9824999999999999,0.9307306728359361,0.95625,200
