clase,TP,TN,FP,FN,Accuracy,Sensitivity,Specificity,Precision,Score,soporte
N,34,141,19,6,0.875,0.85,0.88125,0.6415094339622641,0.865625,40
AS,32,136,24,8,0.84,0.8,0.85,0.5714285714285714,0.825,40
MR,28,157,3,12,0.925,0.7,0.98125,0.9032258064516129,0.840625,40
MS,19,146,14,21,0.825,0.475,0.9125,0.5757575757575758,0.69375,40
MVP,16,149,11,24,0.825,0.4,0.93125,0.5925925925925926,0.665625,40
PROMEDIO_MACRO,129,729,71,71,0.858,0.6449999999999999,0.9112500000000001,0.6569027960385234,0.778125,200
