epoca,loss_train,loss_val
1,1.654791235923767,1.6135613918304443
2,1.6057825684547424,1.6112934350967407
