clase,TP,TN,FP,FN,Accuracy,Sensitivity,Specificity,Precision,Score,soporte
N,39,144,16,1,0.915,0.975,0.9,0.7090909090909091,0.9375,40
AS,32,149,11,8,0.905,0.8,0.93125,0.7441860465116279,0.8656250000000001,40
MR,34,158,2,6,0.96,0.85,0.9875,0.9444444444444444,0.91875,40
MS,29,144,16,11,0.865,0.725,0.9,0.6444444444444445,0.8125,40
MVP,20,159,1,20,0.895,0.5,0.99375,0.9523809523809523,0.746875,40
PROMEDIO_MACRO,154,754,46,46,0.9080000000000001,0.77,0.9425000000000001,0.7989093593744755,0.85625,200
