clase,TP,TN,FP,FN,Accuracy,Sensitivity,Specificity,Precision,Score,soporte
N,39,159,1,1,0.99,0.975,0.99375,0.975,0.984375,40
AS,37,159,1,3,0.98,0.925,0.99375,0.9736842105263158,0.9593750000000001,40
MR,40,153,7,0,0.965,1.0,0.95625,0.851063829787234,0.978125,40
MS,38,158,2,2,0.98,0.95,0.9875,0.95,0.96875,40
MVP,34,159,1,6,0.965,0.85,0.99375,0.9714285714285714,0.921875,40
PROMEDIO_MACRO,188,788,12,12,0.976,0.9399999999999998,0.9850000000000001,0.9442353223484243,0.9625,200
