clase,TP,TN,FP,FN,Accuracy,Sensitivity,Specificity,Precision,Score,soporte
N,39,158,2,1,0.985,0.975,0.9875,0.9512195121951219,0.98125,40
AS,38,154,6,2,0.96,0.95,0.9625,0.8636363636363636,0.95625,40
MR,35,158,2,5,0.965,0.875,0.9875,0.9459459459459459,0.93125,40
MS,34,157,3,6,0.955,0.85,0.98125,0.918918918918919,0.9156249999999999,40
MVP,36,155,5,4,0.955,0.9,0.96875,0.8780487804878049,0.934375,40
PROMEDIO_MACRO,182,782,18,18,0.9639999999999999,0.9099999999999999,0.9775,0.9115539042368311,0.94375,200
