clase,TP,TN,FP,FN,Accuracy,Sensitivity,Specificity,Precision,Score,soporte
N,38,147,13,2,0.925,0.95,0.91875,0.7450980392156863,0.934375,40
AS,28,148,12,12,0.88,0.7,0.925,0.7,0.8125,40
MR,27,155,5,13,0.91,0.675,0.96875,0.84375,0.821875,40
MS,37,147,13,3,0.92,0.925,0.91875,0.74,0.921875,40
MVP,21,154,6,19,0.875,0.525,0.9625,0.7777777777777778,0.74375,40
PROMEDIO_MACRO,151,751,49,49,0.9019999999999999,0.755,0.9387500000000001,0.7613251633986928,0.846875,200
