clase,TP,TN,FP,FN,Accuracy,Sensitivity,Specificity,Precision,Score,soporte
N,36,157,3,4,0.965,0.9,0.98125,0.9230769230769231,0.940625,40
AS,38,153,7,2,0.955,0.95,0.95625,0.8444444444444444,0.953125,40
MR,35,156,4,5,0.955,0.875,0.975,0.8974358974358975,0.925,40
MS,33,151,9,7,0.92,0.825,0.94375,0.7857142857142857,0.8843749999999999,40
MVP,31,156,4,9,0.935,0.775,0.975,0.8857142857142857,0.875,40
PROMEDIO_MACRO,173,773,27,27,0.9460000000000001,0.865,0.9662499999999999,0.8672771672771672,0.915625,200
