clase,TP,TN,FP,FN,Accuracy,Sensitivity,Specificity,Precision,Score,soporte
N,39,157,3,1,0.98,0.975,0.98125,0.9285714285714286,0.9781249999999999,40
AS,40,160,0,0,1.0,1.0,1.0,1.0,1.0,40
MR,39,159,1,1,0.99,0.975,0.99375,0.975,0.984375,40
MS,40,159,1,0,0.995,1.0,0.99375,0.975609756097561,0.996875,40
MVP,36,159,1,4,0.975,0.9,0.99375,0.972972972972973,0.946875,40
PROMEDIO_MACRO,194,794,6,6,0.9879999999999999,0.9700000000000001,0.9925,0.9704308315283925,0.98125,200
