clase,TP,TN,FP,FN,Accuracy,Sensitivity,Specificity,Precision,Score,soporte
N,38,155,5,2,0.965,0.95,0.96875,0.8837209302325582,0.959375,40
AS,40,151,9,0,0.955,1.0,0.94375,0.8163265306122449,0.971875,40
MR,33,153,7,7,0.93,0.825,0.95625,0.825,0.890625,40
MS,36,152,8,4,0.94,0.9,0.95,0.8181818181818182,0.925,40
MVP,23,159,1,17,0.91,0.575,0.99375,0.9583333333333334,0.784375,40
PROMEDIO_MACRO,170,770,30,30,0.9400000000000001,0.85,0.9625000000000001,0.8603125224719909,0.90625,200
