clase,TP,TN,FP,FN,Accuracy,Sensitivity,Specificity,Precision,Score,soporte
N,39,157,3,1,0.98,0.975,0.98125,0.9285714285714286,0.9781249999999999,40
AS,38,154,6,2,0.96,0.95,0.9625,0.8636363636363636,0.95625,40
MR,35,154,6,5,0.945,0.875,0.9625,0.8536585365853658,0.91875,40
MS,35,156,4,5,0.955,0.875,0.975,0.8974358974358975,0.925,40
MVP,31,157,3,9,0.94,0.775,0.98125,0.9117647058823529,0.878125,40
PROMEDIO_MACRO,178,778,22,22,0.9559999999999998,0.89,0.9724999999999999,0.8910133864222816,0.93125,200
