clase,TP,TN,FP,FN,Accuracy,Sensitivity,Specificity,Precision,Score,soporte
N,37,154,6,3,0.955,0.925,0.9625,0.8604651162790697,0.9437500000000001,40
AS,40,147,13,0,0.935,1.0,0.91875,0.7547169811320755,0.959375,40
MR,32,154,6,8,0.93,0.8,0.9625,0.8421052631578947,0.8812500000000001,40
MS,31,154,6,9,0.925,0.775,0.9625,0.8378378378378378,0.86875,40
MVP,29,160,0,11,0.945,0.725,1.0,1.0,0.8625,40
PROMEDIO_MACRO,169,769,31,31,0.9380000000000001,0.845,0.96125,0.8590250396813754,0.903125,200
