clase,TP,TN,FP,FN,Accuracy,Sensitivity,Specificity,Precision,Score,soporte
N,38,159,1,2,0.985,0.95,0.99375,0.9743589743589743,0.971875,40
AS,38,158,2,2,0.98,0.95,0.9875,0.95,0.96875,40
MR,39,152,8,1,0.955,0.975,0.95,0.8297872340425532,0.9624999999999999,40
MS,38,158,2,2,0.98,0.95,0.9875,0.95,0.96875,40
MVP,32,158,2,8,0.95,0.8,0.9875,0.9411764705882353,0.89375,40
PROMEDIO_MACRO,185,785,15,15,0.97,0.925,0.98125,0.9290645357979527,0.953125,200
