clase,TP,TN,FP,FN,Accuracy,Sensitivity,Specificity,Precision,Score,soporte
N,40,159,1,0,0.995,1.0,0.99375,0.975609756097561,0.996875,40
AS,39,158,2,1,0.985,0.975,0.9875,0.9512195121951219,0.98125,40
MR,38,159,1,2,0.985,0.95,0.99375,0.9743589743589743,0.971875,40
MS,36,157,3,4,0.965,0.9,0.98125,0.9230769230769231,0.940625,40
MVP,35,155,5,5,0.95,0.875,0.96875,0.875,0.921875,40
PROMEDIO_MACRO,188,788,12,12,0.976,0.9399999999999998,0.985,0.9398530331457161,0.9625,200
