clase,TP,TN,FP,FN,Accuracy,Sensitivity,Specificity,Precision,Score,soporte
N,37,158,2,3,0.975,0.925,0.9875,0.9487179487179487,0.95625,40
AS,38,158,2,2,0.98,0.95,0.9875,0.95,0.96875,40
MR,38,153,7,2,0.955,0.95,0.95625,0.8444444444444444,0.953125,40
MS,36,159,1,4,0.975,0.9,0.99375,0.972972972972973,0.946875,40
MVP,37,158,2,3,0.975,0.925,0.9875,0.9487179487179487,0.95625,40
PROMEDIO_MACRO,186,786,14,14,0.9720000000000001,0.93,0.9825000000000002,0.932970662970663,0.95625,200
