clase,TP,TN,FP,FN,Accuracy,Sensitivity,Specificity,Precision,Score,soporte
N,39,153,7,1,0.96,0.975,0.95625,0.8478260869565217,0.965625,40
AS,39,155,5,1,0.97,0.975,0.96875,0.8863636363636364,0.971875,40
MR,32,157,3,8,0.945,0.8,0.98125,0.9142857142857143,0.890625,40
MS,37,151,9,3,0.94,0.925,0.94375,0.8043478260869565,0.934375,40
MVP,28,159,1,12,0.935,0.7,0.99375,0.9655172413793104,0.846875,40
PROMEDIO_MACRO,175,775,25,25,0.95,0.875,0.96875,0.8836681010144278,0.921875,200
