epoca,loss_train,loss_val
1,1.691925823688507,1.5911264419555664
2,1.7352737188339233,1.5802764892578125
