clase,TP,TN,FP,FN,Accuracy,Sensitivity,Specificity,Precision,Score,soporte
N,38,146,14,2,0.92,0.95,0.9125,0.7307692307692307,0.9312499999999999,40
AS,30,148,12,10,0.89,0.75,0.925,0.7142857142857143,0.8375,40
MR,33,153,7,7,0.93,0.825,0.95625,0.825,0.890625,40
MS,31,149,11,9,0.9,0.775,0.93125,0.7380952380952381,0.853125,40
MVP,21,157,3,19,0.89,0.525,0.98125,0.875,0.753125,40
PROMEDIO_MACRO,153,753,47,47,0.906,0.7649999999999999,0.9412499999999999,0.7766300366300366,0.853125,200
