clase,TP,TN,FP,FN,Accuracy,Sensitivity,Specificity,Precision,Score,soporte
N,38,145,15,2,0.915,0.95,0.90625,0.7169811320754716,0.928125,40
AS,25,153,7,15,0.89,0.625,0.95625,0.78125,0.790625,40
MR,36,154,6,4,0.95,0.9,0.9625,0.8571428571428571,0.93125,40
MS,29,150,10,11,0.895,0.725,0.9375,0.7435897435897436,0.83125,40
MVP,26,152,8,14,0.89,0.65,0.95,0.7647058823529411,0.8,40
PROMEDIO_MACRO,154,754,46,46,0.908,0.77,0.9425000000000001,0.7727339230322027,0.85625,200
