clase,TP,TN,FP,FN,Accuracy,Sensitivity,Specificity,Precision,Score,soporte
N,37,158,2,3,0.975,0.925,0.9875,0.9487179487179487,0.95625,40
AS,40,159,1,0,0.995,1.0,0.99375,0.975609756097561,0.996875,40
MR,38,153,7,2,0.955,0.95,0.95625,0.8444444444444444,0.953125,40
MS,35,159,1,5,0.97,0.875,0.99375,0.9722222222222222,0.934375,40
MVP,34,155,5,6,0.945,0.85,0.96875,0.8717948717948718,0.909375,40
PROMEDIO_MACRO,184,784,16,16,0.968,0.9199999999999999,0.9800000000000001,0.9225578486554096,0.95,200
