clase,TP,TN,FP,FN,Accuracy,Sensitivity,Specificity,Precision,Score,soporte
N,35,141,19,5,0.88,0.875,0.88125,0.6481481481481481,0.878125,40
AS,33,133,27,7,0.83,0.825,0.83125,0.55,0.828125,40
MR,23,153,7,17,0.88,0.575,0.95625,0.7666666666666667,0.765625,40
MS,17,150,10,23,0.835,0.425,0.9375,0.6296296296296297,0.68125,40
MVP,21,152,8,19,0.865,0.525,0.95,0.7241379310344828,0.7375,40
PROMEDIO_MACRO,129,729,71,71,0.858,0.6449999999999999,0.9112500000000001,0.6637164750957855,0.778125,200
