clase,TP,TN,FP,FN,Accuracy,Sensitivity,Specificity,Precision,Score,soporte
N,34,157,3,6,0.955,0.85,0.98125,0.918918918918919,0.9156249999999999,40
AS,39,155,5,1,0.97,0.975,0.96875,0.8863636363636364,0.971875,40
MR,34,154,6,6,0.94,0.85,0.9625,0.85,0.90625,40
MS,37,158,2,3,0.975,0.925,0.9875,0.9487179487179487,0.95625,40
MVP,34,154,6,6,0.94,0.85,0.9625,0.85,0.90625,40
PROMEDIO_MACRO,178,778,22,22,0.9559999999999998,0.8899999999999999,0.9725000000000001,0.8908001008001006,0.93125,200
