clase,TP,TN,FP,FN,Accuracy,Sensitivity,Specificity,Precision,Score,soporte
N,38,153,7,2,0.955,0.95,0.95625,0.8444444444444444,0.953125,40
AS,35,155,5,5,0.95,0.875,0.96875,0.875,0.921875,40
MR,32,157,3,8,0.945,0.8,0.98125,0.9142857142857143,0.890625,40
MS,36,152,8,4,0.94,0.9,0.95,0.8181818181818182,0.925,40
MVP,29,153,7,11,0.91,0.725,0.95625,0.8055555555555556,0.840625,40
PROMEDIO_MACRO,170,770,30,30,0.9399999999999998,0.85,0.9625,0.8514935064935065,0.90625,200
