clase,TP,TN,FP,FN,Accuracy,Sensitivity,Specificity,Precision,Score,soporte
N,36,144,16,4,0.9,0.9,0.9,0.6923076923076923,0.9,40
AS,27,151,9,13,0.89,0.675,0.94375,0.75,0.809375,40
MR,31,153,7,9,0.92,0.775,0.95625,0.8157894736842105,0.8656250000000001,40
MS,32,144,16,8,0.88,0.8,0.9,0.6666666666666666,0.8500000000000001,40
MVP,20,154,6,20,0.87,0.5,0.9625,0.7692307692307693,0.73125,40
PROMEDIO_MACRO,146,746,54,54,0.892,0.7300000000000001,0.9324999999999999,0.7387989203778677,0.83125,200
