clase,TP,TN,FP,FN,Accuracy,Sensitivity,Specificity,Precision,Score,soporte
N,27,155,5,13,0.91,0.675,0.96875,0.84375,0.821875,40
AS,34,155,5,6,0.945,0.85,0.96875,0.8717948717948718,0.909375,40
MR,35,135,25,5,0.85,0.875,0.84375,0.5833333333333334,0.859375,40
MS,34,158,2,6,0.96,0.85,0.9875,0.9444444444444444,0.91875,40
MVP,22,149,11,18,0.855,0.55,0.93125,0.6666666666666666,0.7406250000000001,40
PROMEDIO_MACRO,152,752,48,48,0.9039999999999999,0.76,0.9400000000000001,0.7819978632478632,0.85,200
