clase,TP,TN,FP,FN,Accuracy,Sensitivity,Specificity,Precision,Score,soporte
N,34,145,15,6,0.895,0.85,0.90625,0.6938775510204082,0.878125,40
AS,37,133,27,3,0.85,0.925,0.83125,0.578125,0.878125,40
MR,27,157,3,13,0.92,0.675,0.98125,0.9,0.828125,40
MS,22,152,8,18,0.87,0.55,0.95,0.7333333333333333,0.75,40
MVP,22,155,5,18,0.885,0.55,0.96875,0.8148148148148148,0.759375,40
PROMEDIO_MACRO,142,742,58,58,0.884,0.71,0.9275,0.7440301398337112,0.81875,200
