clase,TP,TN,FP,FN,Accuracy,Sensitivity,Specificity,Precision,Score,soporte
N,38,157,3,2,0.975,0.95,0.98125,0.926829268292683,0.965625,40
AS,37,158,2,3,0.975,0.925,0.9875,0.9487179487179487,0.95625,40
MR,35,156,4,5,0.955,0.875,0.975,0.8974358974358975,0.925,40
MS,37,158,2,3,0.975,0.925,0.9875,0.9487179487179487,0.95625,40
MVP,38,156,4,2,0.97,0.95,0.975,0.9047619047619048,0.9624999999999999,40
PROMEDIO_MACRO,185,785,15,15,0.97,0.925,0.98125,0.9252925935852765,0.953125,200
