clase,TP,TN,FP,FN,Accuracy,Sensitivity,Specificity,Precision,Score,soporte
N,34,159,1,6,0.965,0.85,0.99375,0.9714285714285714,0.921875,40
AS,37,149,11,3,0.93,0.925,0.93125,0.7708333333333334,0.9281250000000001,40
MR,35,155,5,5,0.95,0.875,0.96875,0.875,0.921875,40
MS,36,156,4,4,0.96,0.9,0.975,0.9,0.9375,40
MVP,33,156,4,7,0.945,0.825,0.975,0.8918918918918919,0.8999999999999999,40
PROMEDIO_MACRO,175,775,25,25,0.95,0.875,0.96875,0.8818307593307593,0.921875,200
