clase,TP,TN,FP,FN,Accuracy,Sensitivity,Specificity,Precision,Score,soporte
N,39,159,1,1,0.99,0.975,0.99375,0.975,0.984375,40
AS,36,157,3,4,0.965,0.9,0.98125,0.9230769230769231,0.940625,40
MR,40,155,5,0,0.975,1.0,0.96875,0.8888888888888888,0.984375,40
MS,37,157,3,3,0.97,0.925,0.98125,0.925,0.953125,40
MVP,34,158,2,6,0.96,0.85,0.9875,0.9444444444444444,0.91875,40
PROMEDIO_MACRO,186,786,14,14,0.9720000000000001,0.9299999999999999,0.9824999999999999,0.9312820512820513,0.95625,200
