distribucion,numero_capas,clasificador,representacion,Accuracy_mean,Accuracy_std,Sensitivity_mean,Sensitivity_std,Specificity_mean,Specificity_std,Precision_mean,Precision_std,Score_mean,Score_std
10-17-28,3,UjaNet,DeepONMF_H3,0.9692000000000001,0.010256705123966462,0.923,0.025641762809916185,0.9807500000000001,0.0064104407024790505,0.9238078189899547,0.026285896996799413,0.9518749999999999,0.01602610175619762
