distribucion,numero_capas,clasificador,representacion,fold,clase,TP,TN,FP,FN,Accuracy,Sensitivity,Specificity,Precision,Score,soporte
6-12-24,3,UjaNet,DeepONMF_H3,1,PROMEDIO_MACRO,189,789,11,11,0.978,0.945,0.9862500000000001,0.9469755806681501,0.965625,200
6-12-24,3,UjaNet,DeepONMF_H3,2,PROMEDIO_MACRO,182,782,18,18,0.9640000000000001,0.9099999999999999,0.9774999999999998,0.9121439963545226,0.94375,200
6-12-24,3,UjaNet,DeepONMF_H3,3,PROMEDIO_MACRO,180,780,20,20,0.96,0.9,0.975,0.9017883270067047,0.9375,200
6-12-24,3,UjaNet,DeepONMF_H3,4,PROMEDIO_MACRO,186,786,14,14,0.9720000000000001,0.9299999999999999,0.9824999999999999,0.9313149496076326,0.95625,200
6-12-24,3,UjaNet,DeepONMF_H3,5,PROMEDIO_MACRO,190,790,10,10,0.9800000000000001,0.95,0.9875,0.9505303910181958,0.96875,200
