clase,TP,TN,FP,FN,Accuracy,Sensitivity,Specificity,Precision,Score,soporte
N,34,158,2,6,0.96,0.85,0.9875,0.9444444444444444,0.91875,40
AS,34,154,6,6,0.94,0.85,0.9625,0.85,0.90625,40
MR,31,144,16,9,0.875,0.775,0.9,0.6595744680851063,0.8375,40
MS,34,159,1,6,0.965,0.85,0.99375,0.9714285714285714,0.921875,40
MVP,30,148,12,10,0.89,0.75,0.925,0.7142857142857143,0.8375,40
PROMEDIO_MACRO,163,763,37,37,0.9259999999999999,0.8150000000000001,0.95375,0.8279466396487672,0.884375,200
