distribucion,numero_capas,clasificador,representacion,Accuracy_mean,Accuracy_std,Sensitivity_mean,Sensitivity_std,Specificity_mean,Specificity_std,Precision_mean,Precision_std,Score_mean,Score_std
2-10,2,UjaNet,DeepONMF_H2,0.9752000000000001,0.011189280584559397,0.9380000000000001,0.02797320146139876,0.9845,0.006993300365349681,0.9392509590186533,0.02723685756517159,0.96125,0.017483250913374212
