,N,AS,MR,MS,MVP
N,98.0,0.0,0.0,1.0,1.0
AS,0.0,93.5,5.0,1.0,0.5
MR,3.0,5.0,89.5,1.0,1.5
MS,0.5,0.5,2.0,94.0,3.0
MVP,3.5000000000000004,3.5000000000000004,1.5,2.0,89.5
