clase,TP,TN,FP,FN,Accuracy,Sensitivity,Specificity,Precision,Score,soporte
N,36,156,4,4,0.96,0.9,0.975,0.9,0.9375,40
AS,40,155,5,0,0.975,1.0,0.96875,0.8888888888888888,0.984375,40
MR,33,159,1,7,0.96,0.825,0.99375,0.9705882352941176,0.909375,40
MS,36,158,2,4,0.97,0.9,0.9875,0.9473684210526315,0.9437500000000001,40
MVP,37,154,6,3,0.955,0.925,0.9625,0.8604651162790697,0.9437500000000001,40
PROMEDIO_MACRO,182,782,18,18,0.9640000000000001,0.9099999999999999,0.9775,0.9134621323029416,0.94375,200
