clase,TP,TN,FP,FN,Accuracy,Sensitivity,Specificity,Precision,Score,soporte
N,34,147,13,6,0.905,0.85,0.91875,0.723404255319149,0.8843749999999999,40
AS,39,133,27,1,0.86,0.975,0.83125,0.5909090909090909,0.903125,40
MR,22,157,3,18,0.895,0.55,0.98125,0.88,0.765625,40
MS,24,150,10,16,0.87,0.6,0.9375,0.7058823529411765,0.76875,40
MVP,21,153,7,19,0.87,0.525,0.95625,0.75,0.7406250000000001,40
PROMEDIO_MACRO,140,740,60,60,0.8800000000000001,0.7,0.925,0.7300391398338834,0.8125,200
