clase,TP,TN,FP,FN,Accuracy,Sensitivity,Specificity,Precision,Score,soporte
N,38,157,3,2,0.975,0.95,0.98125,0.926829268292683,0.965625,40
AS,37,152,8,3,0.945,0.925,0.95,0.8222222222222222,0.9375,40
MR,30,154,6,10,0.92,0.75,0.9625,0.8333333333333334,0.85625,40
MS,31,151,9,9,0.91,0.775,0.94375,0.775,0.859375,40
MVP,28,150,10,12,0.89,0.7,0.9375,0.7368421052631579,0.81875,40
PROMEDIO_MACRO,164,764,36,36,0.9279999999999999,0.82,0.9550000000000001,0.8188453858222793,0.8875,200
