clase,TP,TN,FP,FN,Accuracy,Sensitivity,Specificity,Precision,Score,soporte
N,40,157,3,0,0.985,1.0,0.98125,0.9302325581395349,0.990625,40
AS,36,157,3,4,0.965,0.9,0.98125,0.9230769230769231,0.940625,40
MR,37,157,3,3,0.97,0.925,0.98125,0.925,0.953125,40
MS,37,158,2,3,0.975,0.925,0.9875,0.9487179487179487,0.95625,40
MVP,36,157,3,4,0.965,0.9,0.98125,0.9230769230769231,0.940625,40
PROMEDIO_MACRO,186,786,14,14,0.9720000000000001,0.93,0.9824999999999999,0.930020870602266,0.95625,200
