clase,TP,TN,FP,FN,Accuracy,Sensitivity,Specificity,Precision,Score,soporte
N,36,155,5,4,0.955,0.9,0.96875,0.8780487804878049,0.934375,40
AS,25,152,8,15,0.885,0.625,0.95,0.7575757575757576,0.7875,40
MR,32,142,18,8,0.87,0.8,0.8875,0.64,0.84375,40
MS,32,143,17,8,0.875,0.8,0.89375,0.6530612244897959,0.846875,40
MVP,22,155,5,18,0.885,0.55,0.96875,0.8148148148148148,0.759375,40
PROMEDIO_MACRO,147,747,53,53,0.8939999999999999,0.735,0.9337500000000001,0.7487001154736347,0.834375,200
