clase,TP,TN,FP,FN,Accuracy,Sensitivity,Specificity,Precision,Score,soporte
N,38,157,3,2,0.975,0.95,0.98125,0.926829268292683,0.965625,40
AS,37,156,4,3,0.965,0.925,0.975,0.9024390243902439,0.95,40
MR,32,142,18,8,0.87,0.8,0.8875,0.64,0.84375,40
MS,34,159,1,6,0.965,0.85,0.99375,0.9714285714285714,0.921875,40
MVP,30,157,3,10,0.935,0.75,0.98125,0.9090909090909091,0.865625,40
PROMEDIO_MACRO,171,771,29,29,0.942,0.8550000000000001,0.9637499999999999,0.8699575546404814,0.909375,200
