clase,TP,TN,FP,FN,Accuracy,Sensitivity,Specificity,Precision,Score,soporte
N,37,156,4,3,0.965,0.925,0.975,0.9024390243902439,0.95,40
AS,35,155,5,5,0.95,0.875,0.96875,0.875,0.921875,40
MR,34,145,15,6,0.895,0.85,0.90625,0.6938775510204082,0.878125,40
MS,34,158,2,6,0.96,0.85,0.9875,0.9444444444444444,0.91875,40
MVP,30,156,4,10,0.93,0.75,0.975,0.8823529411764706,0.8625,40
PROMEDIO_MACRO,170,770,30,30,0.9400000000000001,0.85,0.9625,0.8596227922063132,0.90625,200
