distribucion,numero_capas,clasificador,representacion,fold,clase,TP,TN,FP,FN,Accuracy,Sensitivity,Specificity,Precision,Score,soporte
10-14-19-26,4,UjaNet,DeepONMF_H4,1,PROMEDIO_MACRO,188,788,12,12,0.976,0.9400000000000001,0.985,0.9404178770032429,0.9625,200
10-14-19-26,4,UjaNet,DeepONMF_H4,2,PROMEDIO_MACRO,181,781,19,19,0.962,0.9049999999999999,0.97625,0.9069229047489916,0.940625,200
10-14-19-26,4,UjaNet,DeepONMF_H4,3,PROMEDIO_MACRO,178,778,22,22,0.9559999999999998,0.89,0.9724999999999999,0.8910825616277555,0.93125,200
10-14-19-26,4,UjaNet,DeepONMF_H4,4,PROMEDIO_MACRO,185,785,15,15,0.97,0.925,0.98125,0.9267965367965368,0.953125,200
10-14-19-26,4,UjaNet,DeepONMF_H4,5,PROMEDIO_MACRO,186,786,14,14,0.9719999999999999,0.9299999999999999,0.9824999999999999,0.9305074238001068,0.95625,200
