clase,TP,TN,FP,FN,Accuracy,Sensitivity,Specificity,Precision,Score,soporte
N,37,156,4,3,0.965,0.925,0.975,0.9024390243902439,0.95,40
AS,35,156,4,5,0.955,0.875,0.975,0.8974358974358975,0.925,40
MR,35,155,5,5,0.95,0.875,0.96875,0.875,0.921875,40
MS,37,159,1,3,0.98,0.925,0.99375,0.9736842105263158,0.9593750000000001,40
MVP,36,154,6,4,0.95,0.9,0.9625,0.8571428571428571,0.93125,40
PROMEDIO_MACRO,180,780,20,20,0.96,0.9,0.975,0.9011403978990629,0.9375,200
