clase,TP,TN,FP,FN,Accuracy,Sensitivity,Specificity,Precision,Score,soporte
N,39,158,2,1,0.985,0.975,0.9875,0.9512195121951219,0.98125,40
AS,38,156,4,2,0.97,0.95,0.975,0.9047619047619048,0.9624999999999999,40
MR,38,157,3,2,0.975,0.95,0.98125,0.926829268292683,0.965625,40
MS,36,160,0,4,0.98,0.9,1.0,1.0,0.95,40
MVP,36,156,4,4,0.96,0.9,0.975,0.9,0.9375,40
PROMEDIO_MACRO,187,787,13,13,0.974,0.9349999999999999,0.9837499999999999,0.9365621370499418,0.959375,200
