clase,TP,TN,FP,FN,Accuracy,Sensitivity,Specificity,Precision,Score,soporte
N,38,148,12,2,0.93,0.95,0.925,0.76,0.9375,40
AS,27,156,4,13,0.915,0.675,0.975,0.8709677419354839,0.825,40
MR,31,154,6,9,0.925,0.775,0.9625,0.8378378378378378,0.86875,40
MS,31,148,12,9,0.895,0.775,0.925,0.7209302325581395,0.8500000000000001,40
MVP,29,150,10,11,0.895,0.725,0.9375,0.7435897435897436,0.83125,40
PROMEDIO_MACRO,156,756,44,44,0.9120000000000001,0.78,0.945,0.7866651111842409,0.8625,200
