clase,TP,TN,FP,FN,Accuracy,Sensitivity,Specificity,Precision,Score,soporte
N,37,146,14,3,0.915,0.925,0.9125,0.7254901960784313,0.91875,40
AS,31,146,14,9,0.885,0.775,0.9125,0.6888888888888889,0.84375,40
MR,36,149,11,4,0.925,0.9,0.93125,0.7659574468085106,0.915625,40
MS,28,149,11,12,0.885,0.7,0.93125,0.717948717948718,0.815625,40
MVP,18,160,0,22,0.89,0.45,1.0,1.0,0.725,40
PROMEDIO_MACRO,150,750,50,50,0.9,0.75,0.9375,0.7796570499449098,0.84375,200
