clase,TP,TN,FP,FN,Accuracy,Sensitivity,Specificity,Precision,Score,soporte
N,36,157,3,4,0.965,0.9,0.98125,0.9230769230769231,0.940625,40
AS,31,153,7,9,0.92,0.775,0.95625,0.8157894736842105,0.8656250000000001,40
MR,33,145,15,7,0.89,0.825,0.90625,0.6875,0.865625,40
MS,33,157,3,7,0.95,0.825,0.98125,0.9166666666666666,0.903125,40
MVP,28,149,11,12,0.885,0.7,0.93125,0.717948717948718,0.815625,40
PROMEDIO_MACRO,161,761,39,39,0.9219999999999999,0.805,0.9512500000000002,0.8121963562753036,0.878125,200
