clase,TP,TN,FP,FN,Accuracy,Sensitivity,Specificity,Precision,Score,soporte
N,38,159,1,2,0.985,0.95,0.99375,0.9743589743589743,0.971875,40
AS,39,160,0,1,0.995,0.975,1.0,1.0,0.9875,40
MR,38,159,1,2,0.985,0.95,0.99375,0.9743589743589743,0.971875,40
MS,40,157,3,0,0.985,1.0,0.98125,0.9302325581395349,0.990625,40
MVP,37,157,3,3,0.97,0.925,0.98125,0.925,0.953125,40
PROMEDIO_MACRO,192,792,8,8,0.984,0.96,0.99,0.9607901013714967,0.975,200
