clase,TP,TN,FP,FN,Accuracy,Sensitivity,Specificity,Precision,Score,soporte
N,30,159,1,10,0.945,0.75,0.99375,0.967741935483871,0.871875,40
AS,24,149,11,16,0.865,0.6,0.93125,0.6857142857142857,0.765625,40
MR,32,127,33,8,0.795,0.8,0.79375,0.49230769230769234,0.796875,40
MS,22,159,1,18,0.905,0.55,0.99375,0.9565217391304348,0.7718750000000001,40
MVP,30,144,16,10,0.87,0.75,0.9,0.6521739130434783,0.825,40
PROMEDIO_MACRO,138,738,62,62,0.876,0.6900000000000001,0.9225,0.7508919131359525,0.80625,200
