clase,TP,TN,FP,FN,Accuracy,Sensitivity,Specificity,Precision,Score,soporte
N,36,159,1,4,0.975,0.9,0.99375,0.972972972972973,0.946875,40
AS,35,154,6,5,0.945,0.875,0.9625,0.8536585365853658,0.91875,40
MR,39,147,13,1,0.93,0.975,0.91875,0.75,0.9468749999999999,40
MS,38,159,1,2,0.985,0.95,0.99375,0.9743589743589743,0.971875,40
MVP,29,158,2,11,0.935,0.725,0.9875,0.9354838709677419,0.85625,40
PROMEDIO_MACRO,177,777,23,23,0.954,0.885,0.9712500000000001,0.897294870977011,0.928125,200
