clase,TP,TN,FP,FN,Accuracy,Sensitivity,Specificity,Precision,Score,soporte
N,29,159,1,11,0.94,0.725,0.99375,0.9666666666666667,0.859375,40
AS,36,159,1,4,0.975,0.9,0.99375,0.972972972972973,0.946875,40
MR,36,142,18,4,0.89,0.9,0.8875,0.6666666666666666,0.89375,40
MS,30,160,0,10,0.95,0.75,1.0,1.0,0.875,40
MVP,32,143,17,8,0.875,0.8,0.89375,0.6530612244897959,0.846875,40
PROMEDIO_MACRO,163,763,37,37,0.9259999999999999,0.8150000000000001,0.95375,0.8518735061592204,0.884375,200
