clase,TP,TN,FP,FN,Accuracy,Sensitivity,Specificity,Precision,Score,soporte
N,28,157,3,12,0.925,0.7,0.98125,0.9032258064516129,0.840625,40
AS,28,149,11,12,0.885,0.7,0.93125,0.717948717948718,0.815625,40
MR,40,114,46,0,0.77,1.0,0.7125,0.46511627906976744,0.85625,40
MS,20,160,0,20,0.9,0.5,1.0,1.0,0.75,40
MVP,19,155,5,21,0.87,0.475,0.96875,0.7916666666666666,0.721875,40
PROMEDIO_MACRO,135,735,65,65,0.8699999999999999,0.675,0.91875,0.775591494027353,0.796875,200
