clase,TP,TN,FP,FN,Accuracy,Sensitivity,Specificity,Precision,Score,soporte
N,32,148,12,8,0.9,0.8,0.925,0.7272727272727273,0.8625,40
AS,37,124,36,3,0.805,0.925,0.775,0.5068493150684932,0.8500000000000001,40
MR,26,154,6,14,0.9,0.65,0.9625,0.8125,0.80625,40
MS,14,154,6,26,0.84,0.35,0.9625,0.7,0.65625,40
MVP,23,152,8,17,0.875,0.575,0.95,0.7419354838709677,0.7625,40
PROMEDIO_MACRO,132,732,68,68,0.8640000000000001,0.6599999999999999,0.915,0.6977115052424377,0.7875,200
