clase,TP,TN,FP,FN,Accuracy,Sensitivity,Specificity,Precision,Score,soporte
N,35,147,13,5,0.91,0.875,0.91875,0.7291666666666666,0.896875,40
AS,31,127,33,9,0.79,0.775,0.79375,0.484375,0.784375,40
MR,26,156,4,14,0.91,0.65,0.975,0.8666666666666667,0.8125,40
MS,8,149,11,32,0.785,0.2,0.93125,0.42105263157894735,0.565625,40
MVP,28,149,11,12,0.885,0.7,0.93125,0.717948717948718,0.815625,40
PROMEDIO_MACRO,128,728,72,72,0.8560000000000001,0.64,0.9099999999999999,0.6438419365721997,0.775,200
