clase,TP,TN,FP,FN,Accuracy,Sensitivity,Specificity,Precision,Score,soporte
N,37,150,10,3,0.935,0.925,0.9375,0.7872340425531915,0.93125,40
AS,18,142,18,22,0.8,0.45,0.8875,0.5,0.66875,40
MR,28,152,8,12,0.9,0.7,0.95,0.7777777777777778,0.825,40
MS,25,139,21,15,0.82,0.625,0.86875,0.5434782608695652,0.746875,40
MVP,19,144,16,21,0.815,0.475,0.9,0.5428571428571428,0.6875,40
PROMEDIO_MACRO,127,727,73,73,0.8539999999999999,0.635,0.9087500000000001,0.6302694448115354,0.771875,200
