clase,TP,TN,FP,FN,Accuracy,Sensitivity,Specificity,Precision,Score,soporte
N,35,140,20,5,0.875,0.875,0.875,0.6363636363636364,0.875,40
AS,27,129,31,13,0.78,0.675,0.80625,0.46551724137931033,0.7406250000000001,40
MR,26,151,9,14,0.885,0.65,0.94375,0.7428571428571429,0.796875,40
MS,16,152,8,24,0.84,0.4,0.95,0.6666666666666666,0.675,40
MVP,18,150,10,22,0.84,0.45,0.9375,0.6428571428571429,0.69375,40
PROMEDIO_MACRO,122,722,78,78,0.844,0.6100000000000001,0.9025000000000001,0.6308523660247798,0.7562500000000001,200
