clase,TP,TN,FP,FN,Accuracy,Sensitivity,Specificity,Precision,Score,soporte
N,39,158,2,1,0.985,0.975,0.9875,0.9512195121951219,0.98125,40
AS,39,154,6,1,0.965,0.975,0.9625,0.8666666666666667,0.96875,40
MR,39,157,3,1,0.98,0.975,0.98125,0.9285714285714286,0.9781249999999999,40
MS,38,156,4,2,0.97,0.95,0.975,0.9047619047619048,0.9624999999999999,40
MVP,30,160,0,10,0.95,0.75,1.0,1.0,0.875,40
PROMEDIO_MACRO,185,785,15,15,0.97,0.925,0.98125,0.9302439024390242,0.953125,200
