clase,TP,TN,FP,FN,Accuracy,Sensitivity,Specificity,Precision,Score,soporte
N,38,144,16,2,0.91,0.95,0.9,0.7037037037037037,0.925,40
AS,31,152,8,9,0.915,0.775,0.95,0.7948717948717948,0.8625,40
MR,30,153,7,10,0.915,0.75,0.95625,0.8108108108108109,0.853125,40
MS,32,145,15,8,0.885,0.8,0.90625,0.6808510638297872,0.853125,40
MVP,20,157,3,20,0.885,0.5,0.98125,0.8695652173913043,0.740625,40
PROMEDIO_MACRO,151,751,49,49,0.9019999999999999,0.7550000000000001,0.9387500000000001,0.7719605181214801,0.846875,200
