clase,TP,TN,FP,FN,Accuracy,Sensitivity,Specificity,Precision,Score,soporte
N,40,158,2,0,0.99,1.0,0.9875,0.9523809523809523,0.99375,40
AS,38,156,4,2,0.97,0.95,0.975,0.9047619047619048,0.9624999999999999,40
MR,40,158,2,0,0.99,1.0,0.9875,0.9523809523809523,0.99375,40
MS,38,160,0,2,0.99,0.95,1.0,1.0,0.975,40
MVP,36,160,0,4,0.98,0.9,1.0,1.0,0.95,40
PROMEDIO_MACRO,192,792,8,8,0.984,0.9600000000000002,0.99,0.9619047619047618,0.975,200
