clase,TP,TN,FP,FN,Accuracy,Sensitivity,Specificity,Precision,Score,soporte
N,32,158,2,8,0.95,0.8,0.9875,0.9411764705882353,0.89375,40
AS,36,159,1,4,0.975,0.9,0.99375,0.972972972972973,0.946875,40
MR,37,143,17,3,0.9,0.925,0.89375,0.6851851851851852,0.909375,40
MS,30,155,5,10,0.925,0.75,0.96875,0.8571428571428571,0.859375,40
MVP,28,148,12,12,0.88,0.7,0.925,0.7,0.8125,40
PROMEDIO_MACRO,163,763,37,37,0.9259999999999999,0.8150000000000001,0.95375,0.8312954971778501,0.884375,200
