clase,TP,TN,FP,FN,Accuracy,Sensitivity,Specificity,Precision,Score,soporte
N,39,144,16,1,0.915,0.975,0.9,0.7090909090909091,0.9375,40
AS,34,144,16,6,0.89,0.85,0.9,0.68,0.875,40
MR,34,158,2,6,0.96,0.85,0.9875,0.9444444444444444,0.91875,40
MS,27,149,11,13,0.88,0.675,0.93125,0.7105263157894737,0.8031250000000001,40
MVP,20,159,1,20,0.895,0.5,0.99375,0.9523809523809523,0.746875,40
PROMEDIO_MACRO,154,754,46,46,0.908,0.7699999999999999,0.9425000000000001,0.7992885243411558,0.85625,200
