clase,TP,TN,FP,FN,Accuracy,Sensitivity,Specificity,Precision,Score,soporte
N,38,159,1,2,0.985,0.95,0.99375,0.9743589743589743,0.971875,40
AS,32,155,5,8,0.935,0.8,0.96875,0.8648648648648649,0.884375,40
MR,36,149,11,4,0.925,0.9,0.93125,0.7659574468085106,0.915625,40
MS,32,150,10,8,0.91,0.8,0.9375,0.7619047619047619,0.86875,40
MVP,31,156,4,9,0.935,0.775,0.975,0.8857142857142857,0.875,40
PROMEDIO_MACRO,169,769,31,31,0.938,0.8450000000000001,0.9612499999999999,0.8505600667302794,0.903125,200
