clase,TP,TN,FP,FN,Accuracy,Sensitivity,Specificity,Precision,Score,soporte
N,30,155,5,10,0.925,0.75,0.96875,0.8571428571428571,0.859375,40
AS,35,155,5,5,0.95,0.875,0.96875,0.875,0.921875,40
MR,35,135,25,5,0.85,0.875,0.84375,0.5833333333333334,0.859375,40
MS,33,156,4,7,0.945,0.825,0.975,0.8918918918918919,0.8999999999999999,40
MVP,21,153,7,19,0.87,0.525,0.95625,0.75,0.7406250000000001,40
PROMEDIO_MACRO,154,754,46,46,0.908,0.77,0.9425000000000001,0.7914736164736166,0.85625,200
