distribucion,numero_capas,clasificador,representacion,fold,clase,TP,TN,FP,FN,Accuracy,Sensitivity,Specificity,Precision,Score,soporte
8-24,2,UjaNet,DeepONMF_H2,1,PROMEDIO_MACRO,193,793,7,7,0.986,0.9650000000000001,0.9912500000000002,0.9653479853479853,0.978125,200
8-24,2,UjaNet,DeepONMF_H2,2,PROMEDIO_MACRO,179,779,21,21,0.958,0.8949999999999999,0.9737500000000001,0.8951583300420509,0.934375,200
8-24,2,UjaNet,DeepONMF_H2,3,PROMEDIO_MACRO,181,781,19,19,0.962,0.905,0.9762500000000001,0.9062629986764984,0.940625,200
8-24,2,UjaNet,DeepONMF_H2,4,PROMEDIO_MACRO,186,786,14,14,0.9719999999999999,0.9299999999999999,0.9824999999999999,0.9313536057438496,0.95625,200
8-24,2,UjaNet,DeepONMF_H2,5,PROMEDIO_MACRO,183,783,17,17,0.966,0.915,0.97875,0.9197725322512618,0.946875,200
