clase,TP,TN,FP,FN,Accuracy,Sensitivity,Specificity,Precision,Score,soporte
N,39,159,1,1,0.99,0.975,0.99375,0.975,0.984375,40
AS,39,154,6,1,0.965,0.975,0.9625,0.8666666666666667,0.96875,40
MR,35,154,6,5,0.945,0.875,0.9625,0.8536585365853658,0.91875,40
MS,36,157,3,4,0.965,0.9,0.98125,0.9230769230769231,0.940625,40
MVP,33,158,2,7,0.955,0.825,0.9875,0.9428571428571428,0.90625,40
PROMEDIO_MACRO,182,782,18,18,0.9639999999999999,0.9099999999999999,0.9775,0.9122518538372197,0.94375,200
