clase,TP,TN,FP,FN,Accuracy,Sensitivity,Specificity,Precision,Score,soporte
N,36,144,16,4,0.9,0.9,0.9,0.6923076923076923,0.9,40
AS,30,118,42,10,0.74,0.75,0.7375,0.4166666666666667,0.74375,40
MR,20,155,5,20,0.875,0.5,0.96875,0.8,0.734375,40
MS,17,147,13,23,0.82,0.425,0.91875,0.5666666666666667,0.671875,40
MVP,14,153,7,26,0.835,0.35,0.95625,0.6666666666666666,0.653125,40
PROMEDIO_MACRO,117,717,83,83,0.834,0.585,0.89625,0.6284615384615384,0.740625,200
