clase,TP,TN,FP,FN,Accuracy,Sensitivity,Specificity,Precision,Score,soporte
N,35,145,15,5,0.9,0.875,0.90625,0.7,0.890625,40
AS,29,117,43,11,0.73,0.725,0.73125,0.4027777777777778,0.7281249999999999,40
MR,20,156,4,20,0.88,0.5,0.975,0.8333333333333334,0.7375,40
MS,12,145,15,28,0.785,0.3,0.90625,0.4444444444444444,0.603125,40
MVP,17,150,10,23,0.835,0.425,0.9375,0.6296296296296297,0.68125,40
PROMEDIO_MACRO,113,713,87,87,0.826,0.565,0.89125,0.602037037037037,0.728125,200
