clase,TP,TN,FP,FN,Accuracy,Sensitivity,Specificity,Precision,Score,soporte
N,37,144,16,3,0.905,0.925,0.9,0.6981132075471698,0.9125000000000001,40
AS,33,148,12,7,0.905,0.825,0.925,0.7333333333333333,0.875,40
MR,28,157,3,12,0.925,0.7,0.98125,0.9032258064516129,0.840625,40
MS,28,143,17,12,0.855,0.7,0.89375,0.6222222222222222,0.796875,40
MVP,20,154,6,20,0.87,0.5,0.9625,0.7692307692307693,0.73125,40
PROMEDIO_MACRO,146,746,54,54,0.892,0.7300000000000001,0.9325000000000001,0.7452250677570215,0.83125,200
