clase,TP,TN,FP,FN,Accuracy,Sensitivity,Specificity,Precision,Score,soporte
N,39,160,0,1,0.995,0.975,1.0,1.0,0.9875,40
AS,38,156,4,2,0.97,0.95,0.975,0.9047619047619048,0.9624999999999999,40
MR,36,154,6,4,0.95,0.9,0.9625,0.8571428571428571,0.93125,40
MS,36,157,3,4,0.965,0.9,0.98125,0.9230769230769231,0.940625,40
MVP,34,156,4,6,0.95,0.85,0.975,0.8947368421052632,0.9125,40
PROMEDIO_MACRO,183,783,17,17,0.966,0.9149999999999998,0.97875,0.9159437054173896,0.946875,200
