clase,TP,TN,FP,FN,Accuracy,Sensitivity,Specificity,Precision,Score,soporte
N,40,158,2,0,0.99,1.0,0.9875,0.9523809523809523,0.99375,40
AS,38,158,2,2,0.98,0.95,0.9875,0.95,0.96875,40
MR,40,158,2,0,0.99,1.0,0.9875,0.9523809523809523,0.99375,40
MS,37,157,3,3,0.97,0.925,0.98125,0.925,0.953125,40
MVP,35,159,1,5,0.97,0.875,0.99375,0.9722222222222222,0.934375,40
PROMEDIO_MACRO,190,790,10,10,0.9799999999999999,0.95,0.9875000000000002,0.9503968253968254,0.96875,200
