clase,TP,TN,FP,FN,Accuracy,Sensitivity,Specificity,Precision,Score,soporte
N,35,156,4,5,0.955,0.875,0.975,0.8974358974358975,0.925,40
AS,38,153,7,2,0.955,0.95,0.95625,0.8444444444444444,0.953125,40
MR,33,154,6,7,0.935,0.825,0.9625,0.8461538461538461,0.89375,40
MS,35,158,2,5,0.965,0.875,0.9875,0.9459459459459459,0.93125,40
MVP,33,153,7,7,0.93,0.825,0.95625,0.825,0.890625,40
PROMEDIO_MACRO,174,774,26,26,0.9479999999999998,0.8699999999999999,0.9674999999999999,0.8717960267960269,0.91875,200
