clase,TP,TN,FP,FN,Accuracy,Sensitivity,Specificity,Precision,Score,soporte
N,38,158,2,2,0.98,0.95,0.9875,0.95,0.96875,40
AS,39,155,5,1,0.97,0.975,0.96875,0.8863636363636364,0.971875,40
MR,33,152,8,7,0.925,0.825,0.95,0.8048780487804879,0.8875,40
MS,37,154,6,3,0.955,0.925,0.9625,0.8604651162790697,0.9437500000000001,40
MVP,30,158,2,10,0.94,0.75,0.9875,0.9375,0.86875,40
PROMEDIO_MACRO,177,777,23,23,0.954,0.885,0.9712500000000001,0.8878413602846388,0.928125,200
