clase,TP,TN,FP,FN,Accuracy,Sensitivity,Specificity,Precision,Score,soporte
N,39,158,2,1,0.985,0.975,0.9875,0.9512195121951219,0.98125,40
AS,38,157,3,2,0.975,0.95,0.98125,0.926829268292683,0.965625,40
MR,39,158,2,1,0.985,0.975,0.9875,0.9512195121951219,0.98125,40
MS,36,160,0,4,0.98,0.9,1.0,1.0,0.95,40
MVP,36,155,5,4,0.955,0.9,0.96875,0.8780487804878049,0.934375,40
PROMEDIO_MACRO,188,788,12,12,0.976,0.9400000000000001,0.985,0.9414634146341463,0.9625,200
