clase,TP,TN,FP,FN,Accuracy,Sensitivity,Specificity,Precision,Score,soporte
N,37,158,2,3,0.975,0.925,0.9875,0.9487179487179487,0.95625,40
AS,38,157,3,2,0.975,0.95,0.98125,0.926829268292683,0.965625,40
MR,39,156,4,1,0.975,0.975,0.975,0.9069767441860465,0.975,40
MS,37,156,4,3,0.965,0.925,0.975,0.9024390243902439,0.95,40
MVP,33,157,3,7,0.95,0.825,0.98125,0.9166666666666666,0.903125,40
PROMEDIO_MACRO,184,784,16,16,0.968,0.9200000000000002,0.9800000000000001,0.9203259304507178,0.95,200
