base,representacion,fold,clase,TP,TN,FP,FN,Accuracy,Sensitivity,Specificity,Precision,Score,soporte
original,DeepONMF_H3,1,PROMEDIO_MACRO,193,793,7,7,0.986,0.9650000000000001,0.99125,0.9662845712845713,0.978125,200
original,DeepONMF_H3,2,PROMEDIO_MACRO,191,791,9,9,0.982,0.9549999999999998,0.9887499999999999,0.9553595997498437,0.971875,200
original,DeepONMF_H3,3,PROMEDIO_MACRO,187,787,13,13,0.974,0.9349999999999999,0.98375,0.937039453971418,0.959375,200
original,DeepONMF_H3,4,PROMEDIO_MACRO,192,792,8,8,0.984,0.96,0.99,0.9612918660287082,0.975,200
original,DeepONMF_H3,5,PROMEDIO_MACRO,193,793,7,7,0.986,0.9650000000000001,0.99125,0.9665347276322886,0.978125,200
