clase,TP,TN,FP,FN,Accuracy,Sensitivity,Specificity,Precision,Score,soporte
N,35,149,11,5,0.92,0.875,0.93125,0.7608695652173914,0.903125,40
AS,29,147,13,11,0.88,0.725,0.91875,0.6904761904761905,0.8218749999999999,40
MR,33,153,7,7,0.93,0.825,0.95625,0.825,0.890625,40
MS,33,148,12,7,0.905,0.825,0.925,0.7333333333333333,0.875,40
MVP,21,154,6,19,0.875,0.525,0.9625,0.7777777777777778,0.74375,40
PROMEDIO_MACRO,151,751,49,49,0.9019999999999999,0.755,0.9387500000000001,0.7574913733609385,0.846875,200
