clase,TP,TN,FP,FN,Accuracy,Sensitivity,Specificity,Precision,Score,soporte
N,31,147,13,9,0.89,0.775,0.91875,0.7045454545454546,0.846875,40
AS,35,129,31,5,0.82,0.875,0.80625,0.5303030303030303,0.840625,40
MR,27,158,2,13,0.925,0.675,0.9875,0.9310344827586207,0.83125,40
MS,18,148,12,22,0.83,0.45,0.925,0.6,0.6875,40
MVP,23,152,8,17,0.875,0.575,0.95,0.7419354838709677,0.7625,40
PROMEDIO_MACRO,134,734,66,66,0.868,0.6700000000000002,0.9175000000000001,0.7015636902956146,0.79375,200
