clase,TP,TN,FP,FN,Accuracy,Sensitivity,Specificity,Precision,Score,soporte
N,34,156,4,6,0.95,0.85,0.975,0.8947368421052632,0.9125,40
AS,39,154,6,1,0.965,0.975,0.9625,0.8666666666666667,0.96875,40
MR,33,156,4,7,0.945,0.825,0.975,0.8918918918918919,0.8999999999999999,40
MS,36,157,3,4,0.965,0.9,0.98125,0.9230769230769231,0.940625,40
MVP,34,153,7,6,0.935,0.85,0.95625,0.8292682926829268,0.903125,40
PROMEDIO_MACRO,176,776,24,24,0.952,0.8799999999999999,0.97,0.8811281232847344,0.925,200
