distribucion,numero_capas,clasificador,representacion,Accuracy_mean,Accuracy_std,Sensitivity_mean,Sensitivity_std,Specificity_mean,Specificity_std,Precision_mean,Precision_std,Score_mean,Score_std
6-4-3,3,KNN,DeepONMF_H3,0.961,0.015165750888103128,0.9824999999999999,0.00927024810886961,0.875,0.055901699437494706,0.9692909460982456,0.013469959771224352,0.92875,0.029679275176459397
6-4-3,3,KNN,DeepONMF_W,0.906,0.012942179105544791,0.93125,0.011692679333668536,0.805,0.05419870847169699,0.9504172184430584,0.012971321923807818,0.868125,0.026645092184115208
6-4-3,3,SVM,DeepONMF_H3,0.9719999999999999,0.013964240043768963,0.9800000000000001,0.010269797953221907,0.9400000000000001,0.03354101966249681,0.9849286537597146,0.008426116230669987,0.96,0.02089314331305846
6-4-3,3,SVM,DeepONMF_W,0.915,0.0035355339059327407,0.9087500000000001,0.007126096406869597,0.9400000000000001,0.022360679774997828,0.9838187015281603,0.0059112050990278026,0.9243750000000001,0.008671523078444727
6-4-3,3,UjaNet,DeepONMF_H3,0.9890000000000001,0.004183300132670377,0.9962500000000001,0.0034232659844072462,0.96,0.013693063937629169,0.9900696840733072,0.0033775451542573456,0.978125,0.007328774624724115
6-4-3,3,UjaNet,DeepONMF_W,0.966,0.008215838362577488,0.97875,0.014388580541526674,0.915,0.04873397172404481,0.9789596273291925,0.01172074445272671,0.946875,0.019887378220871648
