distribucion,numero_capas,clasificador,representacion,Accuracy_mean,Accuracy_std,Sensitivity_mean,Sensitivity_std,Specificity_mean,Specificity_std,Precision_mean,Precision_std,Score_mean,Score_std
20-19-3-2,4,KNN,DeepONMF_H4,0.9408,0.010639548862616383,0.852,0.026598872156540762,0.9629999999999999,0.0066497180391352625,0.8619363846197572,0.027836413030995235,0.9075,0.016624295097838006
20-19-3-2,4,KNN,DeepONMF_W,0.8824,0.012759310326189266,0.7060000000000001,0.031898275815473144,0.9264999999999999,0.007974568953868269,0.7340310789274798,0.04118807418921922,0.8162499999999999,0.01993642238467074
20-19-3-2,4,SVM,DeepONMF_H4,0.96,0.010583005244258335,0.9,0.02645751311064595,0.975,0.006614378277661431,0.9011440743092335,0.027432835786532966,0.9375,0.01653594569415371
20-19-3-2,4,SVM,DeepONMF_W,0.8976,0.010990905331227293,0.744,0.027477263328068168,0.9359999999999999,0.0068693158320170455,0.7609425705555535,0.024286365595615096,0.8400000000000001,0.017173289580042623
20-19-3-2,4,UjaNet,DeepONMF_H4,0.9652,0.012296340919151463,0.913,0.030740852297878814,0.9782499999999998,0.007685213074469729,0.9152220364662739,0.029266645735976683,0.945625,0.01921303268617436
20-19-3-2,4,UjaNet,DeepONMF_W,0.9368000000000001,0.008786353054595483,0.842,0.021965882636488805,0.9605,0.005491470659122115,0.8476206937408156,0.02142039356793836,0.9012499999999999,0.013728676647805482
