clase,TP,TN,FP,FN,Accuracy,Sensitivity,Specificity,Precision,Score,soporte
N,36,158,2,4,0.97,0.9,0.9875,0.9473684210526315,0.9437500000000001,40
AS,37,160,0,3,0.985,0.925,1.0,1.0,0.9625,40
MR,35,154,6,5,0.945,0.875,0.9625,0.8536585365853658,0.91875,40
MS,37,156,4,3,0.965,0.925,0.975,0.9024390243902439,0.95,40
MVP,36,153,7,4,0.945,0.9,0.95625,0.8372093023255814,0.9281250000000001,40
PROMEDIO_MACRO,181,781,19,19,0.962,0.905,0.9762500000000001,0.9081350568707645,0.940625,200
