clase,TP,TN,FP,FN,Accuracy,Sensitivity,Specificity,Precision,Score,soporte
N,33,156,4,7,0.945,0.825,0.975,0.8918918918918919,0.8999999999999999,40
AS,38,154,6,2,0.96,0.95,0.9625,0.8636363636363636,0.95625,40
MR,33,151,9,7,0.92,0.825,0.94375,0.7857142857142857,0.8843749999999999,40
MS,35,158,2,5,0.965,0.875,0.9875,0.9459459459459459,0.93125,40
MVP,31,151,9,9,0.91,0.775,0.94375,0.775,0.859375,40
PROMEDIO_MACRO,170,770,30,30,0.9399999999999998,0.85,0.9625,0.8524376974376974,0.90625,200
