clase,TP,TN,FP,FN,Accuracy,Sensitivity,Specificity,Precision,Score,soporte
N,39,159,1,1,0.99,0.975,0.99375,0.975,0.984375,40
AS,38,157,3,2,0.975,0.95,0.98125,0.926829268292683,0.965625,40
MR,39,157,3,1,0.98,0.975,0.98125,0.9285714285714286,0.9781249999999999,40
MS,38,158,2,2,0.98,0.95,0.9875,0.95,0.96875,40
MVP,36,159,1,4,0.975,0.9,0.99375,0.972972972972973,0.946875,40
PROMEDIO_MACRO,190,790,10,10,0.9799999999999999,0.95,0.9875,0.9506747339674169,0.96875,200
