clase,TP,TN,FP,FN,Accuracy,Sensitivity,Specificity,Precision,Score,soporte
N,38,149,11,2,0.935,0.95,0.93125,0.7755102040816326,0.940625,40
AS,22,148,12,18,0.85,0.55,0.925,0.6470588235294118,0.7375,40
MR,31,148,12,9,0.895,0.775,0.925,0.7209302325581395,0.8500000000000001,40
MS,31,149,11,9,0.9,0.775,0.93125,0.7380952380952381,0.853125,40
MVP,25,153,7,15,0.89,0.625,0.95625,0.78125,0.790625,40
PROMEDIO_MACRO,147,747,53,53,0.8939999999999999,0.735,0.9337500000000001,0.7325688996528844,0.834375,200
