clase,TP,TN,FP,FN,Accuracy,Sensitivity,Specificity,Precision,Score,soporte
N,39,144,16,1,0.915,0.975,0.9,0.7090909090909091,0.9375,40
AS,34,140,20,6,0.87,0.85,0.875,0.6296296296296297,0.8625,40
MR,29,159,1,11,0.94,0.725,0.99375,0.9666666666666667,0.859375,40
MS,24,145,15,16,0.845,0.6,0.90625,0.6153846153846154,0.753125,40
MVP,18,156,4,22,0.87,0.45,0.975,0.8181818181818182,0.7125,40
PROMEDIO_MACRO,144,744,56,56,0.8880000000000001,0.72,0.9299999999999999,0.7477907277907279,0.825,200
