clase,TP,TN,FP,FN,Accuracy,Sensitivity,Specificity,Precision,Score,soporte
N,36,156,4,4,0.96,0.9,0.975,0.9,0.9375,40
AS,30,151,9,10,0.905,0.75,0.94375,0.7692307692307693,0.846875,40
MR,29,133,27,11,0.81,0.725,0.83125,0.5178571428571429,0.778125,40
MS,25,159,1,15,0.92,0.625,0.99375,0.9615384615384616,0.809375,40
MVP,25,146,14,15,0.855,0.625,0.9125,0.6410256410256411,0.76875,40
PROMEDIO_MACRO,145,745,55,55,0.8899999999999999,0.725,0.93125,0.757930402930403,0.828125,200
