clase,TP,TN,FP,FN,Accuracy,Sensitivity,Specificity,Precision,Score,soporte
N,37,159,1,3,0.98,0.925,0.99375,0.9736842105263158,0.9593750000000001,40
AS,37,155,5,3,0.96,0.925,0.96875,0.8809523809523809,0.946875,40
MR,31,147,13,9,0.89,0.775,0.91875,0.7045454545454546,0.846875,40
MS,31,157,3,9,0.94,0.775,0.98125,0.9117647058823529,0.878125,40
MVP,31,149,11,9,0.9,0.775,0.93125,0.7380952380952381,0.853125,40
PROMEDIO_MACRO,167,767,33,33,0.9339999999999999,0.835,0.95875,0.8418083980003483,0.896875,200
