clase,TP,TN,FP,FN,Accuracy,Sensitivity,Specificity,Precision,Score,soporte
N,40,159,1,0,0.995,1.0,0.99375,0.975609756097561,0.996875,40
AS,37,157,3,3,0.97,0.925,0.98125,0.925,0.953125,40
MR,40,159,1,0,0.995,1.0,0.99375,0.975609756097561,0.996875,40
MS,38,159,1,2,0.985,0.95,0.99375,0.9743589743589743,0.971875,40
MVP,37,158,2,3,0.975,0.925,0.9875,0.9487179487179487,0.95625,40
PROMEDIO_MACRO,192,792,8,8,0.984,0.96,0.99,0.959859287054409,0.975,200
