clase,TP,TN,FP,FN,Accuracy,Sensitivity,Specificity,Precision,Score,soporte
N,37,156,4,3,0.965,0.925,0.975,0.9024390243902439,0.95,40
AS,38,155,5,2,0.965,0.95,0.96875,0.8837209302325582,0.959375,40
MR,34,155,5,6,0.945,0.85,0.96875,0.8717948717948718,0.909375,40
MS,37,158,2,3,0.975,0.925,0.9875,0.9487179487179487,0.95625,40
MVP,34,156,4,6,0.95,0.85,0.975,0.8947368421052632,0.9125,40
PROMEDIO_MACRO,180,780,20,20,0.96,0.9,0.975,0.9002819234481771,0.9374999999999998,200
