clase,TP,TN,FP,FN,Accuracy,Sensitivity,Specificity,Precision,Score,soporte
N,33,154,6,7,0.935,0.825,0.9625,0.8461538461538461,0.89375,40
AS,23,158,2,17,0.905,0.575,0.9875,0.92,0.78125,40
MR,38,123,37,2,0.805,0.95,0.76875,0.5066666666666667,0.859375,40
MS,22,158,2,18,0.9,0.55,0.9875,0.9166666666666666,0.76875,40
MVP,25,148,12,15,0.865,0.625,0.925,0.6756756756756757,0.775,40
PROMEDIO_MACRO,141,741,59,59,0.882,0.7049999999999998,0.9262499999999999,0.773032571032571,0.815625,200
