clase,TP,TN,FP,FN,Accuracy,Sensitivity,Specificity,Precision,Score,soporte
N,36,147,13,4,0.915,0.9,0.91875,0.7346938775510204,0.909375,40
AS,33,122,38,7,0.775,0.825,0.7625,0.4647887323943662,0.79375,40
MR,28,152,8,12,0.9,0.7,0.95,0.7777777777777778,0.825,40
MS,10,151,9,30,0.805,0.25,0.94375,0.5263157894736842,0.596875,40
MVP,17,152,8,23,0.845,0.425,0.95,0.68,0.6875,40
PROMEDIO_MACRO,124,724,76,76,0.8480000000000001,0.6199999999999999,0.9049999999999999,0.6367152354393697,0.7625,200
