clase,TP,TN,FP,FN,Accuracy,Sensitivity,Specificity,Precision,Score,soporte
N,38,142,18,2,0.9,0.95,0.8875,0.6785714285714286,0.91875,40
AS,33,150,10,7,0.915,0.825,0.9375,0.7674418604651163,0.88125,40
MR,28,152,8,12,0.9,0.7,0.95,0.7777777777777778,0.825,40
MS,29,148,12,11,0.885,0.725,0.925,0.7073170731707317,0.825,40
MVP,20,156,4,20,0.88,0.5,0.975,0.8333333333333334,0.7375,40
PROMEDIO_MACRO,148,748,52,52,0.8959999999999999,0.74,0.9349999999999999,0.7528882946636777,0.8375,200
