clase,TP,TN,FP,FN,Accuracy,Sensitivity,Specificity,Precision,Score,soporte
N,40,158,2,0,0.99,1.0,0.9875,0.9523809523809523,0.99375,40
AS,38,158,2,2,0.98,0.95,0.9875,0.95,0.96875,40
MR,39,160,0,1,0.995,0.975,1.0,1.0,0.9875,40
MS,36,158,2,4,0.97,0.9,0.9875,0.9473684210526315,0.9437500000000001,40
MVP,37,156,4,3,0.965,0.925,0.975,0.9024390243902439,0.95,40
PROMEDIO_MACRO,190,790,10,10,0.9799999999999999,0.95,0.9875,0.9504376795647655,0.96875,200
