clase,TP,TN,FP,FN,Accuracy,Sensitivity,Specificity,Precision,Score,soporte
N,39,157,3,1,0.98,0.975,0.98125,0.9285714285714286,0.9781249999999999,40
AS,40,150,10,0,0.95,1.0,0.9375,0.8,0.96875,40
MR,33,156,4,7,0.945,0.825,0.975,0.8918918918918919,0.8999999999999999,40
MS,35,155,5,5,0.95,0.875,0.96875,0.875,0.921875,40
MVP,29,158,2,11,0.935,0.725,0.9875,0.9354838709677419,0.85625,40
PROMEDIO_MACRO,176,776,24,24,0.952,0.8799999999999999,0.97,0.8861894382862125,0.925,200
