clase,TP,TN,FP,FN,Accuracy,Sensitivity,Specificity,Precision,Score,soporte
N,36,152,8,4,0.94,0.9,0.95,0.8181818181818182,0.925,40
AS,36,121,39,4,0.785,0.9,0.75625,0.48,0.828125,40
MR,27,157,3,13,0.92,0.675,0.98125,0.9,0.828125,40
MS,11,153,7,29,0.82,0.275,0.95625,0.6111111111111112,0.6156250000000001,40
MVP,27,154,6,13,0.905,0.675,0.9625,0.8181818181818182,0.8187500000000001,40
PROMEDIO_MACRO,137,737,63,63,0.874,0.6849999999999999,0.92125,0.7254949494949495,0.803125,200
