epoca,loss_train,loss_val
1,1.5892876386642456,1.6457679271697998
2,2.6591773629188538,1.6226465702056885
