clase,TP,TN,FP,FN,Accuracy,Sensitivity,Specificity,Precision,Score,soporte
N,36,159,1,4,0.975,0.9,0.99375,0.972972972972973,0.946875,40
AS,40,158,2,0,0.99,1.0,0.9875,0.9523809523809523,0.99375,40
MR,39,148,12,1,0.935,0.975,0.925,0.7647058823529411,0.95,40
MS,35,159,1,5,0.97,0.875,0.99375,0.9722222222222222,0.934375,40
MVP,29,155,5,11,0.92,0.725,0.96875,0.8529411764705882,0.846875,40
PROMEDIO_MACRO,179,779,21,21,0.958,0.8949999999999999,0.9737500000000001,0.9030446412799353,0.934375,200
