clase,TP,TN,FP,FN,Accuracy,Sensitivity,Specificity,Precision,Score,soporte
N,35,154,6,5,0.945,0.875,0.9625,0.8536585365853658,0.91875,40
AS,38,150,10,2,0.94,0.95,0.9375,0.7916666666666666,0.94375,40
MR,33,156,4,7,0.945,0.825,0.975,0.8918918918918919,0.8999999999999999,40
MS,29,149,11,11,0.89,0.725,0.93125,0.725,0.828125,40
MVP,31,157,3,9,0.94,0.775,0.98125,0.9117647058823529,0.878125,40
PROMEDIO_MACRO,166,766,34,34,0.932,0.8300000000000001,0.9574999999999999,0.8347963602052555,0.89375,200
