clase,TP,TN,FP,FN,Accuracy,Sensitivity,Specificity,Precision,Score,soporte
N,37,152,8,3,0.945,0.925,0.95,0.8222222222222222,0.9375,40
AS,38,148,12,2,0.93,0.95,0.925,0.76,0.9375,40
MR,32,154,6,8,0.93,0.8,0.9625,0.8421052631578947,0.8812500000000001,40
MS,31,148,12,9,0.895,0.775,0.925,0.7209302325581395,0.8500000000000001,40
MVP,23,159,1,17,0.91,0.575,0.99375,0.9583333333333334,0.784375,40
PROMEDIO_MACRO,161,761,39,39,0.922,0.8049999999999999,0.9512500000000002,0.8207182102543179,0.878125,200
