clase,TP,TN,FP,FN,Accuracy,Sensitivity,Specificity,Precision,Score,soporte
N,38,141,19,2,0.895,0.95,0.88125,0.6666666666666666,0.9156249999999999,40
AS,27,145,15,13,0.86,0.675,0.90625,0.6428571428571429,0.790625,40
MR,29,154,6,11,0.915,0.725,0.9625,0.8285714285714286,0.84375,40
MS,28,144,16,12,0.86,0.7,0.9,0.6363636363636364,0.8,40
MVP,18,156,4,22,0.87,0.45,0.975,0.8181818181818182,0.7125,40
PROMEDIO_MACRO,140,740,60,60,0.8799999999999999,0.7,0.925,0.7185281385281386,0.8125,200
