clase,TP,TN,FP,FN,Accuracy,Sensitivity,Specificity,Precision,Score,soporte
N,37,159,1,3,0.98,0.925,0.99375,0.9736842105263158,0.9593750000000001,40
AS,34,159,1,6,0.965,0.85,0.99375,0.9714285714285714,0.921875,40
MR,37,145,15,3,0.91,0.925,0.90625,0.7115384615384616,0.915625,40
MS,33,159,1,7,0.96,0.825,0.99375,0.9705882352941176,0.909375,40
MVP,33,152,8,7,0.925,0.825,0.95,0.8048780487804879,0.8875,40
PROMEDIO_MACRO,174,774,26,26,0.9480000000000001,0.8700000000000001,0.9674999999999999,0.886423505513591,0.91875,200
