clase,TP,TN,FP,FN,Accuracy,Sensitivity,Specificity,Precision,Score,soporte
N,33,142,18,7,0.875,0.825,0.8875,0.6470588235294118,0.85625,40
AS,33,126,34,7,0.795,0.825,0.7875,0.4925373134328358,0.8062499999999999,40
MR,22,155,5,18,0.885,0.55,0.96875,0.8148148148148148,0.759375,40
MS,15,149,11,25,0.82,0.375,0.93125,0.5769230769230769,0.653125,40
MVP,20,151,9,20,0.855,0.5,0.94375,0.6896551724137931,0.721875,40
PROMEDIO_MACRO,123,723,77,77,0.8459999999999999,0.615,0.9037499999999999,0.6441978402227865,0.759375,200
