clase,TP,TN,FP,FN,Accuracy,Sensitivity,Specificity,Precision,Score,soporte
N,40,158,2,0,0.99,1.0,0.9875,0.9523809523809523,0.99375,40
AS,39,155,5,1,0.97,0.975,0.96875,0.8863636363636364,0.971875,40
MR,40,160,0,0,1.0,1.0,1.0,1.0,1.0,40
MS,38,160,0,2,0.99,0.95,1.0,1.0,0.975,40
MVP,35,159,1,5,0.97,0.875,0.99375,0.9722222222222222,0.934375,40
PROMEDIO_MACRO,192,792,8,8,0.984,0.96,0.99,0.9621933621933622,0.975,200
