clase,TP,TN,FP,FN,Accuracy,Sensitivity,Specificity,Precision,Score,soporte
N,39,155,5,1,0.97,0.975,0.96875,0.8863636363636364,0.971875,40
AS,38,154,6,2,0.96,0.95,0.9625,0.8636363636363636,0.95625,40
MR,33,154,6,7,0.935,0.825,0.9625,0.8461538461538461,0.89375,40
MS,37,152,8,3,0.945,0.925,0.95,0.8222222222222222,0.9375,40
MVP,26,158,2,14,0.92,0.65,0.9875,0.9285714285714286,0.8187500000000001,40
PROMEDIO_MACRO,173,773,27,27,0.9460000000000001,0.865,0.9662499999999999,0.8693894993894995,0.915625,200
