clase,TP,TN,FP,FN,Accuracy,Sensitivity,Specificity,Precision,Score,soporte
N,37,153,7,3,0.95,0.925,0.95625,0.8409090909090909,0.940625,40
AS,37,153,7,3,0.95,0.925,0.95625,0.8409090909090909,0.940625,40
MR,32,158,2,8,0.95,0.8,0.9875,0.9411764705882353,0.89375,40
MS,35,149,11,5,0.92,0.875,0.93125,0.7608695652173914,0.903125,40
MVP,30,158,2,10,0.94,0.75,0.9875,0.9375,0.86875,40
PROMEDIO_MACRO,171,771,29,29,0.9419999999999998,0.8550000000000001,0.9637500000000001,0.8642728435247617,0.9093750000000002,200
