clase,TP,TN,FP,FN,Accuracy,Sensitivity,Specificity,Precision,Score,soporte
N,37,147,13,3,0.92,0.925,0.91875,0.74,0.921875,40
AS,22,147,13,18,0.845,0.55,0.91875,0.6285714285714286,0.734375,40
MR,32,151,9,8,0.915,0.8,0.94375,0.7804878048780488,0.871875,40
MS,26,146,14,14,0.86,0.65,0.9125,0.65,0.78125,40
MVP,20,146,14,20,0.83,0.5,0.9125,0.5882352941176471,0.70625,40
PROMEDIO_MACRO,137,737,63,63,0.874,0.685,0.92125,0.6774589055134249,0.803125,200
