clase,TP,TN,FP,FN,Accuracy,Sensitivity,Specificity,Precision,Score,soporte
N,39,156,4,1,0.975,0.975,0.975,0.9069767441860465,0.975,40
AS,39,154,6,1,0.965,0.975,0.9625,0.8666666666666667,0.96875,40
MR,31,159,1,9,0.95,0.775,0.99375,0.96875,0.884375,40
MS,36,157,3,4,0.965,0.9,0.98125,0.9230769230769231,0.940625,40
MVP,35,154,6,5,0.945,0.875,0.9625,0.8536585365853658,0.91875,40
PROMEDIO_MACRO,180,780,20,20,0.96,0.9,0.975,0.9038257741030004,0.9375,200
