distribucion,numero_capas,clasificador,representacion,fold,clase,TP,TN,FP,FN,Accuracy,Sensitivity,Specificity,Precision,Score,soporte
14-8,2,UjaNet,DeepONMF_H2,1,PROMEDIO_MACRO,196,796,4,4,0.992,0.9800000000000001,0.9949999999999999,0.9811684628474191,0.9875,200
14-8,2,UjaNet,DeepONMF_H2,2,PROMEDIO_MACRO,182,782,18,18,0.9639999999999999,0.9099999999999999,0.9775,0.9111647361647363,0.94375,200
14-8,2,UjaNet,DeepONMF_H2,3,PROMEDIO_MACRO,186,786,14,14,0.9720000000000001,0.9299999999999999,0.9824999999999999,0.9313812232133276,0.95625,200
14-8,2,UjaNet,DeepONMF_H2,4,PROMEDIO_MACRO,190,790,10,10,0.9799999999999999,0.95,0.9875,0.9514877757901014,0.96875,200
14-8,2,UjaNet,DeepONMF_H2,5,PROMEDIO_MACRO,193,793,7,7,0.986,0.9650000000000001,0.99125,0.965224646983312,0.978125,200
