clase,TP,TN,FP,FN,Accuracy,Sensitivity,Specificity,Precision,Score,soporte
N,39,154,6,1,0.965,0.975,0.9625,0.8666666666666667,0.96875,40
AS,39,153,7,1,0.96,0.975,0.95625,0.8478260869565217,0.965625,40
MR,31,157,3,9,0.94,0.775,0.98125,0.9117647058823529,0.878125,40
MS,35,158,2,5,0.965,0.875,0.9875,0.9459459459459459,0.93125,40
MVP,33,155,5,7,0.94,0.825,0.96875,0.868421052631579,0.896875,40
PROMEDIO_MACRO,177,777,23,23,0.954,0.885,0.9712500000000001,0.8881248916166132,0.928125,200
