clase,precision,sensibilidad_recall,f1,soporte
N,1.0,0.8928571428571429,0.9433962264150944,140
AS,0.65625,0.3,0.4117647058823529,140
MR,0.6647058823529411,0.8071428571428572,0.7290322580645161,140
MS,0.5918367346938775,0.8285714285714286,0.6904761904761905,140
MVP,0.6620689655172414,0.6857142857142857,0.6736842105263158,140
TOTAL,0.714972316512812,0.7028571428571428,0.689670718272894,700
