clase,TP,TN,FP,FN,Accuracy,Sensitivity,Specificity,Precision,Score,soporte
N,37,142,18,3,0.895,0.925,0.8875,0.6727272727272727,0.90625,40
AS,27,150,10,13,0.885,0.675,0.9375,0.7297297297297297,0.80625,40
MR,32,152,8,8,0.92,0.8,0.95,0.8,0.875,40
MS,28,142,18,12,0.85,0.7,0.8875,0.6086956521739131,0.79375,40
MVP,17,155,5,23,0.86,0.425,0.96875,0.7727272727272727,0.696875,40
PROMEDIO_MACRO,141,741,59,59,0.882,0.7050000000000001,0.9262499999999999,0.7167759854716376,0.815625,200
