clase,TP,TN,FP,FN,Accuracy,Sensitivity,Specificity,Precision,Score,soporte
N,39,148,12,1,0.935,0.975,0.925,0.7647058823529411,0.95,40
AS,32,146,14,8,0.89,0.8,0.9125,0.6956521739130435,0.85625,40
MR,33,158,2,7,0.955,0.825,0.9875,0.9428571428571428,0.90625,40
MS,30,145,15,10,0.875,0.75,0.90625,0.6666666666666666,0.828125,40
MVP,22,159,1,18,0.905,0.55,0.99375,0.9565217391304348,0.7718750000000001,40
PROMEDIO_MACRO,156,756,44,44,0.9120000000000001,0.7799999999999999,0.9450000000000001,0.8052807209840458,0.8625,200
