clase,TP,TN,FP,FN,Accuracy,Sensitivity,Specificity,Precision,Score,soporte
N,38,145,15,2,0.915,0.95,0.90625,0.7169811320754716,0.928125,40
AS,35,151,9,5,0.93,0.875,0.94375,0.7954545454545454,0.909375,40
MR,33,153,7,7,0.93,0.825,0.95625,0.825,0.890625,40
MS,28,150,10,12,0.89,0.7,0.9375,0.7368421052631579,0.81875,40
MVP,20,155,5,20,0.875,0.5,0.96875,0.8,0.734375,40
PROMEDIO_MACRO,154,754,46,46,0.9080000000000001,0.7699999999999999,0.9425000000000001,0.774855556558635,0.85625,200
