clase,TP,TN,FP,FN,Accuracy,Sensitivity,Specificity,Precision,Score,soporte
N,39,145,15,1,0.92,0.975,0.90625,0.7222222222222222,0.940625,40
AS,29,144,16,11,0.865,0.725,0.9,0.6444444444444445,0.8125,40
MR,30,157,3,10,0.935,0.75,0.98125,0.9090909090909091,0.865625,40
MS,26,142,18,14,0.84,0.65,0.8875,0.5909090909090909,0.76875,40
MVP,21,157,3,19,0.89,0.525,0.98125,0.875,0.753125,40
PROMEDIO_MACRO,145,745,55,55,0.89,0.725,0.93125,0.7483333333333333,0.828125,200
