clase,TP,TN,FP,FN,Accuracy,Sensitivity,Specificity,Precision,Score,soporte
N,38,159,1,2,0.985,0.95,0.99375,0.9743589743589743,0.971875,40
AS,37,158,2,3,0.975,0.925,0.9875,0.9487179487179487,0.95625,40
MR,39,153,7,1,0.96,0.975,0.95625,0.8478260869565217,0.965625,40
MS,38,156,4,2,0.97,0.95,0.975,0.9047619047619048,0.9624999999999999,40
MVP,33,159,1,7,0.96,0.825,0.99375,0.9705882352941176,0.909375,40
PROMEDIO_MACRO,185,785,15,15,0.97,0.925,0.98125,0.9292506300178933,0.953125,200
