clase,TP,TN,FP,FN,Accuracy,Sensitivity,Specificity,Precision,Score,soporte
N,40,157,3,0,0.985,1.0,0.98125,0.9302325581395349,0.990625,40
AS,37,159,1,3,0.98,0.925,0.99375,0.9736842105263158,0.9593750000000001,40
MR,38,156,4,2,0.97,0.95,0.975,0.9047619047619048,0.9624999999999999,40
MS,36,159,1,4,0.975,0.9,0.99375,0.972972972972973,0.946875,40
MVP,38,158,2,2,0.98,0.95,0.9875,0.95,0.96875,40
PROMEDIO_MACRO,189,789,11,11,0.978,0.945,0.9862500000000001,0.9463303292801457,0.965625,200
