clase,TP,TN,FP,FN,Accuracy,Sensitivity,Specificity,Precision,Score,soporte
N,37,158,2,3,0.975,0.925,0.9875,0.9487179487179487,0.95625,40
AS,40,159,1,0,0.995,1.0,0.99375,0.975609756097561,0.996875,40
MR,38,154,6,2,0.96,0.95,0.9625,0.8636363636363636,0.95625,40
MS,38,158,2,2,0.98,0.95,0.9875,0.95,0.96875,40
MVP,33,157,3,7,0.95,0.825,0.98125,0.9166666666666666,0.903125,40
PROMEDIO_MACRO,186,786,14,14,0.9719999999999999,0.93,0.9825000000000002,0.930926147023708,0.95625,200
