clase,TP,TN,FP,FN,Accuracy,Sensitivity,Specificity,Precision,Score,soporte
N,37,152,8,3,0.945,0.925,0.95,0.8222222222222222,0.9375,40
AS,39,157,3,1,0.98,0.975,0.98125,0.9285714285714286,0.9781249999999999,40
MR,32,157,3,8,0.945,0.8,0.98125,0.9142857142857143,0.890625,40
MS,35,144,16,5,0.895,0.875,0.9,0.6862745098039216,0.8875,40
MVP,27,160,0,13,0.935,0.675,1.0,1.0,0.8375,40
PROMEDIO_MACRO,170,770,30,30,0.9399999999999998,0.85,0.9625,0.8702707749766573,0.90625,200
