clase,TP,TN,FP,FN,Accuracy,Sensitivity,Specificity,Precision,Score,soporte
N,36,159,1,4,0.975,0.9,0.99375,0.972972972972973,0.946875,40
AS,40,158,2,0,0.99,1.0,0.9875,0.9523809523809523,0.99375,40
MR,37,158,2,3,0.975,0.925,0.9875,0.9487179487179487,0.95625,40
MS,39,158,2,1,0.985,0.975,0.9875,0.9512195121951219,0.98125,40
MVP,37,156,4,3,0.965,0.925,0.975,0.9024390243902439,0.95,40
PROMEDIO_MACRO,189,789,11,11,0.978,0.9450000000000001,0.9862499999999998,0.945546082131448,0.965625,200
