clase,TP,TN,FP,FN,Accuracy,Sensitivity,Specificity,Precision,Score,soporte
N,39,158,2,1,0.985,0.975,0.9875,0.9512195121951219,0.98125,40
AS,39,154,6,1,0.965,0.975,0.9625,0.8666666666666667,0.96875,40
MR,35,157,3,5,0.96,0.875,0.98125,0.9210526315789473,0.928125,40
MS,37,157,3,3,0.97,0.925,0.98125,0.925,0.953125,40
MVP,33,157,3,7,0.95,0.825,0.98125,0.9166666666666666,0.903125,40
PROMEDIO_MACRO,183,783,17,17,0.966,0.915,0.9787500000000001,0.9161210954214806,0.946875,200
