clase,TP,TN,FP,FN,Accuracy,Sensitivity,Specificity,Precision,Score,soporte
N,38,159,1,2,0.985,0.95,0.99375,0.9743589743589743,0.971875,40
AS,38,157,3,2,0.975,0.95,0.98125,0.926829268292683,0.965625,40
MR,39,154,6,1,0.965,0.975,0.9625,0.8666666666666667,0.96875,40
MS,37,158,2,3,0.975,0.925,0.9875,0.9487179487179487,0.95625,40
MVP,34,158,2,6,0.96,0.85,0.9875,0.9444444444444444,0.91875,40
PROMEDIO_MACRO,186,786,14,14,0.9719999999999999,0.9299999999999999,0.9824999999999999,0.9322034604961434,0.95625,200
