clase,TP,TN,FP,FN,Accuracy,Sensitivity,Specificity,Precision,Score,soporte
N,38,159,1,2,0.985,0.95,0.99375,0.9743589743589743,0.971875,40
AS,35,144,16,5,0.895,0.875,0.9,0.6862745098039216,0.8875,40
MR,34,152,8,6,0.93,0.85,0.95,0.8095238095238095,0.8999999999999999,40
MS,27,158,2,13,0.925,0.675,0.9875,0.9310344827586207,0.83125,40
MVP,32,153,7,8,0.925,0.8,0.95625,0.8205128205128205,0.878125,40
PROMEDIO_MACRO,166,766,34,34,0.932,0.8299999999999998,0.9574999999999999,0.8443409193916294,0.89375,200
