clase,TP,TN,FP,FN,Accuracy,Sensitivity,Specificity,Precision,Score,soporte
N,38,149,11,2,0.935,0.95,0.93125,0.7755102040816326,0.940625,40
AS,26,150,10,14,0.88,0.65,0.9375,0.7222222222222222,0.79375,40
MR,30,151,9,10,0.905,0.75,0.94375,0.7692307692307693,0.846875,40
MS,30,148,12,10,0.89,0.75,0.925,0.7142857142857143,0.8375,40
MVP,26,152,8,14,0.89,0.65,0.95,0.7647058823529411,0.8,40
PROMEDIO_MACRO,150,750,50,50,0.9,0.75,0.9375,0.7491909584346559,0.84375,200
