clase,TP,TN,FP,FN,Accuracy,Sensitivity,Specificity,Precision,Score,soporte
N,37,146,14,3,0.915,0.925,0.9125,0.7254901960784313,0.91875,40
AS,28,144,16,12,0.86,0.7,0.9,0.6363636363636364,0.8,40
MR,35,154,6,5,0.945,0.875,0.9625,0.8536585365853658,0.91875,40
MS,29,151,9,11,0.9,0.725,0.94375,0.7631578947368421,0.834375,40
MVP,19,153,7,21,0.86,0.475,0.95625,0.7307692307692307,0.715625,40
PROMEDIO_MACRO,148,748,52,52,0.8959999999999999,0.74,0.9349999999999999,0.7418878989067013,0.8375,200
