clase,TP,TN,FP,FN,Accuracy,Sensitivity,Specificity,Precision,Score,soporte
N,31,156,4,9,0.935,0.775,0.975,0.8857142857142857,0.875,40
AS,22,157,3,18,0.895,0.55,0.98125,0.88,0.765625,40
MR,33,125,35,7,0.79,0.825,0.78125,0.4852941176470588,0.803125,40
MS,25,157,3,15,0.91,0.625,0.98125,0.8928571428571429,0.803125,40
MVP,27,143,17,13,0.85,0.675,0.89375,0.6136363636363636,0.784375,40
PROMEDIO_MACRO,138,738,62,62,0.876,0.6900000000000001,0.9225,0.7515003819709702,0.80625,200
