clase,TP,TN,FP,FN,Accuracy,Sensitivity,Specificity,Precision,Score,soporte
N,35,153,7,5,0.94,0.875,0.95625,0.8333333333333334,0.915625,40
AS,23,158,2,17,0.905,0.575,0.9875,0.92,0.78125,40
MR,33,139,21,7,0.86,0.825,0.86875,0.6111111111111112,0.846875,40
MS,24,159,1,16,0.915,0.6,0.99375,0.96,0.796875,40
MVP,27,133,27,13,0.8,0.675,0.83125,0.5,0.753125,40
PROMEDIO_MACRO,142,742,58,58,0.884,0.71,0.9275,0.764888888888889,0.81875,200
