clase,TP,TN,FP,FN,Accuracy,Sensitivity,Specificity,Precision,Score,soporte
N,37,142,18,3,0.895,0.925,0.8875,0.6727272727272727,0.90625,40
AS,29,153,7,11,0.91,0.725,0.95625,0.8055555555555556,0.840625,40
MR,30,153,7,10,0.915,0.75,0.95625,0.8108108108108109,0.853125,40
MS,29,145,15,11,0.87,0.725,0.90625,0.6590909090909091,0.815625,40
MVP,20,152,8,20,0.86,0.5,0.95,0.7142857142857143,0.725,40
PROMEDIO_MACRO,145,745,55,55,0.89,0.725,0.93125,0.7324940524940525,0.828125,200
