clase,TP,TN,FP,FN,Accuracy,Sensitivity,Specificity,Precision,Score,soporte
N,34,153,7,6,0.935,0.85,0.95625,0.8292682926829268,0.903125,40
AS,38,157,3,2,0.975,0.95,0.98125,0.926829268292683,0.965625,40
MR,32,146,14,8,0.89,0.8,0.9125,0.6956521739130435,0.85625,40
MS,34,158,2,6,0.96,0.85,0.9875,0.9444444444444444,0.91875,40
MVP,26,150,10,14,0.88,0.65,0.9375,0.7222222222222222,0.79375,40
PROMEDIO_MACRO,164,764,36,36,0.9280000000000002,0.82,0.9550000000000001,0.8236832803110641,0.8875,200
