clase,TP,TN,FP,FN,Accuracy,Sensitivity,Specificity,Precision,Score,soporte
N,39,157,3,1,0.98,0.975,0.98125,0.9285714285714286,0.9781249999999999,40
AS,37,158,2,3,0.975,0.925,0.9875,0.9487179487179487,0.95625,40
MR,40,158,2,0,0.99,1.0,0.9875,0.9523809523809523,0.99375,40
MS,38,159,1,2,0.985,0.95,0.99375,0.9743589743589743,0.971875,40
MVP,38,160,0,2,0.99,0.95,1.0,1.0,0.975,40
PROMEDIO_MACRO,192,792,8,8,0.984,0.96,0.9899999999999999,0.9608058608058607,0.975,200
