clase,TP,TN,FP,FN,Accuracy,Sensitivity,Specificity,Precision,Score,soporte
N,29,159,1,11,0.94,0.725,0.99375,0.9666666666666667,0.859375,40
AS,22,152,8,18,0.87,0.55,0.95,0.7333333333333333,0.75,40
MR,36,120,40,4,0.78,0.9,0.75,0.47368421052631576,0.825,40
MS,22,157,3,18,0.895,0.55,0.98125,0.88,0.765625,40
MVP,28,149,11,12,0.885,0.7,0.93125,0.717948717948718,0.815625,40
PROMEDIO_MACRO,137,737,63,63,0.874,0.6849999999999999,0.92125,0.7543265856950068,0.803125,200
