clase,TP,TN,FP,FN,Accuracy,Sensitivity,Specificity,Precision,Score,soporte
N,40,160,0,0,1.0,1.0,1.0,1.0,1.0,40
AS,39,156,4,1,0.975,0.975,0.975,0.9069767441860465,0.975,40
MR,35,155,5,5,0.95,0.875,0.96875,0.875,0.921875,40
MS,37,157,3,3,0.97,0.925,0.98125,0.925,0.953125,40
MVP,34,157,3,6,0.955,0.85,0.98125,0.918918918918919,0.9156249999999999,40
PROMEDIO_MACRO,185,785,15,15,0.97,0.925,0.98125,0.925179132620993,0.953125,200
