clase,TP,TN,FP,FN,Accuracy,Sensitivity,Specificity,Precision,Score,soporte
N,35,158,2,5,0.965,0.875,0.9875,0.9459459459459459,0.93125,40
AS,36,156,4,4,0.96,0.9,0.975,0.9,0.9375,40
MR,33,146,14,7,0.895,0.825,0.9125,0.7021276595744681,0.8687499999999999,40
MS,34,157,3,6,0.955,0.85,0.98125,0.918918918918919,0.9156249999999999,40
MVP,32,153,7,8,0.925,0.8,0.95625,0.8205128205128205,0.878125,40
PROMEDIO_MACRO,170,770,30,30,0.9400000000000001,0.85,0.9625,0.8575010689904307,0.90625,200
