clase,TP,TN,FP,FN,Accuracy,Sensitivity,Specificity,Precision,Score,soporte
N,34,159,1,6,0.965,0.85,0.99375,0.9714285714285714,0.921875,40
AS,37,159,1,3,0.98,0.925,0.99375,0.9736842105263158,0.9593750000000001,40
MR,39,150,10,1,0.945,0.975,0.9375,0.7959183673469388,0.95625,40
MS,32,160,0,8,0.96,0.8,1.0,1.0,0.9,40
MVP,34,148,12,6,0.91,0.85,0.925,0.7391304347826086,0.8875,40
PROMEDIO_MACRO,176,776,24,24,0.952,0.8799999999999999,0.97,0.896032316816887,0.925,200
