clase,TP,TN,FP,FN,Accuracy,Sensitivity,Specificity,Precision,Score,soporte
N,36,156,4,4,0.96,0.9,0.975,0.9,0.9375,40
AS,40,155,5,0,0.975,1.0,0.96875,0.8888888888888888,0.984375,40
MR,33,157,3,7,0.95,0.825,0.98125,0.9166666666666666,0.903125,40
MS,37,158,2,3,0.975,0.925,0.9875,0.9487179487179487,0.95625,40
MVP,35,155,5,5,0.95,0.875,0.96875,0.875,0.921875,40
PROMEDIO_MACRO,181,781,19,19,0.962,0.9049999999999999,0.97625,0.9058547008547008,0.940625,200
