clase,TP,TN,FP,FN,Accuracy,Sensitivity,Specificity,Precision,Score,soporte
N,39,158,2,1,0.985,0.975,0.9875,0.9512195121951219,0.98125,40
AS,36,158,2,4,0.97,0.9,0.9875,0.9473684210526315,0.9437500000000001,40
MR,40,157,3,0,0.985,1.0,0.98125,0.9302325581395349,0.990625,40
MS,37,160,0,3,0.985,0.925,1.0,1.0,0.9625,40
MVP,38,157,3,2,0.975,0.95,0.98125,0.926829268292683,0.965625,40
PROMEDIO_MACRO,190,790,10,10,0.9799999999999999,0.95,0.9875,0.9511299519359943,0.96875,200
