clase,TP,TN,FP,FN,Accuracy,Sensitivity,Specificity,Precision,Score,soporte
N,39,154,6,1,0.965,0.975,0.9625,0.8666666666666667,0.96875,40
AS,38,156,4,2,0.97,0.95,0.975,0.9047619047619048,0.9624999999999999,40
MR,39,159,1,1,0.99,0.975,0.99375,0.975,0.984375,40
MS,38,158,2,2,0.98,0.95,0.9875,0.95,0.96875,40
MVP,31,158,2,9,0.945,0.775,0.9875,0.9393939393939394,0.8812500000000001,40
PROMEDIO_MACRO,185,785,15,15,0.97,0.925,0.98125,0.9271645021645021,0.953125,200
