clase,TP,TN,FP,FN,Accuracy,Sensitivity,Specificity,Precision,Score,soporte
N,35,156,4,5,0.955,0.875,0.975,0.8974358974358975,0.925,40
AS,34,159,1,6,0.965,0.85,0.99375,0.9714285714285714,0.921875,40
MR,36,145,15,4,0.905,0.9,0.90625,0.7058823529411765,0.903125,40
MS,34,159,1,6,0.965,0.85,0.99375,0.9714285714285714,0.921875,40
MVP,32,152,8,8,0.92,0.8,0.95,0.8,0.875,40
PROMEDIO_MACRO,171,771,29,29,0.942,0.8550000000000001,0.9637499999999999,0.8692350786468435,0.909375,200
