clase,TP,TN,FP,FN,Accuracy,Sensitivity,Specificity,Precision,Score,soporte
N,37,146,14,3,0.915,0.925,0.9125,0.7254901960784313,0.91875,40
AS,33,114,46,7,0.735,0.825,0.7125,0.4177215189873418,0.76875,40
MR,20,153,7,20,0.865,0.5,0.95625,0.7407407407407407,0.728125,40
MS,17,152,8,23,0.845,0.425,0.95,0.68,0.6875,40
MVP,14,156,4,26,0.85,0.35,0.975,0.7777777777777778,0.6625,40
PROMEDIO_MACRO,121,721,79,79,0.8419999999999999,0.605,0.9012499999999999,0.6683460467168583,0.753125,200
