clase,TP,TN,FP,FN,Accuracy,Sensitivity,Specificity,Precision,Score,soporte
N,38,144,16,2,0.91,0.95,0.9,0.7037037037037037,0.925,40
AS,27,148,12,13,0.875,0.675,0.925,0.6923076923076923,0.8,40
MR,27,153,7,13,0.9,0.675,0.95625,0.7941176470588235,0.815625,40
MS,33,144,16,7,0.885,0.825,0.9,0.673469387755102,0.8625,40
MVP,19,155,5,21,0.87,0.475,0.96875,0.7916666666666666,0.721875,40
PROMEDIO_MACRO,144,744,56,56,0.8880000000000001,0.72,0.93,0.7310530194983976,0.825,200
