clase,TP,TN,FP,FN,Accuracy,Sensitivity,Specificity,Precision,Score,soporte
N,34,153,7,6,0.935,0.85,0.95625,0.8292682926829268,0.903125,40
AS,35,152,8,5,0.935,0.875,0.95,0.813953488372093,0.9125,40
MR,31,150,10,9,0.905,0.775,0.9375,0.7560975609756098,0.85625,40
MS,29,144,16,11,0.865,0.725,0.9,0.6444444444444445,0.8125,40
MVP,17,147,13,23,0.82,0.425,0.91875,0.5666666666666667,0.671875,40
PROMEDIO_MACRO,146,746,54,54,0.8920000000000001,0.73,0.9324999999999999,0.7220860906283482,0.83125,200
