distribucion,numero_capas,clasificador,representacion,fold,clase,TP,TN,FP,FN,Accuracy,Sensitivity,Specificity,Precision,Score,soporte
10-13-18,3,UjaNet,DeepONMF_H3,1,PROMEDIO_MACRO,189,789,11,11,0.978,0.945,0.9862500000000001,0.9446858233764523,0.965625,200
10-13-18,3,UjaNet,DeepONMF_H3,2,PROMEDIO_MACRO,172,772,28,28,0.9440000000000002,0.8600000000000001,0.9650000000000001,0.8690833333333334,0.9125,200
10-13-18,3,UjaNet,DeepONMF_H3,3,PROMEDIO_MACRO,177,777,23,23,0.9540000000000001,0.885,0.9712500000000001,0.8930345276494501,0.928125,200
10-13-18,3,UjaNet,DeepONMF_H3,4,PROMEDIO_MACRO,188,788,12,12,0.976,0.9400000000000001,0.985,0.9405905006418486,0.9625,200
10-13-18,3,UjaNet,DeepONMF_H3,5,PROMEDIO_MACRO,188,788,12,12,0.976,0.9400000000000001,0.985,0.9400312333239162,0.9625,200
