clase,TP,TN,FP,FN,Accuracy,Sensitivity,Specificity,Precision,Score,soporte
N,38,159,1,2,0.985,0.95,0.99375,0.9743589743589743,0.971875,40
AS,39,158,2,1,0.985,0.975,0.9875,0.9512195121951219,0.98125,40
MR,36,158,2,4,0.97,0.9,0.9875,0.9473684210526315,0.9437500000000001,40
MS,40,156,4,0,0.98,1.0,0.975,0.9090909090909091,0.9875,40
MVP,37,159,1,3,0.98,0.925,0.99375,0.9736842105263158,0.9593750000000001,40
PROMEDIO_MACRO,190,790,10,10,0.9800000000000001,0.95,0.9875,0.9511444054447905,0.96875,200
