clase,TP,TN,FP,FN,Accuracy,Sensitivity,Specificity,Precision,Score,soporte
N,30,147,13,10,0.885,0.75,0.91875,0.6976744186046512,0.834375,40
AS,34,119,41,6,0.765,0.85,0.74375,0.4533333333333333,0.796875,40
MR,22,153,7,18,0.875,0.55,0.95625,0.7586206896551724,0.753125,40
MS,15,150,10,25,0.825,0.375,0.9375,0.6,0.65625,40
MVP,18,150,10,22,0.84,0.45,0.9375,0.6428571428571429,0.69375,40
PROMEDIO_MACRO,119,719,81,81,0.8379999999999999,0.5950000000000001,0.89875,0.6304971168900599,0.7468750000000001,200
