clase,TP,TN,FP,FN,Accuracy,Sensitivity,Specificity,Precision,Score,soporte
N,39,157,3,1,0.98,0.975,0.98125,0.9285714285714286,0.9781249999999999,40
AS,38,155,5,2,0.965,0.95,0.96875,0.8837209302325582,0.959375,40
MR,32,155,5,8,0.935,0.8,0.96875,0.8648648648648649,0.884375,40
MS,35,154,6,5,0.945,0.875,0.9625,0.8536585365853658,0.91875,40
MVP,32,155,5,8,0.935,0.8,0.96875,0.8648648648648649,0.884375,40
PROMEDIO_MACRO,176,776,24,24,0.952,0.8799999999999999,0.97,0.8791361250238164,0.925,200
