clase,TP,TN,FP,FN,Accuracy,Sensitivity,Specificity,Precision,Score,soporte
N,37,153,7,3,0.95,0.925,0.95625,0.8409090909090909,0.940625,40
AS,36,153,7,4,0.945,0.9,0.95625,0.8372093023255814,0.9281250000000001,40
MR,31,158,2,9,0.945,0.775,0.9875,0.9393939393939394,0.8812500000000001,40
MS,36,149,11,4,0.925,0.9,0.93125,0.7659574468085106,0.915625,40
MVP,31,158,2,9,0.945,0.775,0.9875,0.9393939393939394,0.8812500000000001,40
PROMEDIO_MACRO,171,771,29,29,0.942,0.8550000000000001,0.9637500000000001,0.8645727437662124,0.909375,200
