clase,TP,TN,FP,FN,Accuracy,Sensitivity,Specificity,Precision,Score,soporte
N,40,160,0,0,1.0,1.0,1.0,1.0,1.0,40
AS,37,159,1,3,0.98,0.925,0.99375,0.9736842105263158,0.9593750000000001,40
MR,39,159,1,1,0.99,0.975,0.99375,0.975,0.984375,40
MS,37,158,2,3,0.975,0.925,0.9875,0.9487179487179487,0.95625,40
MVP,36,153,7,4,0.945,0.9,0.95625,0.8372093023255814,0.9281250000000001,40
PROMEDIO_MACRO,189,789,11,11,0.978,0.9450000000000001,0.9862499999999998,0.9469222923139691,0.965625,200
