clase,TP,TN,FP,FN,Accuracy,Sensitivity,Specificity,Precision,Score,soporte
N,40,157,3,0,0.985,1.0,0.98125,0.9302325581395349,0.990625,40
AS,35,159,1,5,0.97,0.875,0.99375,0.9722222222222222,0.934375,40
MR,38,154,6,2,0.96,0.95,0.9625,0.8636363636363636,0.95625,40
MS,36,158,2,4,0.97,0.9,0.9875,0.9473684210526315,0.9437500000000001,40
MVP,36,157,3,4,0.965,0.9,0.98125,0.9230769230769231,0.940625,40
PROMEDIO_MACRO,185,785,15,15,0.97,0.925,0.98125,0.9273072976255351,0.953125,200
