clase,TP,TN,FP,FN,Accuracy,Sensitivity,Specificity,Precision,Score,soporte
N,38,142,18,2,0.9,0.95,0.8875,0.6785714285714286,0.91875,40
AS,28,150,10,12,0.89,0.7,0.9375,0.7368421052631579,0.81875,40
MR,31,154,6,9,0.925,0.775,0.9625,0.8378378378378378,0.86875,40
MS,28,148,12,12,0.88,0.7,0.925,0.7,0.8125,40
MVP,25,156,4,15,0.905,0.625,0.975,0.8620689655172413,0.8,40
PROMEDIO_MACRO,150,750,50,50,0.9,0.75,0.9375,0.7630640674379331,0.84375,200
