clase,TP,TN,FP,FN,Accuracy,Sensitivity,Specificity,Precision,Score,soporte
N,40,154,6,0,0.97,1.0,0.9625,0.8695652173913043,0.98125,40
AS,35,159,1,5,0.97,0.875,0.99375,0.9722222222222222,0.934375,40
MR,36,156,4,4,0.96,0.9,0.975,0.9,0.9375,40
MS,37,159,1,3,0.98,0.925,0.99375,0.9736842105263158,0.9593750000000001,40
MVP,35,155,5,5,0.95,0.875,0.96875,0.875,0.921875,40
PROMEDIO_MACRO,183,783,17,17,0.966,0.915,0.97875,0.9180943300279685,0.946875,200
