clase,TP,TN,FP,FN,Accuracy,Sensitivity,Specificity,Precision,Score,soporte
N,38,157,3,2,0.975,0.95,0.98125,0.926829268292683,0.965625,40
AS,39,159,1,1,0.99,0.975,0.99375,0.975,0.984375,40
MR,34,160,0,6,0.97,0.85,1.0,1.0,0.925,40
MS,39,157,3,1,0.98,0.975,0.98125,0.9285714285714286,0.9781249999999999,40
MVP,38,155,5,2,0.965,0.95,0.96875,0.8837209302325582,0.959375,40
PROMEDIO_MACRO,188,788,12,12,0.976,0.9400000000000001,0.985,0.9428243254193338,0.9625,200
