clase,TP,TN,FP,FN,Accuracy,Sensitivity,Specificity,Precision,Score,soporte
N,38,157,3,2,0.975,0.95,0.98125,0.926829268292683,0.965625,40
AS,37,157,3,3,0.97,0.925,0.98125,0.925,0.953125,40
MR,37,156,4,3,0.965,0.925,0.975,0.9024390243902439,0.95,40
MS,38,158,2,2,0.98,0.95,0.9875,0.95,0.96875,40
MVP,36,158,2,4,0.97,0.9,0.9875,0.9473684210526315,0.9437500000000001,40
PROMEDIO_MACRO,186,786,14,14,0.9719999999999999,0.93,0.9824999999999999,0.9303273427471117,0.95625,200
