clase,TP,TN,FP,FN,Accuracy,Sensitivity,Specificity,Precision,Score,soporte
N,35,156,4,5,0.955,0.875,0.975,0.8974358974358975,0.925,40
AS,31,158,2,9,0.945,0.775,0.9875,0.9393939393939394,0.8812500000000001,40
MR,33,141,19,7,0.87,0.825,0.88125,0.6346153846153846,0.8531249999999999,40
MS,31,158,2,9,0.945,0.775,0.9875,0.9393939393939394,0.8812500000000001,40
MVP,28,145,15,12,0.865,0.7,0.90625,0.6511627906976745,0.803125,40
PROMEDIO_MACRO,158,758,42,42,0.916,0.7899999999999998,0.9475,0.8124003903073671,0.86875,200
