clase,TP,TN,FP,FN,Accuracy,Sensitivity,Specificity,Precision,Score,soporte
N,38,159,1,2,0.985,0.95,0.99375,0.9743589743589743,0.971875,40
AS,34,156,4,6,0.95,0.85,0.975,0.8947368421052632,0.9125,40
MR,39,150,10,1,0.945,0.975,0.9375,0.7959183673469388,0.95625,40
MS,36,156,4,4,0.96,0.9,0.975,0.9,0.9375,40
MVP,31,157,3,9,0.94,0.775,0.98125,0.9117647058823529,0.878125,40
PROMEDIO_MACRO,178,778,22,22,0.9559999999999998,0.89,0.9724999999999999,0.8953557779387058,0.93125,200
