clase,TP,TN,FP,FN,Accuracy,Sensitivity,Specificity,Precision,Score,soporte
N,36,142,18,4,0.89,0.9,0.8875,0.6666666666666666,0.89375,40
AS,31,152,8,9,0.915,0.775,0.95,0.7948717948717948,0.8625,40
MR,33,153,7,7,0.93,0.825,0.95625,0.825,0.890625,40
MS,30,147,13,10,0.885,0.75,0.91875,0.6976744186046512,0.834375,40
MVP,17,153,7,23,0.85,0.425,0.95625,0.7083333333333334,0.690625,40
PROMEDIO_MACRO,147,747,53,53,0.8939999999999999,0.735,0.9337500000000001,0.7385092426952892,0.834375,200
