clase,TP,TN,FP,FN,Accuracy,Sensitivity,Specificity,Precision,Score,soporte
N,37,144,16,3,0.905,0.925,0.9,0.6981132075471698,0.9125000000000001,40
AS,33,149,11,7,0.91,0.825,0.93125,0.75,0.878125,40
MR,29,155,5,11,0.92,0.725,0.96875,0.8529411764705882,0.846875,40
MS,28,144,16,12,0.86,0.7,0.9,0.6363636363636364,0.8,40
MVP,19,154,6,21,0.865,0.475,0.9625,0.76,0.71875,40
PROMEDIO_MACRO,146,746,54,54,0.892,0.73,0.9324999999999999,0.7394836040762789,0.83125,200
