clase,TP,TN,FP,FN,Accuracy,Sensitivity,Specificity,Precision,Score,soporte
N,37,146,14,3,0.915,0.925,0.9125,0.7254901960784313,0.91875,40
AS,28,150,10,12,0.89,0.7,0.9375,0.7368421052631579,0.81875,40
MR,31,153,7,9,0.92,0.775,0.95625,0.8157894736842105,0.8656250000000001,40
MS,25,150,10,15,0.875,0.625,0.9375,0.7142857142857143,0.78125,40
MVP,27,149,11,13,0.88,0.675,0.93125,0.7105263157894737,0.8031250000000001,40
PROMEDIO_MACRO,148,748,52,52,0.8960000000000001,0.74,0.9350000000000002,0.7405867610201975,0.8375,200
