clase,TP,TN,FP,FN,Accuracy,Sensitivity,Specificity,Precision,Score,soporte
N,38,135,25,2,0.865,0.95,0.84375,0.6031746031746031,0.896875,40
AS,25,142,18,15,0.835,0.625,0.8875,0.5813953488372093,0.75625,40
MR,21,155,5,19,0.88,0.525,0.96875,0.8076923076923077,0.746875,40
MS,24,143,17,16,0.835,0.6,0.89375,0.5853658536585366,0.746875,40
MVP,13,146,14,27,0.795,0.325,0.9125,0.48148148148148145,0.61875,40
PROMEDIO_MACRO,121,721,79,79,0.842,0.6050000000000001,0.9012499999999999,0.6118219189688276,0.7531249999999999,200
