clase,TP,TN,FP,FN,Accuracy,Sensitivity,Specificity,Precision,Score,soporte
N,36,147,13,4,0.915,0.9,0.91875,0.7346938775510204,0.909375,40
AS,32,137,23,8,0.845,0.8,0.85625,0.5818181818181818,0.828125,40
MR,35,153,7,5,0.94,0.875,0.95625,0.8333333333333334,0.915625,40
MS,26,150,10,14,0.88,0.65,0.9375,0.7222222222222222,0.79375,40
MVP,16,158,2,24,0.87,0.4,0.9875,0.8888888888888888,0.6937500000000001,40
PROMEDIO_MACRO,145,745,55,55,0.89,0.725,0.93125,0.7521913007627294,0.828125,200
