clase,TP,TN,FP,FN,Accuracy,Sensitivity,Specificity,Precision,Score,soporte
N,37,156,4,3,0.965,0.925,0.975,0.9024390243902439,0.95,40
AS,39,151,9,1,0.95,0.975,0.94375,0.8125,0.959375,40
MR,30,160,0,10,0.95,0.75,1.0,1.0,0.875,40
MS,38,155,5,2,0.965,0.95,0.96875,0.8837209302325582,0.959375,40
MVP,34,156,4,6,0.95,0.85,0.975,0.8947368421052632,0.9125,40
PROMEDIO_MACRO,178,778,22,22,0.9560000000000001,0.8899999999999999,0.9724999999999999,0.8986793593456129,0.93125,200
