clase,TP,TN,FP,FN,Accuracy,Sensitivity,Specificity,Precision,Score,soporte
N,39,159,1,1,0.99,0.975,0.99375,0.975,0.984375,40
AS,36,159,1,4,0.975,0.9,0.99375,0.972972972972973,0.946875,40
MR,40,159,1,0,0.995,1.0,0.99375,0.975609756097561,0.996875,40
MS,38,158,2,2,0.98,0.95,0.9875,0.95,0.96875,40
MVP,38,156,4,2,0.97,0.95,0.975,0.9047619047619048,0.9624999999999999,40
PROMEDIO_MACRO,191,791,9,9,0.982,0.9550000000000001,0.9887499999999999,0.9556689267664877,0.971875,200
