clase,TP,TN,FP,FN,Accuracy,Sensitivity,Specificity,Precision,Score,soporte
N,39,158,2,1,0.985,0.975,0.9875,0.9512195121951219,0.98125,40
AS,38,156,4,2,0.97,0.95,0.975,0.9047619047619048,0.9624999999999999,40
MR,39,159,1,1,0.99,0.975,0.99375,0.975,0.984375,40
MS,37,158,2,3,0.975,0.925,0.9875,0.9487179487179487,0.95625,40
MVP,35,157,3,5,0.96,0.875,0.98125,0.9210526315789473,0.928125,40
PROMEDIO_MACRO,188,788,12,12,0.9760000000000002,0.9400000000000001,0.985,0.9401503994507845,0.9624999999999998,200
