clase,TP,TN,FP,FN,Accuracy,Sensitivity,Specificity,Precision,Score,soporte
N,37,140,20,3,0.885,0.925,0.875,0.6491228070175439,0.9,40
AS,30,135,25,10,0.825,0.75,0.84375,0.5454545454545454,0.796875,40
MR,31,156,4,9,0.935,0.775,0.975,0.8857142857142857,0.875,40
MS,18,149,11,22,0.835,0.45,0.93125,0.6206896551724138,0.690625,40
MVP,18,154,6,22,0.86,0.45,0.9625,0.75,0.70625,40
PROMEDIO_MACRO,134,734,66,66,0.868,0.6700000000000002,0.9175000000000001,0.6901962586717577,0.79375,200
