clase,TP,TN,FP,FN,Accuracy,Sensitivity,Specificity,Precision,Score,soporte
N,38,149,11,2,0.935,0.95,0.93125,0.7755102040816326,0.940625,40
AS,28,146,14,12,0.87,0.7,0.9125,0.6666666666666666,0.8062499999999999,40
MR,29,154,6,11,0.915,0.725,0.9625,0.8285714285714286,0.84375,40
MS,28,148,12,12,0.88,0.7,0.925,0.7,0.8125,40
MVP,26,152,8,14,0.89,0.65,0.95,0.7647058823529411,0.8,40
PROMEDIO_MACRO,149,749,51,51,0.898,0.745,0.93625,0.7470908363345338,0.840625,200
