clase,TP,TN,FP,FN,Accuracy,Sensitivity,Specificity,Precision,Score,soporte
N,35,154,6,5,0.945,0.875,0.9625,0.8536585365853658,0.91875,40
AS,37,148,12,3,0.925,0.925,0.925,0.7551020408163265,0.925,40
MR,30,156,4,10,0.93,0.75,0.975,0.8823529411764706,0.8625,40
MS,35,149,11,5,0.92,0.875,0.93125,0.7608695652173914,0.903125,40
MVP,26,156,4,14,0.91,0.65,0.975,0.8666666666666667,0.8125,40
PROMEDIO_MACRO,163,763,37,37,0.9259999999999999,0.8150000000000001,0.95375,0.8237299500924443,0.884375,200
