clase,TP,TN,FP,FN,Accuracy,Sensitivity,Specificity,Precision,Score,soporte
N,40,157,3,0,0.985,1.0,0.98125,0.9302325581395349,0.990625,40
AS,37,159,1,3,0.98,0.925,0.99375,0.9736842105263158,0.9593750000000001,40
MR,37,157,3,3,0.97,0.925,0.98125,0.925,0.953125,40
MS,37,159,1,3,0.98,0.925,0.99375,0.9736842105263158,0.9593750000000001,40
MVP,39,158,2,1,0.985,0.975,0.9875,0.9512195121951219,0.98125,40
PROMEDIO_MACRO,190,790,10,10,0.9799999999999999,0.95,0.9875,0.9507640982774577,0.96875,200
