clase,TP,TN,FP,FN,Accuracy,Sensitivity,Specificity,Precision,Score,soporte
N,37,158,2,3,0.975,0.925,0.9875,0.9487179487179487,0.95625,40
AS,40,158,2,0,0.99,1.0,0.9875,0.9523809523809523,0.99375,40
MR,37,153,7,3,0.95,0.925,0.95625,0.8409090909090909,0.940625,40
MS,37,159,1,3,0.98,0.925,0.99375,0.9736842105263158,0.9593750000000001,40
MVP,32,155,5,8,0.935,0.8,0.96875,0.8648648648648649,0.884375,40
PROMEDIO_MACRO,183,783,17,17,0.966,0.915,0.9787500000000001,0.9161114134798346,0.946875,200
