distribucion,numero_capas,clasificador,representacion,Accuracy_mean,Accuracy_std,Sensitivity_mean,Sensitivity_std,Specificity_mean,Specificity_std,Precision_mean,Precision_std,Score_mean,Score_std
12-8-4,3,KNN,DeepONMF_H3,0.9640000000000001,0.009617692030835673,0.99,0.00559016994374948,0.86,0.03354101966249683,0.9658891739335015,0.007983500698258334,0.925,0.018221724671391586
12-8-4,3,KNN,DeepONMF_W,0.9019999999999999,0.009082951062292463,0.9175000000000001,0.012022115038544636,0.8400000000000001,0.028504385627478455,0.9582886513944864,0.0069728088859416296,0.8787499999999999,0.013147302479976657
12-8-4,3,SVM,DeepONMF_H3,0.9719999999999999,0.013509256086106319,0.9800000000000001,0.012022115038544591,0.9400000000000001,0.02850438562747841,0.984928049114545,0.007157698199021125,0.96,0.01814115659212495
12-8-4,3,SVM,DeepONMF_W,0.924,0.008944271909999165,0.9175000000000001,0.011180339887498971,0.95,0.024999999999999998,0.9866113855379524,0.006599524756440505,0.9337500000000001,0.01218349293101119
12-8-4,3,UjaNet,DeepONMF_H3,0.983,0.009082951062292463,0.9887499999999999,0.006846531968814579,0.96,0.03791437722025777,0.9900616307349969,0.009356700790545987,0.974375,0.01905993835247105
12-8-4,3,UjaNet,DeepONMF_W,0.9640000000000001,0.004183300132670422,0.975,0.011692679333668576,0.9199999999999999,0.02738612787525829,0.9799936982945365,0.006425098349376757,0.9475,0.008088861940965518
