clase,TP,TN,FP,FN,Accuracy,Sensitivity,Specificity,Precision,Score,soporte
N,37,148,12,3,0.925,0.925,0.925,0.7551020408163265,0.925,40
AS,32,144,16,8,0.88,0.8,0.9,0.6666666666666666,0.8500000000000001,40
MR,26,155,5,14,0.905,0.65,0.96875,0.8387096774193549,0.809375,40
MS,31,145,15,9,0.88,0.775,0.90625,0.6739130434782609,0.840625,40
MVP,20,154,6,20,0.87,0.5,0.9625,0.7692307692307693,0.73125,40
PROMEDIO_MACRO,146,746,54,54,0.892,0.73,0.9325000000000001,0.7407244395222756,0.83125,200
