clase,TP,TN,FP,FN,Accuracy,Sensitivity,Specificity,Precision,Score,soporte
N,38,146,14,2,0.92,0.95,0.9125,0.7307692307692307,0.9312499999999999,40
AS,27,144,16,13,0.855,0.675,0.9,0.627906976744186,0.7875000000000001,40
MR,30,155,5,10,0.925,0.75,0.96875,0.8571428571428571,0.859375,40
MS,25,149,11,15,0.87,0.625,0.93125,0.6944444444444444,0.778125,40
MVP,26,152,8,14,0.89,0.65,0.95,0.7647058823529411,0.8,40
PROMEDIO_MACRO,146,746,54,54,0.892,0.73,0.9324999999999999,0.7349938782907319,0.83125,200
