clase,TP,TN,FP,FN,Accuracy,Sensitivity,Specificity,Precision,Score,soporte
N,39,159,1,1,0.99,0.975,0.99375,0.975,0.984375,40
AS,38,157,3,2,0.975,0.95,0.98125,0.926829268292683,0.965625,40
MR,40,158,2,0,0.99,1.0,0.9875,0.9523809523809523,0.99375,40
MS,36,159,1,4,0.975,0.9,0.99375,0.972972972972973,0.946875,40
MVP,37,157,3,3,0.97,0.925,0.98125,0.925,0.953125,40
PROMEDIO_MACRO,190,790,10,10,0.9800000000000001,0.95,0.9875,0.9504366387293215,0.96875,200
