clase,TP,TN,FP,FN,Accuracy,Sensitivity,Specificity,Precision,Score,soporte
N,40,159,1,0,0.995,1.0,0.99375,0.975609756097561,0.996875,40
AS,38,157,3,2,0.975,0.95,0.98125,0.926829268292683,0.965625,40
MR,38,158,2,2,0.98,0.95,0.9875,0.95,0.96875,40
MS,38,156,4,2,0.97,0.95,0.975,0.9047619047619048,0.9624999999999999,40
MVP,34,158,2,6,0.96,0.85,0.9875,0.9444444444444444,0.91875,40
PROMEDIO_MACRO,188,788,12,12,0.976,0.9399999999999998,0.9850000000000001,0.9403290747193186,0.9625,200
