clase,TP,TN,FP,FN,Accuracy,Sensitivity,Specificity,Precision,Score,soporte
N,40,156,4,0,0.98,1.0,0.975,0.9090909090909091,0.9875,40
AS,38,158,2,2,0.98,0.95,0.9875,0.95,0.96875,40
MR,39,159,1,1,0.99,0.975,0.99375,0.975,0.984375,40
MS,38,159,1,2,0.985,0.95,0.99375,0.9743589743589743,0.971875,40
MVP,36,159,1,4,0.975,0.9,0.99375,0.972972972972973,0.946875,40
PROMEDIO_MACRO,191,791,9,9,0.982,0.9550000000000001,0.9887499999999999,0.9562845712845712,0.971875,200
