clase,TP,TN,FP,FN,Accuracy,Sensitivity,Specificity,Precision,Score,soporte
N,37,156,4,3,0.965,0.925,0.975,0.9024390243902439,0.95,40
AS,39,156,4,1,0.975,0.975,0.975,0.9069767441860465,0.975,40
MR,35,154,6,5,0.945,0.875,0.9625,0.8536585365853658,0.91875,40
MS,38,158,2,2,0.98,0.95,0.9875,0.95,0.96875,40
MVP,31,156,4,9,0.935,0.775,0.975,0.8857142857142857,0.875,40
PROMEDIO_MACRO,180,780,20,20,0.96,0.9,0.975,0.8997577181751882,0.9375,200
