clase,TP,TN,FP,FN,Accuracy,Sensitivity,Specificity,Precision,Score,soporte
N,39,158,2,1,0.985,0.975,0.9875,0.9512195121951219,0.98125,40
AS,40,155,5,0,0.975,1.0,0.96875,0.8888888888888888,0.984375,40
MR,33,153,7,7,0.93,0.825,0.95625,0.825,0.890625,40
MS,38,154,6,2,0.96,0.95,0.9625,0.8636363636363636,0.95625,40
MVP,28,158,2,12,0.93,0.7,0.9875,0.9333333333333333,0.84375,40
PROMEDIO_MACRO,178,778,22,22,0.9560000000000001,0.89,0.9724999999999999,0.8924156196107415,0.93125,200
