clase,TP,TN,FP,FN,Accuracy,Sensitivity,Specificity,Precision,Score,soporte
N,38,149,11,2,0.935,0.95,0.93125,0.7755102040816326,0.940625,40
AS,22,145,15,18,0.835,0.55,0.90625,0.5945945945945946,0.728125,40
MR,31,150,10,9,0.905,0.775,0.9375,0.7560975609756098,0.85625,40
MS,26,145,15,14,0.855,0.65,0.90625,0.6341463414634146,0.778125,40
MVP,22,150,10,18,0.86,0.55,0.9375,0.6875,0.74375,40
PROMEDIO_MACRO,139,739,61,61,0.8779999999999999,0.695,0.9237500000000001,0.6895697402230504,0.8093750000000002,200
