clase,TP,TN,FP,FN,Accuracy,Sensitivity,Specificity,Precision,Score,soporte
N,38,148,12,2,0.93,0.95,0.925,0.76,0.9375,40
AS,25,149,11,15,0.87,0.625,0.93125,0.6944444444444444,0.778125,40
MR,26,154,6,14,0.9,0.65,0.9625,0.8125,0.80625,40
MS,27,141,19,13,0.84,0.675,0.88125,0.5869565217391305,0.778125,40
MVP,21,145,15,19,0.83,0.525,0.90625,0.5833333333333334,0.715625,40
PROMEDIO_MACRO,137,737,63,63,0.874,0.685,0.92125,0.6874468599033816,0.803125,200
