clase,TP,TN,FP,FN,Accuracy,Sensitivity,Specificity,Precision,Score,soporte
N,36,150,10,4,0.93,0.9,0.9375,0.782608695652174,0.91875,40
AS,34,133,27,6,0.835,0.85,0.83125,0.5573770491803278,0.840625,40
MR,35,153,7,5,0.94,0.875,0.95625,0.8333333333333334,0.915625,40
MS,13,156,4,27,0.845,0.325,0.975,0.7647058823529411,0.65,40
MVP,28,154,6,12,0.91,0.7,0.9625,0.8235294117647058,0.83125,40
PROMEDIO_MACRO,146,746,54,54,0.892,0.7300000000000001,0.9325000000000001,0.7523108744566965,0.83125,200
