clase,TP,TN,FP,FN,Accuracy,Sensitivity,Specificity,Precision,Score,soporte
N,36,156,4,4,0.96,0.9,0.975,0.9,0.9375,40
AS,40,156,4,0,0.98,1.0,0.975,0.9090909090909091,0.9875,40
MR,35,152,8,5,0.935,0.875,0.95,0.813953488372093,0.9125,40
MS,36,158,2,4,0.97,0.9,0.9875,0.9473684210526315,0.9437500000000001,40
MVP,28,153,7,12,0.905,0.7,0.95625,0.8,0.828125,40
PROMEDIO_MACRO,175,775,25,25,0.95,0.875,0.96875,0.8740825637031268,0.921875,200
