clase,TP,TN,FP,FN,Accuracy,Sensitivity,Specificity,Precision,Score,soporte
N,37,159,1,3,0.98,0.925,0.99375,0.9736842105263158,0.9593750000000001,40
AS,37,153,7,3,0.95,0.925,0.95625,0.8409090909090909,0.940625,40
MR,35,148,12,5,0.915,0.875,0.925,0.7446808510638298,0.9,40
MS,34,157,3,6,0.955,0.85,0.98125,0.918918918918919,0.9156249999999999,40
MVP,30,156,4,10,0.93,0.75,0.975,0.8823529411764706,0.8625,40
PROMEDIO_MACRO,173,773,27,27,0.946,0.865,0.9662499999999999,0.8721092025189252,0.915625,200
