clase,TP,TN,FP,FN,Accuracy,Sensitivity,Specificity,Precision,Score,soporte
N,34,157,3,6,0.955,0.85,0.98125,0.918918918918919,0.9156249999999999,40
AS,38,154,6,2,0.96,0.95,0.9625,0.8636363636363636,0.95625,40
MR,34,149,11,6,0.915,0.85,0.93125,0.7555555555555555,0.890625,40
MS,34,157,3,6,0.955,0.85,0.98125,0.918918918918919,0.9156249999999999,40
MVP,28,151,9,12,0.895,0.7,0.94375,0.7567567567567568,0.8218749999999999,40
PROMEDIO_MACRO,168,768,32,32,0.9359999999999999,0.8400000000000001,0.96,0.8427573027573028,0.9,200
