epoca,loss_train,loss_val
1,1.678034484386444,1.5945860147476196
2,1.7352405786514282,1.5808979272842407
