clase,TP,TN,FP,FN,Accuracy,Sensitivity,Specificity,Precision,Score,soporte
N,37,142,18,3,0.895,0.925,0.8875,0.6727272727272727,0.90625,40
AS,33,149,11,7,0.91,0.825,0.93125,0.75,0.878125,40
MR,31,154,6,9,0.925,0.775,0.9625,0.8378378378378378,0.86875,40
MS,27,148,12,13,0.875,0.675,0.925,0.6923076923076923,0.8,40
MVP,19,154,6,21,0.865,0.475,0.9625,0.76,0.71875,40
PROMEDIO_MACRO,147,747,53,53,0.8940000000000001,0.7350000000000001,0.9337500000000001,0.7425745605745606,0.834375,200
