clase,TP,TN,FP,FN,Accuracy,Sensitivity,Specificity,Precision,Score,soporte
N,33,143,17,7,0.88,0.825,0.89375,0.66,0.859375,40
AS,34,132,28,6,0.83,0.85,0.825,0.5483870967741935,0.8374999999999999,40
MR,23,156,4,17,0.895,0.575,0.975,0.8518518518518519,0.7749999999999999,40
MS,17,149,11,23,0.83,0.425,0.93125,0.6071428571428571,0.678125,40
MVP,20,147,13,20,0.835,0.5,0.91875,0.6060606060606061,0.709375,40
PROMEDIO_MACRO,127,727,73,73,0.8539999999999999,0.635,0.9087500000000001,0.6546884823659017,0.771875,200
