clase,TP,TN,FP,FN,Accuracy,Sensitivity,Specificity,Precision,Score,soporte
N,39,146,14,1,0.925,0.975,0.9125,0.7358490566037735,0.94375,40
AS,29,141,19,11,0.85,0.725,0.88125,0.6041666666666666,0.803125,40
MR,31,156,4,9,0.935,0.775,0.975,0.8857142857142857,0.875,40
MS,28,146,14,12,0.87,0.7,0.9125,0.6666666666666666,0.8062499999999999,40
MVP,19,157,3,21,0.88,0.475,0.98125,0.8636363636363636,0.7281249999999999,40
PROMEDIO_MACRO,146,746,54,54,0.892,0.73,0.9324999999999999,0.7512066078575512,0.83125,200
