clase,TP,TN,FP,FN,Accuracy,Sensitivity,Specificity,Precision,Score,soporte
N,36,153,7,4,0.945,0.9,0.95625,0.8372093023255814,0.9281250000000001,40
AS,39,156,4,1,0.975,0.975,0.975,0.9069767441860465,0.975,40
MR,30,157,3,10,0.935,0.75,0.98125,0.9090909090909091,0.865625,40
MS,36,149,11,4,0.925,0.9,0.93125,0.7659574468085106,0.915625,40
MVP,30,156,4,10,0.93,0.75,0.975,0.8823529411764706,0.8625,40
PROMEDIO_MACRO,171,771,29,29,0.942,0.8550000000000001,0.9637499999999999,0.8603174687175038,0.909375,200
