clase,TP,TN,FP,FN,Accuracy,Sensitivity,Specificity,Precision,Score,soporte
N,40,156,4,0,0.98,1.0,0.975,0.9090909090909091,0.9875,40
AS,34,155,5,6,0.945,0.85,0.96875,0.8717948717948718,0.909375,40
MR,35,155,5,5,0.95,0.875,0.96875,0.875,0.921875,40
MS,36,154,6,4,0.95,0.9,0.9625,0.8571428571428571,0.93125,40
MVP,32,157,3,8,0.945,0.8,0.98125,0.9142857142857143,0.890625,40
PROMEDIO_MACRO,177,777,23,23,0.9540000000000001,0.885,0.9712500000000001,0.8854628704628705,0.928125,200
