distribucion,numero_capas,clasificador,representacion,Accuracy_mean,Accuracy_std,Sensitivity_mean,Sensitivity_std,Specificity_mean,Specificity_std,Precision_mean,Precision_std,Score_mean,Score_std
11-6,2,KNN,DeepONMF_H2,0.9549999999999998,0.011180339887498971,0.98375,0.007126096406869631,0.8400000000000001,0.051841103383319265,0.9610572696641523,0.012099618025583892,0.911875,0.025712503038405273
11-6,2,KNN,DeepONMF_W,0.885,0.021794494717703367,0.90625,0.01593443597997746,0.8,0.04999999999999999,0.9477001127140549,0.013067599904626052,0.853125,0.0319453879691576
11-6,2,SVM,DeepONMF_H2,0.975,0.014142135623730958,0.98125,0.009882117688026212,0.95,0.03952847075210474,0.9874525316455696,0.009920141594822943,0.965625,0.02307003603161468
11-6,2,SVM,DeepONMF_W,0.9179999999999999,0.013038404810405337,0.91375,0.011180339887498975,0.9349999999999999,0.028504385627478385,0.982530745314488,0.007643374291145092,0.9243750000000001,0.01800607536360988
11-6,2,UjaNet,DeepONMF_H2,0.992,0.008366600265340791,0.99375,0.007654655446197457,0.985,0.013693063937629191,0.9962341772151898,0.003437861865703583,0.9893750000000001,0.010029254084925771
11-6,2,UjaNet,DeepONMF_W,0.967,0.011510864433221342,0.9712500000000001,0.01045825033167593,0.95,0.024999999999999942,0.9873007512657195,0.006360211099163793,0.9606250000000001,0.015562374497485877
