clase,TP,TN,FP,FN,Accuracy,Sensitivity,Specificity,Precision,Score,soporte
N,37,156,4,3,0.965,0.925,0.975,0.9024390243902439,0.95,40
AS,38,151,9,2,0.945,0.95,0.94375,0.8085106382978723,0.9468749999999999,40
MR,34,156,4,6,0.95,0.85,0.975,0.8947368421052632,0.9125,40
MS,31,153,7,9,0.92,0.775,0.95625,0.8157894736842105,0.8656250000000001,40
MVP,28,152,8,12,0.9,0.7,0.95,0.7777777777777778,0.825,40
PROMEDIO_MACRO,168,768,32,32,0.9359999999999999,0.8400000000000001,0.96,0.8398507512510737,0.9,200
