clase,TP,TN,FP,FN,Accuracy,Sensitivity,Specificity,Precision,Score,soporte
N,26,153,7,14,0.895,0.65,0.95625,0.7878787878787878,0.8031250000000001,40
AS,29,159,1,11,0.94,0.725,0.99375,0.9666666666666667,0.859375,40
MR,31,133,27,9,0.82,0.775,0.83125,0.5344827586206896,0.8031250000000001,40
MS,30,159,1,10,0.945,0.75,0.99375,0.967741935483871,0.871875,40
MVP,29,141,19,11,0.85,0.725,0.88125,0.6041666666666666,0.803125,40
PROMEDIO_MACRO,145,745,55,55,0.8899999999999999,0.725,0.93125,0.7721873630633362,0.828125,200
