clase,TP,TN,FP,FN,Accuracy,Sensitivity,Specificity,Precision,Score,soporte
N,31,142,18,9,0.865,0.775,0.8875,0.6326530612244898,0.83125,40
AS,30,125,35,10,0.775,0.75,0.78125,0.46153846153846156,0.765625,40
MR,19,156,4,21,0.875,0.475,0.975,0.8260869565217391,0.725,40
MS,21,146,14,19,0.835,0.525,0.9125,0.6,0.71875,40
MVP,19,151,9,21,0.85,0.475,0.94375,0.6785714285714286,0.709375,40
PROMEDIO_MACRO,120,720,80,80,0.8400000000000001,0.6,0.9,0.6397699815712239,0.75,200
