clase,TP,TN,FP,FN,Accuracy,Sensitivity,Specificity,Precision,Score,soporte
N,33,157,3,7,0.95,0.825,0.98125,0.9166666666666666,0.903125,40
AS,35,159,1,5,0.97,0.875,0.99375,0.9722222222222222,0.934375,40
MR,37,138,22,3,0.875,0.925,0.8625,0.6271186440677966,0.89375,40
MS,28,157,3,12,0.925,0.7,0.98125,0.9032258064516129,0.840625,40
MVP,28,150,10,12,0.89,0.7,0.9375,0.7368421052631579,0.81875,40
PROMEDIO_MACRO,161,761,39,39,0.9219999999999999,0.805,0.9512500000000002,0.8312150889342913,0.878125,200
