clase,TP,TN,FP,FN,Accuracy,Sensitivity,Specificity,Precision,Score,soporte
N,38,144,16,2,0.91,0.95,0.9,0.7037037037037037,0.925,40
AS,27,153,7,13,0.9,0.675,0.95625,0.7941176470588235,0.815625,40
MR,29,154,6,11,0.915,0.725,0.9625,0.8285714285714286,0.84375,40
MS,32,139,21,8,0.855,0.8,0.86875,0.6037735849056604,0.8343750000000001,40
MVP,20,156,4,20,0.88,0.5,0.975,0.8333333333333334,0.7375,40
PROMEDIO_MACRO,146,746,54,54,0.892,0.7300000000000001,0.9324999999999999,0.7526999395145899,0.83125,200
