clase,TP,TN,FP,FN,Accuracy,Sensitivity,Specificity,Precision,Score,soporte
N,37,155,5,3,0.96,0.925,0.96875,0.8809523809523809,0.946875,40
AS,36,159,1,4,0.975,0.9,0.99375,0.972972972972973,0.946875,40
MR,33,153,7,7,0.93,0.825,0.95625,0.825,0.890625,40
MS,36,159,1,4,0.975,0.9,0.99375,0.972972972972973,0.946875,40
MVP,31,147,13,9,0.89,0.775,0.91875,0.7045454545454546,0.846875,40
PROMEDIO_MACRO,173,773,27,27,0.9460000000000001,0.865,0.9662499999999999,0.8712887562887562,0.915625,200
