clase,TP,TN,FP,FN,Accuracy,Sensitivity,Specificity,Precision,Score,soporte
N,39,159,1,1,0.99,0.975,0.99375,0.975,0.984375,40
AS,38,157,3,2,0.975,0.95,0.98125,0.926829268292683,0.965625,40
MR,39,155,5,1,0.97,0.975,0.96875,0.8863636363636364,0.971875,40
MS,38,158,2,2,0.98,0.95,0.9875,0.95,0.96875,40
MVP,34,159,1,6,0.965,0.85,0.99375,0.9714285714285714,0.921875,40
PROMEDIO_MACRO,188,788,12,12,0.976,0.9399999999999998,0.9850000000000001,0.9419242952169782,0.9625,200
