clase,TP,TN,FP,FN,Accuracy,Sensitivity,Specificity,Precision,Score,soporte
N,36,152,8,4,0.94,0.9,0.95,0.8181818181818182,0.925,40
AS,36,151,9,4,0.935,0.9,0.94375,0.8,0.921875,40
MR,33,153,7,7,0.93,0.825,0.95625,0.825,0.890625,40
MS,33,150,10,7,0.915,0.825,0.9375,0.7674418604651163,0.88125,40
MVP,26,158,2,14,0.92,0.65,0.9875,0.9285714285714286,0.8187500000000001,40
PROMEDIO_MACRO,164,764,36,36,0.9280000000000002,0.8200000000000001,0.9549999999999998,0.8278390214436726,0.8875,200
