clase,TP,TN,FP,FN,Accuracy,Sensitivity,Specificity,Precision,Score,soporte
N,31,146,14,9,0.885,0.775,0.9125,0.6888888888888889,0.84375,40
AS,31,124,36,9,0.775,0.775,0.775,0.4626865671641791,0.775,40
MR,25,149,11,15,0.87,0.625,0.93125,0.6944444444444444,0.778125,40
MS,14,151,9,26,0.825,0.35,0.94375,0.6086956521739131,0.646875,40
MVP,19,150,10,21,0.845,0.475,0.9375,0.6551724137931034,0.70625,40
PROMEDIO_MACRO,120,720,80,80,0.8400000000000001,0.6,0.9,0.6219775932929057,0.75,200
