clase,TP,TN,FP,FN,Accuracy,Sensitivity,Specificity,Precision,Score,soporte
N,40,156,4,0,0.98,1.0,0.975,0.9090909090909091,0.9875,40
AS,37,158,2,3,0.975,0.925,0.9875,0.9487179487179487,0.95625,40
MR,40,158,2,0,0.99,1.0,0.9875,0.9523809523809523,0.99375,40
MS,38,159,1,2,0.985,0.95,0.99375,0.9743589743589743,0.971875,40
MVP,34,158,2,6,0.96,0.85,0.9875,0.9444444444444444,0.91875,40
PROMEDIO_MACRO,189,789,11,11,0.9780000000000001,0.945,0.9862500000000001,0.9457986457986458,0.965625,200
