clase,TP,TN,FP,FN,Accuracy,Sensitivity,Specificity,Precision,Score,soporte
N,37,158,2,3,0.975,0.925,0.9875,0.9487179487179487,0.95625,40
AS,40,158,2,0,0.99,1.0,0.9875,0.9523809523809523,0.99375,40
MR,37,152,8,3,0.945,0.925,0.95,0.8222222222222222,0.9375,40
MS,34,159,1,6,0.965,0.85,0.99375,0.9714285714285714,0.921875,40
MVP,33,154,6,7,0.935,0.825,0.9625,0.8461538461538461,0.89375,40
PROMEDIO_MACRO,181,781,19,19,0.962,0.905,0.97625,0.9081807081807082,0.940625,200
