clase,TP,TN,FP,FN,Accuracy,Sensitivity,Specificity,Precision,Score,soporte
N,34,156,4,6,0.95,0.85,0.975,0.8947368421052632,0.9125,40
AS,37,155,5,3,0.96,0.925,0.96875,0.8809523809523809,0.946875,40
MR,33,155,5,7,0.94,0.825,0.96875,0.868421052631579,0.896875,40
MS,38,157,3,2,0.975,0.95,0.98125,0.926829268292683,0.965625,40
MVP,35,154,6,5,0.945,0.875,0.9625,0.8536585365853658,0.91875,40
PROMEDIO_MACRO,177,777,23,23,0.954,0.885,0.9712500000000001,0.8849196161134543,0.928125,200
