epoca,loss_train,loss_val
1,1.6594163179397583,1.608528733253479
2,1.779315710067749,1.6061973571777344
