clase,TP,TN,FP,FN,Accuracy,Sensitivity,Specificity,Precision,Score,soporte
N,36,159,1,4,0.975,0.9,0.99375,0.972972972972973,0.946875,40
AS,39,158,2,1,0.985,0.975,0.9875,0.9512195121951219,0.98125,40
MR,38,138,22,2,0.88,0.95,0.8625,0.6333333333333333,0.90625,40
MS,32,158,2,8,0.95,0.8,0.9875,0.9411764705882353,0.89375,40
MVP,24,156,4,16,0.9,0.6,0.975,0.8571428571428571,0.7875,40
PROMEDIO_MACRO,169,769,31,31,0.9380000000000001,0.845,0.9612499999999999,0.8711690292465042,0.903125,200
