clase,TP,TN,FP,FN,Accuracy,Sensitivity,Specificity,Precision,Score,soporte
N,34,157,3,6,0.955,0.85,0.98125,0.918918918918919,0.9156249999999999,40
AS,39,155,5,1,0.97,0.975,0.96875,0.8863636363636364,0.971875,40
MR,36,149,11,4,0.925,0.9,0.93125,0.7659574468085106,0.915625,40
MS,33,159,1,7,0.96,0.825,0.99375,0.9705882352941176,0.909375,40
MVP,30,152,8,10,0.91,0.75,0.95,0.7894736842105263,0.85,40
PROMEDIO_MACRO,172,772,28,28,0.944,0.86,0.9650000000000001,0.866260384319142,0.9125,200
