clase,TP,TN,FP,FN,Accuracy,Sensitivity,Specificity,Precision,Score,soporte
N,39,158,2,1,0.985,0.975,0.9875,0.9512195121951219,0.98125,40
AS,38,159,1,2,0.985,0.95,0.99375,0.9743589743589743,0.971875,40
MR,36,158,2,4,0.97,0.9,0.9875,0.9473684210526315,0.9437500000000001,40
MS,36,157,3,4,0.965,0.9,0.98125,0.9230769230769231,0.940625,40
MVP,36,153,7,4,0.945,0.9,0.95625,0.8372093023255814,0.9281250000000001,40
PROMEDIO_MACRO,185,785,15,15,0.97,0.925,0.98125,0.9266466266018464,0.953125,200
