clase,TP,TN,FP,FN,Accuracy,Sensitivity,Specificity,Precision,Score,soporte
N,39,157,3,1,0.98,0.975,0.98125,0.9285714285714286,0.9781249999999999,40
AS,38,158,2,2,0.98,0.95,0.9875,0.95,0.96875,40
MR,36,157,3,4,0.965,0.9,0.98125,0.9230769230769231,0.940625,40
MS,38,159,1,2,0.985,0.95,0.99375,0.9743589743589743,0.971875,40
MVP,38,158,2,2,0.98,0.95,0.9875,0.95,0.96875,40
PROMEDIO_MACRO,189,789,11,11,0.978,0.945,0.9862500000000001,0.9452014652014652,0.965625,200
