clase,TP,TN,FP,FN,Accuracy,Sensitivity,Specificity,Precision,Score,soporte
N,37,153,7,3,0.95,0.925,0.95625,0.8409090909090909,0.940625,40
AS,39,154,6,1,0.965,0.975,0.9625,0.8666666666666667,0.96875,40
MR,30,156,4,10,0.93,0.75,0.975,0.8823529411764706,0.8625,40
MS,33,144,16,7,0.885,0.825,0.9,0.673469387755102,0.8625,40
MVP,26,158,2,14,0.92,0.65,0.9875,0.9285714285714286,0.8187500000000001,40
PROMEDIO_MACRO,165,765,35,35,0.93,0.825,0.95625,0.8383939030157517,0.890625,200
