clase,TP,TN,FP,FN,Accuracy,Sensitivity,Specificity,Precision,Score,soporte
N,39,147,13,1,0.93,0.975,0.91875,0.75,0.9468749999999999,40
AS,30,149,11,10,0.895,0.75,0.93125,0.7317073170731707,0.840625,40
MR,31,158,2,9,0.945,0.775,0.9875,0.9393939393939394,0.8812500000000001,40
MS,30,145,15,10,0.875,0.75,0.90625,0.6666666666666666,0.828125,40
MVP,23,154,6,17,0.885,0.575,0.9625,0.7931034482758621,0.76875,40
PROMEDIO_MACRO,153,753,47,47,0.906,0.765,0.9412500000000001,0.7761742742819278,0.853125,200
