clase,TP,TN,FP,FN,Accuracy,Sensitivity,Specificity,Precision,Score,soporte
N,37,151,9,3,0.94,0.925,0.94375,0.8043478260869565,0.934375,40
AS,24,146,14,16,0.85,0.6,0.9125,0.631578947368421,0.75625,40
MR,27,153,7,13,0.9,0.675,0.95625,0.7941176470588235,0.815625,40
MS,33,143,17,7,0.88,0.825,0.89375,0.66,0.859375,40
MVP,23,151,9,17,0.87,0.575,0.94375,0.71875,0.7593749999999999,40
PROMEDIO_MACRO,144,744,56,56,0.8879999999999999,0.7200000000000001,0.9299999999999999,0.7217588841028403,0.825,200
