clase,TP,TN,FP,FN,Accuracy,Sensitivity,Specificity,Precision,Score,soporte
N,39,138,22,1,0.885,0.975,0.8625,0.639344262295082,0.91875,40
AS,31,130,30,9,0.805,0.775,0.8125,0.5081967213114754,0.79375,40
MR,21,155,5,19,0.88,0.525,0.96875,0.8076923076923077,0.746875,40
MS,22,153,7,18,0.875,0.55,0.95625,0.7586206896551724,0.753125,40
MVP,19,156,4,21,0.875,0.475,0.975,0.8260869565217391,0.725,40
PROMEDIO_MACRO,132,732,68,68,0.8640000000000001,0.66,0.9149999999999998,0.7079881874951554,0.7874999999999999,200
