clase,TP,TN,FP,FN,Accuracy,Sensitivity,Specificity,Precision,Score,soporte
N,33,158,2,7,0.955,0.825,0.9875,0.9428571428571428,0.90625,40
AS,20,160,0,20,0.9,0.5,1.0,1.0,0.75,40
MR,35,120,40,5,0.775,0.875,0.75,0.4666666666666667,0.8125,40
MS,25,159,1,15,0.92,0.625,0.99375,0.9615384615384616,0.809375,40
MVP,30,146,14,10,0.88,0.75,0.9125,0.6818181818181818,0.83125,40
PROMEDIO_MACRO,143,743,57,57,0.8859999999999999,0.7150000000000001,0.92875,0.8105760905760906,0.821875,200
