distribucion,numero_capas,clasificador,representacion,Accuracy_mean,Accuracy_std,Sensitivity_mean,Sensitivity_std,Specificity_mean,Specificity_std,Precision_mean,Precision_std,Score_mean,Score_std
30-15-8-4,4,UjaNet,DeepONMF_H4,0.9692000000000001,0.015401298646542728,0.923,0.038503246616356936,0.9807499999999999,0.00962581165408914,0.9262506130137769,0.035404968748557676,0.951875,0.024064529135223067
