clase,TP,TN,FP,FN,Accuracy,Sensitivity,Specificity,Precision,Score,soporte
N,32,130,30,8,0.81,0.8,0.8125,0.5161290322580645,0.80625,40
AS,26,126,34,14,0.76,0.65,0.7875,0.43333333333333335,0.71875,40
MR,15,156,4,25,0.855,0.375,0.975,0.7894736842105263,0.675,40
MS,17,141,19,23,0.79,0.425,0.88125,0.4722222222222222,0.653125,40
MVP,12,149,11,28,0.805,0.3,0.93125,0.5217391304347826,0.615625,40
PROMEDIO_MACRO,102,702,98,98,0.8039999999999999,0.51,0.8775000000000001,0.5465794804917858,0.6937500000000001,200
