epoca,loss_train,loss_val
1,2.219364583492279,1.6490669250488281
2,2.009644627571106,1.6005102396011353
