clase,TP,TN,FP,FN,Accuracy,Sensitivity,Specificity,Precision,Score,soporte
N,33,156,4,7,0.945,0.825,0.975,0.8918918918918919,0.8999999999999999,40
AS,28,158,2,12,0.93,0.7,0.9875,0.9333333333333333,0.84375,40
MR,36,133,27,4,0.845,0.9,0.83125,0.5714285714285714,0.8656250000000001,40
MS,27,159,1,13,0.93,0.675,0.99375,0.9642857142857143,0.8343750000000001,40
MVP,26,144,16,14,0.85,0.65,0.9,0.6190476190476191,0.775,40
PROMEDIO_MACRO,150,750,50,50,0.9,0.7499999999999999,0.9375,0.7959974259974261,0.84375,200
