clase,TP,TN,FP,FN,Accuracy,Sensitivity,Specificity,Precision,Score,soporte
N,30,158,2,10,0.94,0.75,0.9875,0.9375,0.86875,40
AS,25,155,5,15,0.9,0.625,0.96875,0.8333333333333334,0.796875,40
MR,38,120,40,2,0.79,0.95,0.75,0.48717948717948717,0.85,40
MS,23,157,3,17,0.9,0.575,0.98125,0.8846153846153846,0.778125,40
MVP,27,153,7,13,0.9,0.675,0.95625,0.7941176470588235,0.815625,40
PROMEDIO_MACRO,143,743,57,57,0.8859999999999999,0.7150000000000001,0.92875,0.7873491704374057,0.821875,200
