clase,TP,TN,FP,FN,Accuracy,Sensitivity,Specificity,Precision,Score,soporte
N,36,147,13,4,0.915,0.9,0.91875,0.7346938775510204,0.909375,40
AS,30,145,15,10,0.875,0.75,0.90625,0.6666666666666666,0.828125,40
MR,34,154,6,6,0.94,0.85,0.9625,0.85,0.90625,40
MS,29,146,14,11,0.875,0.725,0.9125,0.6744186046511628,0.81875,40
MVP,18,155,5,22,0.865,0.45,0.96875,0.782608695652174,0.709375,40
PROMEDIO_MACRO,147,747,53,53,0.8939999999999999,0.7350000000000001,0.9337500000000001,0.7416775689042047,0.834375,200
