clase,TP,TN,FP,FN,Accuracy,Sensitivity,Specificity,Precision,Score,soporte
N,36,144,16,4,0.9,0.9,0.9,0.6923076923076923,0.9,40
AS,30,143,17,10,0.865,0.75,0.89375,0.6382978723404256,0.821875,40
MR,29,156,4,11,0.925,0.725,0.975,0.8787878787878788,0.85,40
MS,27,140,20,13,0.835,0.675,0.875,0.574468085106383,0.775,40
MVP,20,159,1,20,0.895,0.5,0.99375,0.9523809523809523,0.746875,40
PROMEDIO_MACRO,142,742,58,58,0.884,0.71,0.9275,0.7472484961846664,0.81875,200
