clase,TP,TN,FP,FN,Accuracy,Sensitivity,Specificity,Precision,Score,soporte
N,39,159,1,1,0.99,0.975,0.99375,0.975,0.984375,40
AS,38,158,2,2,0.98,0.95,0.9875,0.95,0.96875,40
MR,39,153,7,1,0.96,0.975,0.95625,0.8478260869565217,0.965625,40
MS,38,158,2,2,0.98,0.95,0.9875,0.95,0.96875,40
MVP,33,159,1,7,0.96,0.825,0.99375,0.9705882352941176,0.909375,40
PROMEDIO_MACRO,187,787,13,13,0.9739999999999999,0.9349999999999999,0.98375,0.9386828644501278,0.959375,200
