clase,TP,TN,FP,FN,Accuracy,Sensitivity,Specificity,Precision,Score,soporte
N,36,145,15,4,0.905,0.9,0.90625,0.7058823529411765,0.903125,40
AS,22,146,14,18,0.84,0.55,0.9125,0.6111111111111112,0.73125,40
MR,30,150,10,10,0.9,0.75,0.9375,0.75,0.84375,40
MS,23,144,16,17,0.835,0.575,0.9,0.5897435897435898,0.7375,40
MVP,18,144,16,22,0.81,0.45,0.9,0.5294117647058824,0.675,40
PROMEDIO_MACRO,129,729,71,71,0.858,0.6450000000000001,0.9112500000000001,0.637229763700352,0.778125,200
