clase,TP,TN,FP,FN,Accuracy,Sensitivity,Specificity,Precision,Score,soporte
N,29,143,17,11,0.86,0.725,0.89375,0.6304347826086957,0.809375,40
AS,30,136,24,10,0.83,0.75,0.85,0.5555555555555556,0.8,40
MR,28,158,2,12,0.93,0.7,0.9875,0.9333333333333333,0.84375,40
MS,17,146,14,23,0.815,0.425,0.9125,0.5483870967741935,0.66875,40
MVP,23,144,16,17,0.835,0.575,0.9,0.5897435897435898,0.7375,40
PROMEDIO_MACRO,127,727,73,73,0.8539999999999999,0.635,0.9087500000000001,0.6514908716030735,0.771875,200
