clase,TP,TN,FP,FN,Accuracy,Sensitivity,Specificity,Precision,Score,soporte
N,36,158,2,4,0.97,0.9,0.9875,0.9473684210526315,0.9437500000000001,40
AS,39,158,2,1,0.985,0.975,0.9875,0.9512195121951219,0.98125,40
MR,37,153,7,3,0.95,0.925,0.95625,0.8409090909090909,0.940625,40
MS,39,159,1,1,0.99,0.975,0.99375,0.975,0.984375,40
MVP,33,156,4,7,0.945,0.825,0.975,0.8918918918918919,0.8999999999999999,40
PROMEDIO_MACRO,184,784,16,16,0.9680000000000002,0.9199999999999999,0.9800000000000001,0.9212777832097473,0.95,200
