clase,TP,TN,FP,FN,Accuracy,Sensitivity,Specificity,Precision,Score,soporte
N,37,147,13,3,0.92,0.925,0.91875,0.74,0.921875,40
AS,31,139,21,9,0.85,0.775,0.86875,0.5961538461538461,0.821875,40
MR,27,156,4,13,0.915,0.675,0.975,0.8709677419354839,0.825,40
MS,28,145,15,12,0.865,0.7,0.90625,0.6511627906976745,0.803125,40
MVP,22,158,2,18,0.9,0.55,0.9875,0.9166666666666666,0.76875,40
PROMEDIO_MACRO,145,745,55,55,0.89,0.725,0.93125,0.7549902090907342,0.828125,200
