clase,TP,TN,FP,FN,Accuracy,Sensitivity,Specificity,Precision,Score,soporte
N,38,157,3,2,0.975,0.95,0.98125,0.926829268292683,0.965625,40
AS,37,158,2,3,0.975,0.925,0.9875,0.9487179487179487,0.95625,40
MR,36,157,3,4,0.965,0.9,0.98125,0.9230769230769231,0.940625,40
MS,37,158,2,3,0.975,0.925,0.9875,0.9487179487179487,0.95625,40
MVP,39,157,3,1,0.98,0.975,0.98125,0.9285714285714286,0.9781249999999999,40
PROMEDIO_MACRO,187,787,13,13,0.974,0.9349999999999999,0.98375,0.9351827034753866,0.959375,200
