clase,TP,TN,FP,FN,Accuracy,Sensitivity,Specificity,Precision,Score,soporte
N,37,158,2,3,0.975,0.925,0.9875,0.9487179487179487,0.95625,40
AS,35,148,12,5,0.915,0.875,0.925,0.7446808510638298,0.9,40
MR,36,156,4,4,0.96,0.9,0.975,0.9,0.9375,40
MS,30,156,4,10,0.93,0.75,0.975,0.8823529411764706,0.8625,40
MVP,34,154,6,6,0.94,0.85,0.9625,0.85,0.90625,40
PROMEDIO_MACRO,172,772,28,28,0.9440000000000002,0.86,0.9650000000000001,0.8651503481916498,0.9125,200
