clase,TP,TN,FP,FN,Accuracy,Sensitivity,Specificity,Precision,Score,soporte
N,37,147,13,3,0.92,0.925,0.91875,0.74,0.921875,40
AS,36,132,28,4,0.84,0.9,0.825,0.5625,0.8625,40
MR,27,153,7,13,0.9,0.675,0.95625,0.7941176470588235,0.815625,40
MS,17,154,6,23,0.855,0.425,0.9625,0.7391304347826086,0.69375,40
MVP,22,153,7,18,0.875,0.55,0.95625,0.7586206896551724,0.753125,40
PROMEDIO_MACRO,139,739,61,61,0.8780000000000001,0.695,0.9237500000000001,0.7188737542993209,0.809375,200
