clase,TP,TN,FP,FN,Accuracy,Sensitivity,Specificity,Precision,Score,soporte
N,32,150,10,8,0.91,0.8,0.9375,0.7619047619047619,0.86875,40
AS,34,130,30,6,0.82,0.85,0.8125,0.53125,0.83125,40
MR,30,155,5,10,0.925,0.75,0.96875,0.8571428571428571,0.859375,40
MS,15,155,5,25,0.85,0.375,0.96875,0.75,0.671875,40
MVP,27,148,12,13,0.875,0.675,0.925,0.6923076923076923,0.8,40
PROMEDIO_MACRO,138,738,62,62,0.8760000000000001,0.6900000000000001,0.9225,0.7185210622710623,0.80625,200
