clase,TP,TN,FP,FN,Accuracy,Sensitivity,Specificity,Precision,Score,soporte
N,37,158,2,3,0.975,0.925,0.9875,0.9487179487179487,0.95625,40
AS,35,157,3,5,0.96,0.875,0.98125,0.9210526315789473,0.928125,40
MR,32,134,26,8,0.83,0.8,0.8375,0.5517241379310345,0.8187500000000001,40
MS,25,159,1,15,0.92,0.625,0.99375,0.9615384615384616,0.809375,40
MVP,30,151,9,10,0.905,0.75,0.94375,0.7692307692307693,0.846875,40
PROMEDIO_MACRO,159,759,41,41,0.9179999999999999,0.795,0.9487499999999999,0.8304527897994323,0.871875,200
