clase,TP,TN,FP,FN,Accuracy,Sensitivity,Specificity,Precision,Score,soporte
N,38,155,5,2,0.965,0.95,0.96875,0.8837209302325582,0.959375,40
AS,33,151,9,7,0.92,0.825,0.94375,0.7857142857142857,0.8843749999999999,40
MR,35,153,7,5,0.94,0.875,0.95625,0.8333333333333334,0.915625,40
MS,33,150,10,7,0.915,0.825,0.9375,0.7674418604651163,0.88125,40
MVP,29,159,1,11,0.94,0.725,0.99375,0.9666666666666667,0.859375,40
PROMEDIO_MACRO,168,768,32,32,0.9359999999999999,0.8399999999999999,0.9600000000000002,0.847375415282392,0.9,200
