clase,TP,TN,FP,FN,Accuracy,Sensitivity,Specificity,Precision,Score,soporte
N,32,147,13,8,0.895,0.8,0.91875,0.7111111111111111,0.859375,40
AS,35,125,35,5,0.8,0.875,0.78125,0.5,0.828125,40
MR,19,156,4,21,0.875,0.475,0.975,0.8260869565217391,0.725,40
MS,21,152,8,19,0.865,0.525,0.95,0.7241379310344828,0.7375,40
MVP,22,149,11,18,0.855,0.55,0.93125,0.6666666666666666,0.7406250000000001,40
PROMEDIO_MACRO,129,729,71,71,0.8580000000000002,0.6449999999999999,0.9112500000000001,0.6856005330667999,0.7781250000000001,200
