clase,TP,TN,FP,FN,Accuracy,Sensitivity,Specificity,Precision,Score,soporte
N,38,157,3,2,0.975,0.95,0.98125,0.926829268292683,0.965625,40
AS,37,154,6,3,0.955,0.925,0.9625,0.8604651162790697,0.9437500000000001,40
MR,34,154,6,6,0.94,0.85,0.9625,0.85,0.90625,40
MS,36,158,2,4,0.97,0.9,0.9875,0.9473684210526315,0.9437500000000001,40
MVP,33,155,5,7,0.94,0.825,0.96875,0.868421052631579,0.896875,40
PROMEDIO_MACRO,178,778,22,22,0.9559999999999998,0.89,0.9724999999999999,0.8906167716511927,0.93125,200
