clase,TP,TN,FP,FN,Accuracy,Sensitivity,Specificity,Precision,Score,soporte
N,40,160,0,0,1.0,1.0,1.0,1.0,1.0,40
AS,37,159,1,3,0.98,0.925,0.99375,0.9736842105263158,0.9593750000000001,40
MR,39,157,3,1,0.98,0.975,0.98125,0.9285714285714286,0.9781249999999999,40
MS,37,159,1,3,0.98,0.925,0.99375,0.9736842105263158,0.9593750000000001,40
MVP,38,156,4,2,0.97,0.95,0.975,0.9047619047619048,0.9624999999999999,40
PROMEDIO_MACRO,191,791,9,9,0.982,0.9550000000000001,0.9887499999999999,0.9561403508771932,0.971875,200
