clase,TP,TN,FP,FN,Accuracy,Sensitivity,Specificity,Precision,Score,soporte
N,32,136,24,8,0.84,0.8,0.85,0.5714285714285714,0.825,40
AS,30,126,34,10,0.78,0.75,0.7875,0.46875,0.76875,40
MR,23,154,6,17,0.885,0.575,0.9625,0.7931034482758621,0.76875,40
MS,13,151,9,27,0.82,0.325,0.94375,0.5909090909090909,0.634375,40
MVP,14,145,15,26,0.795,0.35,0.90625,0.4827586206896552,0.628125,40
PROMEDIO_MACRO,112,712,88,88,0.8240000000000001,0.56,0.89,0.581389946260636,0.725,200
