clase,TP,TN,FP,FN,Accuracy,Sensitivity,Specificity,Precision,Score,soporte
N,37,146,14,3,0.915,0.925,0.9125,0.7254901960784313,0.91875,40
AS,27,149,11,13,0.88,0.675,0.93125,0.7105263157894737,0.8031250000000001,40
MR,29,155,5,11,0.92,0.725,0.96875,0.8529411764705882,0.846875,40
MS,28,144,16,12,0.86,0.7,0.9,0.6363636363636364,0.8,40
MVP,22,149,11,18,0.855,0.55,0.93125,0.6666666666666666,0.7406250000000001,40
PROMEDIO_MACRO,143,743,57,57,0.8859999999999999,0.7150000000000001,0.92875,0.7183975982737592,0.821875,200
