clase,TP,TN,FP,FN,Accuracy,Sensitivity,Specificity,Precision,Score,soporte
N,38,159,1,2,0.985,0.95,0.99375,0.9743589743589743,0.971875,40
AS,37,154,6,3,0.955,0.925,0.9625,0.8604651162790697,0.9437500000000001,40
MR,35,155,5,5,0.95,0.875,0.96875,0.875,0.921875,40
MS,32,151,9,8,0.915,0.8,0.94375,0.7804878048780488,0.871875,40
MVP,34,157,3,6,0.955,0.85,0.98125,0.918918918918919,0.9156249999999999,40
PROMEDIO_MACRO,176,776,24,24,0.952,0.8799999999999999,0.97,0.8818461628870023,0.925,200
