clase,TP,TN,FP,FN,Accuracy,Sensitivity,Specificity,Precision,Score,soporte
N,37,149,11,3,0.93,0.925,0.93125,0.7708333333333334,0.9281250000000001,40
AS,29,125,35,11,0.77,0.725,0.78125,0.453125,0.753125,40
MR,22,156,4,18,0.89,0.55,0.975,0.8461538461538461,0.7625,40
MS,19,147,13,21,0.83,0.475,0.91875,0.59375,0.6968749999999999,40
MVP,23,153,7,17,0.88,0.575,0.95625,0.7666666666666667,0.765625,40
PROMEDIO_MACRO,130,730,70,70,0.8600000000000001,0.65,0.9125,0.6861057692307693,0.78125,200
