clase,TP,TN,FP,FN,Accuracy,Sensitivity,Specificity,Precision,Score,soporte
N,38,145,15,2,0.915,0.95,0.90625,0.7169811320754716,0.928125,40
AS,34,144,16,6,0.89,0.85,0.9,0.68,0.875,40
MR,31,157,3,9,0.94,0.775,0.98125,0.9117647058823529,0.878125,40
MS,26,147,13,14,0.865,0.65,0.91875,0.6666666666666666,0.784375,40
MVP,23,159,1,17,0.91,0.575,0.99375,0.9583333333333334,0.784375,40
PROMEDIO_MACRO,152,752,48,48,0.9040000000000001,0.76,0.9400000000000001,0.7867491675915649,0.85,200
