clase,TP,TN,FP,FN,Accuracy,Sensitivity,Specificity,Precision,Score,soporte
N,39,145,15,1,0.92,0.975,0.90625,0.7222222222222222,0.940625,40
AS,34,146,14,6,0.9,0.85,0.9125,0.7083333333333334,0.88125,40
MR,33,159,1,7,0.96,0.825,0.99375,0.9705882352941176,0.909375,40
MS,27,147,13,13,0.87,0.675,0.91875,0.675,0.796875,40
MVP,22,158,2,18,0.9,0.55,0.9875,0.9166666666666666,0.76875,40
PROMEDIO_MACRO,155,755,45,45,0.9100000000000001,0.775,0.94375,0.7985620915032678,0.859375,200
