clase,TP,TN,FP,FN,Accuracy,Sensitivity,Specificity,Precision,Score,soporte
N,36,158,2,4,0.97,0.9,0.9875,0.9473684210526315,0.9437500000000001,40
AS,32,157,3,8,0.945,0.8,0.98125,0.9142857142857143,0.890625,40
MR,36,137,23,4,0.865,0.9,0.85625,0.6101694915254238,0.878125,40
MS,35,157,3,5,0.96,0.875,0.98125,0.9210526315789473,0.928125,40
MVP,27,157,3,13,0.92,0.675,0.98125,0.9,0.828125,40
PROMEDIO_MACRO,166,766,34,34,0.932,0.8300000000000001,0.9575000000000001,0.8585752516885433,0.89375,200
