clase,TP,TN,FP,FN,Accuracy,Sensitivity,Specificity,Precision,Score,soporte
N,36,142,18,4,0.89,0.9,0.8875,0.6666666666666666,0.89375,40
AS,33,134,26,7,0.835,0.825,0.8375,0.559322033898305,0.83125,40
MR,26,148,12,14,0.87,0.65,0.925,0.6842105263157895,0.7875000000000001,40
MS,11,152,8,29,0.815,0.275,0.95,0.5789473684210527,0.6125,40
MVP,23,153,7,17,0.88,0.575,0.95625,0.7666666666666667,0.765625,40
PROMEDIO_MACRO,129,729,71,71,0.858,0.6449999999999999,0.9112500000000001,0.6511626523936961,0.778125,200
