clase,TP,TN,FP,FN,Accuracy,Sensitivity,Specificity,Precision,Score,soporte
N,37,145,15,3,0.91,0.925,0.90625,0.7115384615384616,0.915625,40
AS,20,145,15,20,0.825,0.5,0.90625,0.5714285714285714,0.703125,40
MR,30,152,8,10,0.91,0.75,0.95,0.7894736842105263,0.85,40
MS,27,142,18,13,0.845,0.675,0.8875,0.6,0.78125,40
MVP,15,145,15,25,0.8,0.375,0.90625,0.5,0.640625,40
PROMEDIO_MACRO,129,729,71,71,0.858,0.6449999999999999,0.9112500000000001,0.6344881434355119,0.778125,200
