clase,TP,TN,FP,FN,Accuracy,Sensitivity,Specificity,Precision,Score,soporte
N,37,144,16,3,0.905,0.925,0.9,0.6981132075471698,0.9125000000000001,40
AS,31,150,10,9,0.905,0.775,0.9375,0.7560975609756098,0.85625,40
MR,31,154,6,9,0.925,0.775,0.9625,0.8378378378378378,0.86875,40
MS,27,144,16,13,0.855,0.675,0.9,0.627906976744186,0.7875000000000001,40
MVP,19,153,7,21,0.86,0.475,0.95625,0.7307692307692307,0.715625,40
PROMEDIO_MACRO,145,745,55,55,0.89,0.7250000000000001,0.93125,0.7301449627748069,0.828125,200
