clase,TP,TN,FP,FN,Accuracy,Sensitivity,Specificity,Precision,Score,soporte
N,40,157,3,0,0.985,1.0,0.98125,0.9302325581395349,0.990625,40
AS,39,155,5,1,0.97,0.975,0.96875,0.8863636363636364,0.971875,40
MR,35,157,3,5,0.96,0.875,0.98125,0.9210526315789473,0.928125,40
MS,37,158,2,3,0.975,0.925,0.9875,0.9487179487179487,0.95625,40
MVP,33,157,3,7,0.95,0.825,0.98125,0.9166666666666666,0.903125,40
PROMEDIO_MACRO,184,784,16,16,0.968,0.9200000000000002,0.9800000000000001,0.9206066882933468,0.95,200
