clase,TP,TN,FP,FN,Accuracy,Sensitivity,Specificity,Precision,Score,soporte
N,39,158,2,1,0.985,0.975,0.9875,0.9512195121951219,0.98125,40
AS,39,154,6,1,0.965,0.975,0.9625,0.8666666666666667,0.96875,40
MR,40,160,0,0,1.0,1.0,1.0,1.0,1.0,40
MS,37,159,1,3,0.98,0.925,0.99375,0.9736842105263158,0.9593750000000001,40
MVP,34,158,2,6,0.96,0.85,0.9875,0.9444444444444444,0.91875,40
PROMEDIO_MACRO,189,789,11,11,0.9780000000000001,0.945,0.9862500000000001,0.9472029667665097,0.965625,200
