clase,TP,TN,FP,FN,Accuracy,Sensitivity,Specificity,Precision,Score,soporte
N,34,156,4,6,0.95,0.85,0.975,0.8947368421052632,0.9125,40
AS,37,148,12,3,0.925,0.925,0.925,0.7551020408163265,0.925,40
MR,32,154,6,8,0.93,0.8,0.9625,0.8421052631578947,0.8812500000000001,40
MS,31,153,7,9,0.92,0.775,0.95625,0.8157894736842105,0.8656250000000001,40
MVP,32,155,5,8,0.935,0.8,0.96875,0.8648648648648649,0.884375,40
PROMEDIO_MACRO,166,766,34,34,0.932,0.8300000000000001,0.9574999999999999,0.834519696925712,0.89375,200
