clase,TP,TN,FP,FN,Accuracy,Sensitivity,Specificity,Precision,Score,soporte
N,36,140,20,4,0.88,0.9,0.875,0.6428571428571429,0.8875,40
AS,26,120,40,14,0.73,0.65,0.75,0.3939393939393939,0.7,40
MR,18,153,7,22,0.855,0.45,0.95625,0.72,0.703125,40
MS,13,145,15,27,0.79,0.325,0.90625,0.4642857142857143,0.615625,40
MVP,16,151,9,24,0.835,0.4,0.94375,0.64,0.671875,40
PROMEDIO_MACRO,109,709,91,91,0.818,0.545,0.8862499999999999,0.5722164502164502,0.715625,200
