clase,TP,TN,FP,FN,Accuracy,Sensitivity,Specificity,Precision,Score,soporte
N,39,146,14,1,0.925,0.975,0.9125,0.7358490566037735,0.94375,40
AS,34,147,13,6,0.905,0.85,0.91875,0.723404255319149,0.8843749999999999,40
MR,31,157,3,9,0.94,0.775,0.98125,0.9117647058823529,0.878125,40
MS,32,147,13,8,0.895,0.8,0.91875,0.7111111111111111,0.859375,40
MVP,18,157,3,22,0.875,0.45,0.98125,0.8571428571428571,0.715625,40
PROMEDIO_MACRO,154,754,46,46,0.908,0.7700000000000001,0.9425000000000001,0.7878543972118488,0.85625,200
