clase,TP,TN,FP,FN,Accuracy,Sensitivity,Specificity,Precision,Score,soporte
N,36,149,11,4,0.925,0.9,0.93125,0.7659574468085106,0.915625,40
AS,21,144,16,19,0.825,0.525,0.9,0.5675675675675675,0.7125,40
MR,27,153,7,13,0.9,0.675,0.95625,0.7941176470588235,0.815625,40
MS,27,140,20,13,0.835,0.675,0.875,0.574468085106383,0.775,40
MVP,19,144,16,21,0.815,0.475,0.9,0.5428571428571428,0.6875,40
PROMEDIO_MACRO,130,730,70,70,0.86,0.6500000000000001,0.9125,0.6489935778796856,0.78125,200
