clase,TP,TN,FP,FN,Accuracy,Sensitivity,Specificity,Precision,Score,soporte
N,36,156,4,4,0.96,0.9,0.975,0.9,0.9375,40
AS,38,154,6,2,0.96,0.95,0.9625,0.8636363636363636,0.95625,40
MR,33,153,7,7,0.93,0.825,0.95625,0.825,0.890625,40
MS,36,157,3,4,0.965,0.9,0.98125,0.9230769230769231,0.940625,40
MVP,33,156,4,7,0.945,0.825,0.975,0.8918918918918919,0.8999999999999999,40
PROMEDIO_MACRO,176,776,24,24,0.952,0.8799999999999999,0.97,0.8807210357210359,0.925,200
