clase,TP,TN,FP,FN,Accuracy,Sensitivity,Specificity,Precision,Score,soporte
N,30,159,1,10,0.945,0.75,0.99375,0.967741935483871,0.871875,40
AS,30,153,7,10,0.915,0.75,0.95625,0.8108108108108109,0.853125,40
MR,39,124,36,1,0.815,0.975,0.775,0.52,0.875,40
MS,27,158,2,13,0.925,0.675,0.9875,0.9310344827586207,0.83125,40
MVP,23,155,5,17,0.89,0.575,0.96875,0.8214285714285714,0.771875,40
PROMEDIO_MACRO,149,749,51,51,0.8979999999999999,0.7450000000000001,0.93625,0.8102031600963748,0.840625,200
