clase,TP,TN,FP,FN,Accuracy,Sensitivity,Specificity,Precision,Score,soporte
N,38,157,3,2,0.975,0.95,0.98125,0.926829268292683,0.965625,40
AS,38,152,8,2,0.95,0.95,0.95,0.8260869565217391,0.95,40
MR,33,155,5,7,0.94,0.825,0.96875,0.868421052631579,0.896875,40
MS,35,155,5,5,0.95,0.875,0.96875,0.875,0.921875,40
MVP,30,155,5,10,0.925,0.75,0.96875,0.8571428571428571,0.859375,40
PROMEDIO_MACRO,174,774,26,26,0.9479999999999998,0.8699999999999999,0.9675,0.8706960269177715,0.91875,200
