clase,TP,TN,FP,FN,Accuracy,Sensitivity,Specificity,Precision,Score,soporte
N,40,155,5,0,0.975,1.0,0.96875,0.8888888888888888,0.984375,40
AS,37,159,1,3,0.98,0.925,0.99375,0.9736842105263158,0.9593750000000001,40
MR,37,157,3,3,0.97,0.925,0.98125,0.925,0.953125,40
MS,37,159,1,3,0.98,0.925,0.99375,0.9736842105263158,0.9593750000000001,40
MVP,36,157,3,4,0.965,0.9,0.98125,0.9230769230769231,0.940625,40
PROMEDIO_MACRO,187,787,13,13,0.974,0.9350000000000002,0.9837499999999999,0.9368668466036889,0.959375,200
