clase,TP,TN,FP,FN,Accuracy,Sensitivity,Specificity,Precision,Score,soporte
N,37,157,3,3,0.97,0.925,0.98125,0.925,0.953125,40
AS,38,158,2,2,0.98,0.95,0.9875,0.95,0.96875,40
MR,37,157,3,3,0.97,0.925,0.98125,0.925,0.953125,40
MS,38,159,1,2,0.985,0.95,0.99375,0.9743589743589743,0.971875,40
MVP,35,154,6,5,0.945,0.875,0.9625,0.8536585365853658,0.91875,40
PROMEDIO_MACRO,185,785,15,15,0.97,0.925,0.98125,0.925603502188868,0.953125,200
