clase,TP,TN,FP,FN,Accuracy,Sensitivity,Specificity,Precision,Score,soporte
N,39,156,4,1,0.975,0.975,0.975,0.9069767441860465,0.975,40
AS,40,157,3,0,0.985,1.0,0.98125,0.9302325581395349,0.990625,40
MR,32,156,4,8,0.94,0.8,0.975,0.8888888888888888,0.8875,40
MS,39,152,8,1,0.955,0.975,0.95,0.8297872340425532,0.9624999999999999,40
MVP,29,158,2,11,0.935,0.725,0.9875,0.9354838709677419,0.85625,40
PROMEDIO_MACRO,179,779,21,21,0.958,0.8950000000000001,0.9737499999999999,0.8982738592449531,0.934375,200
