clase,TP,TN,FP,FN,Accuracy,Sensitivity,Specificity,Precision,Score,soporte
N,37,146,14,3,0.915,0.925,0.9125,0.7254901960784313,0.91875,40
AS,34,129,31,6,0.815,0.85,0.80625,0.5230769230769231,0.828125,40
MR,28,158,2,12,0.93,0.7,0.9875,0.9333333333333333,0.84375,40
MS,15,150,10,25,0.825,0.375,0.9375,0.6,0.65625,40
MVP,23,154,6,17,0.885,0.575,0.9625,0.7931034482758621,0.76875,40
PROMEDIO_MACRO,137,737,63,63,0.874,0.6849999999999999,0.92125,0.71500078015291,0.803125,200
