clase,TP,TN,FP,FN,Accuracy,Sensitivity,Specificity,Precision,Score,soporte
N,31,144,16,9,0.875,0.775,0.9,0.6595744680851063,0.8375,40
AS,35,130,30,5,0.825,0.875,0.8125,0.5384615384615384,0.84375,40
MR,32,157,3,8,0.945,0.8,0.98125,0.9142857142857143,0.890625,40
MS,13,152,8,27,0.825,0.325,0.95,0.6190476190476191,0.6375,40
MVP,21,149,11,19,0.85,0.525,0.93125,0.65625,0.728125,40
PROMEDIO_MACRO,132,732,68,68,0.8639999999999999,0.66,0.915,0.6775238679759956,0.7874999999999999,200
