clase,TP,TN,FP,FN,Accuracy,Sensitivity,Specificity,Precision,Score,soporte
N,32,142,18,8,0.87,0.8,0.8875,0.64,0.84375,40
AS,30,138,22,10,0.84,0.75,0.8625,0.5769230769230769,0.80625,40
MR,32,153,7,8,0.925,0.8,0.95625,0.8205128205128205,0.878125,40
MS,15,153,7,25,0.84,0.375,0.95625,0.6818181818181818,0.665625,40
MVP,26,149,11,14,0.875,0.65,0.93125,0.7027027027027027,0.790625,40
PROMEDIO_MACRO,135,735,65,65,0.8699999999999999,0.675,0.91875,0.6843913563913564,0.796875,200
