clase,TP,TN,FP,FN,Accuracy,Sensitivity,Specificity,Precision,Score,soporte
N,27,156,4,13,0.915,0.675,0.975,0.8709677419354839,0.825,40
AS,29,158,2,11,0.935,0.725,0.9875,0.9354838709677419,0.85625,40
MR,32,130,30,8,0.81,0.8,0.8125,0.5161290322580645,0.80625,40
MS,25,158,2,15,0.915,0.625,0.9875,0.9259259259259259,0.80625,40
MVP,29,140,20,11,0.845,0.725,0.875,0.5918367346938775,0.8,40
PROMEDIO_MACRO,142,742,58,58,0.884,0.7100000000000001,0.9275,0.7680686611562187,0.81875,200
