clase,TP,TN,FP,FN,Accuracy,Sensitivity,Specificity,Precision,Score,soporte
N,33,158,2,7,0.955,0.825,0.9875,0.9428571428571428,0.90625,40
AS,21,157,3,19,0.89,0.525,0.98125,0.875,0.753125,40
MR,36,127,33,4,0.815,0.9,0.79375,0.5217391304347826,0.846875,40
MS,31,159,1,9,0.95,0.775,0.99375,0.96875,0.884375,40
MVP,28,148,12,12,0.88,0.7,0.925,0.7,0.8125,40
PROMEDIO_MACRO,149,749,51,51,0.898,0.7449999999999999,0.93625,0.8016692546583851,0.840625,200
