clase,TP,TN,FP,FN,Accuracy,Sensitivity,Specificity,Precision,Score,soporte
N,38,159,1,2,0.985,0.95,0.99375,0.9743589743589743,0.971875,40
AS,29,150,10,11,0.895,0.725,0.9375,0.7435897435897436,0.83125,40
MR,36,146,14,4,0.91,0.9,0.9125,0.72,0.90625,40
MS,33,154,6,7,0.935,0.825,0.9625,0.8461538461538461,0.89375,40
MVP,31,158,2,9,0.945,0.775,0.9875,0.9393939393939394,0.8812500000000001,40
PROMEDIO_MACRO,167,767,33,33,0.9339999999999999,0.835,0.95875,0.8446993006993008,0.896875,200
