clase,TP,TN,FP,FN,Accuracy,Sensitivity,Specificity,Precision,Score,soporte
N,34,157,3,6,0.955,0.85,0.98125,0.918918918918919,0.9156249999999999,40
AS,37,159,1,3,0.98,0.925,0.99375,0.9736842105263158,0.9593750000000001,40
MR,39,146,14,1,0.925,0.975,0.9125,0.7358490566037735,0.94375,40
MS,33,158,2,7,0.955,0.825,0.9875,0.9428571428571428,0.90625,40
MVP,30,153,7,10,0.915,0.75,0.95625,0.8108108108108109,0.853125,40
PROMEDIO_MACRO,173,773,27,27,0.9460000000000001,0.865,0.9662499999999999,0.8764240279433924,0.915625,200
