clase,TP,TN,FP,FN,Accuracy,Sensitivity,Specificity,Precision,Score,soporte
N,39,158,2,1,0.985,0.975,0.9875,0.9512195121951219,0.98125,40
AS,39,155,5,1,0.97,0.975,0.96875,0.8863636363636364,0.971875,40
MR,33,152,8,7,0.925,0.825,0.95,0.8048780487804879,0.8875,40
MS,38,153,7,2,0.955,0.95,0.95625,0.8444444444444444,0.953125,40
MVP,27,158,2,13,0.925,0.675,0.9875,0.9310344827586207,0.83125,40
PROMEDIO_MACRO,176,776,24,24,0.952,0.8799999999999999,0.97,0.8835880249084622,0.925,200
