clase,TP,TN,FP,FN,Accuracy,Sensitivity,Specificity,Precision,Score,soporte
N,38,154,6,2,0.96,0.95,0.9625,0.8636363636363636,0.95625,40
AS,31,153,7,9,0.92,0.775,0.95625,0.8157894736842105,0.8656250000000001,40
MR,35,158,2,5,0.965,0.875,0.9875,0.9459459459459459,0.93125,40
MS,34,155,5,6,0.945,0.85,0.96875,0.8717948717948718,0.909375,40
MVP,32,150,10,8,0.91,0.8,0.9375,0.7619047619047619,0.86875,40
PROMEDIO_MACRO,170,770,30,30,0.9399999999999998,0.85,0.9625,0.8518142833932307,0.9062500000000002,200
