clase,TP,TN,FP,FN,Accuracy,Sensitivity,Specificity,Precision,Score,soporte
N,39,158,2,1,0.985,0.975,0.9875,0.9512195121951219,0.98125,40
AS,38,152,8,2,0.95,0.95,0.95,0.8260869565217391,0.95,40
MR,35,155,5,5,0.95,0.875,0.96875,0.875,0.921875,40
MS,35,158,2,5,0.965,0.875,0.9875,0.9459459459459459,0.93125,40
MVP,32,156,4,8,0.94,0.8,0.975,0.8888888888888888,0.8875,40
PROMEDIO_MACRO,179,779,21,21,0.9579999999999999,0.8949999999999999,0.9737499999999999,0.8974282607103392,0.934375,200
