clase,TP,TN,FP,FN,Accuracy,Sensitivity,Specificity,Precision,Score,soporte
N,38,147,13,2,0.925,0.95,0.91875,0.7450980392156863,0.934375,40
AS,23,151,9,17,0.87,0.575,0.94375,0.71875,0.7593749999999999,40
MR,29,151,9,11,0.9,0.725,0.94375,0.7631578947368421,0.834375,40
MS,26,142,18,14,0.84,0.65,0.8875,0.5909090909090909,0.76875,40
MVP,21,146,14,19,0.835,0.525,0.9125,0.6,0.71875,40
PROMEDIO_MACRO,137,737,63,63,0.8739999999999999,0.6849999999999999,0.9212499999999999,0.6835830049723238,0.803125,200
