clase,TP,TN,FP,FN,Accuracy,Sensitivity,Specificity,Precision,Score,soporte
N,39,157,3,1,0.98,0.975,0.98125,0.9285714285714286,0.9781249999999999,40
AS,38,158,2,2,0.98,0.95,0.9875,0.95,0.96875,40
MR,34,155,5,6,0.945,0.85,0.96875,0.8717948717948718,0.909375,40
MS,38,152,8,2,0.95,0.95,0.95,0.8260869565217391,0.95,40
MVP,30,157,3,10,0.935,0.75,0.98125,0.9090909090909091,0.865625,40
PROMEDIO_MACRO,179,779,21,21,0.9579999999999999,0.8949999999999999,0.9737500000000001,0.8971088331957897,0.934375,200
