clase,TP,TN,FP,FN,Accuracy,Sensitivity,Specificity,Precision,Score,soporte
N,39,160,0,1,0.995,0.975,1.0,1.0,0.9875,40
AS,39,156,4,1,0.975,0.975,0.975,0.9069767441860465,0.975,40
MR,40,158,2,0,0.99,1.0,0.9875,0.9523809523809523,0.99375,40
MS,38,159,1,2,0.985,0.95,0.99375,0.9743589743589743,0.971875,40
MVP,37,160,0,3,0.985,0.925,1.0,1.0,0.9625,40
PROMEDIO_MACRO,193,793,7,7,0.986,0.9650000000000001,0.9912500000000002,0.9667433341851946,0.978125,200
