clase,TP,TN,FP,FN,Accuracy,Sensitivity,Specificity,Precision,Score,soporte
N,35,158,2,5,0.965,0.875,0.9875,0.9459459459459459,0.93125,40
AS,35,158,2,5,0.965,0.875,0.9875,0.9459459459459459,0.93125,40
MR,38,141,19,2,0.895,0.95,0.88125,0.6666666666666666,0.9156249999999999,40
MS,34,158,2,6,0.96,0.85,0.9875,0.9444444444444444,0.91875,40
MVP,27,154,6,13,0.905,0.675,0.9625,0.8181818181818182,0.8187500000000001,40
PROMEDIO_MACRO,169,769,31,31,0.9380000000000001,0.8450000000000001,0.96125,0.8642369642369643,0.903125,200
