{
  "N": 0.10286817142168547,
  "AS": 0.19083293684472194,
  "MR": 0.19641787051916462,
  "MS": 0.13277753961555575,
  "MVP": 0.16266641247828983
}