clase,TP,TN,FP,FN,Accuracy,Sensitivity,Specificity,Precision,Score,soporte
N,38,158,2,2,0.98,0.95,0.9875,0.95,0.96875,40
AS,39,155,5,1,0.97,0.975,0.96875,0.8863636363636364,0.971875,40
MR,35,160,0,5,0.975,0.875,1.0,1.0,0.9375,40
MS,37,158,2,3,0.975,0.925,0.9875,0.9487179487179487,0.95625,40
MVP,37,155,5,3,0.96,0.925,0.96875,0.8809523809523809,0.946875,40
PROMEDIO_MACRO,186,786,14,14,0.9719999999999999,0.9299999999999999,0.9824999999999999,0.9332067932067932,0.95625,200
