clase,TP,TN,FP,FN,Accuracy,Sensitivity,Specificity,Precision,Score,soporte
N,35,148,12,5,0.915,0.875,0.925,0.7446808510638298,0.9,40
AS,30,148,12,10,0.89,0.75,0.925,0.7142857142857143,0.8375,40
MR,35,152,8,5,0.935,0.875,0.95,0.813953488372093,0.9125,40
MS,30,148,12,10,0.89,0.75,0.925,0.7142857142857143,0.8375,40
MVP,21,155,5,19,0.88,0.525,0.96875,0.8076923076923077,0.746875,40
PROMEDIO_MACRO,151,751,49,49,0.9020000000000001,0.755,0.93875,0.7589796151399317,0.846875,200
