distribucion,numero_capas,clasificador,representacion,Accuracy_mean,Accuracy_std,Sensitivity_mean,Sensitivity_std,Specificity_mean,Specificity_std,Precision_mean,Precision_std,Score_mean,Score_std
11-5-3,3,KNN,DeepONMF_H3,0.9629999999999999,0.011510864433221349,0.985,0.0071260964068696675,0.875,0.04330127018922194,0.9693229328045279,0.010497650562709527,0.93,0.022814640310554978
11-5-3,3,KNN,DeepONMF_W,0.9099999999999999,0.007905694150420955,0.9525,0.014388580541526641,0.74,0.037914377220257756,0.9362387069452287,0.008046373344107745,0.8462500000000001,0.01455726837356517
11-5-3,3,SVM,DeepONMF_H3,0.9709999999999999,0.01516575088810312,0.9800000000000001,0.010269797953221886,0.9349999999999999,0.03791437722025772,0.9836946700103495,0.009484436126484953,0.9574999999999999,0.02344791435288007
11-5-3,3,SVM,DeepONMF_W,0.916,0.008215838362577511,0.9112500000000001,0.012022115038544591,0.9349999999999999,0.045414755311462336,0.9826692732189795,0.011828452837367429,0.9231250000000001,0.019590535023321875
11-5-3,3,UjaNet,DeepONMF_H3,0.985,0.01172603939955859,0.99375,0.006249999999999964,0.95,0.04677071733467426,0.9876688974346882,0.011457014674631012,0.971875,0.024407030237208232
11-5-3,3,UjaNet,DeepONMF_W,0.966,0.0096176920308357,0.9775,0.010458250331675972,0.9199999999999999,0.03259601202601323,0.9800125939789858,0.007960020387443197,0.9487500000000001,0.01617772388193099
