clase,TP,TN,FP,FN,Accuracy,Sensitivity,Specificity,Precision,Score,soporte
N,40,160,0,0,1.0,1.0,1.0,1.0,1.0,40
AS,38,159,1,2,0.985,0.95,0.99375,0.9743589743589743,0.971875,40
MR,40,158,2,0,0.99,1.0,0.9875,0.9523809523809523,0.99375,40
MS,37,158,2,3,0.975,0.925,0.9875,0.9487179487179487,0.95625,40
MVP,39,159,1,1,0.99,0.975,0.99375,0.975,0.984375,40
PROMEDIO_MACRO,194,794,6,6,0.9879999999999999,0.97,0.9925,0.9700915750915751,0.98125,200
