clase,TP,TN,FP,FN,Accuracy,Sensitivity,Specificity,Precision,Score,soporte
N,37,157,3,3,0.97,0.925,0.98125,0.925,0.953125,40
AS,38,160,0,2,0.99,0.95,1.0,1.0,0.975,40
MR,36,157,3,4,0.965,0.9,0.98125,0.9230769230769231,0.940625,40
MS,38,157,3,2,0.975,0.95,0.98125,0.926829268292683,0.965625,40
MVP,38,156,4,2,0.97,0.95,0.975,0.9047619047619048,0.9624999999999999,40
PROMEDIO_MACRO,187,787,13,13,0.974,0.9349999999999999,0.9837499999999999,0.9359336192263022,0.959375,200
