clase,TP,TN,FP,FN,Accuracy,Sensitivity,Specificity,Precision,Score,soporte
N,27,154,6,13,0.905,0.675,0.9625,0.8181818181818182,0.8187500000000001,40
AS,20,159,1,20,0.895,0.5,0.99375,0.9523809523809523,0.746875,40
MR,36,118,42,4,0.77,0.9,0.7375,0.46153846153846156,0.8187500000000001,40
MS,22,157,3,18,0.895,0.55,0.98125,0.88,0.765625,40
MVP,27,144,16,13,0.855,0.675,0.9,0.627906976744186,0.7875000000000001,40
PROMEDIO_MACRO,132,732,68,68,0.8640000000000001,0.6599999999999999,0.915,0.7480016417690836,0.7875000000000001,200
