clase,TP,TN,FP,FN,Accuracy,Sensitivity,Specificity,Precision,Score,soporte
N,40,159,1,0,0.995,1.0,0.99375,0.975609756097561,0.996875,40
AS,40,159,1,0,0.995,1.0,0.99375,0.975609756097561,0.996875,40
MR,38,156,4,2,0.97,0.95,0.975,0.9047619047619048,0.9624999999999999,40
MS,40,158,2,0,0.99,1.0,0.9875,0.9523809523809523,0.99375,40
MVP,34,160,0,6,0.97,0.85,1.0,1.0,0.925,40
PROMEDIO_MACRO,192,792,8,8,0.984,0.96,0.99,0.9616724738675957,0.975,200
