clase,TP,TN,FP,FN,Accuracy,Sensitivity,Specificity,Precision,Score,soporte
N,40,158,2,0,0.99,1.0,0.9875,0.9523809523809523,0.99375,40
AS,36,158,2,4,0.97,0.9,0.9875,0.9473684210526315,0.9437500000000001,40
MR,36,157,3,4,0.965,0.9,0.98125,0.9230769230769231,0.940625,40
MS,37,160,0,3,0.985,0.925,1.0,1.0,0.9625,40
MVP,39,155,5,1,0.97,0.975,0.96875,0.8863636363636364,0.971875,40
PROMEDIO_MACRO,188,788,12,12,0.976,0.9399999999999998,0.985,0.9418379865748288,0.9625,200
