clase,TP,TN,FP,FN,Accuracy,Sensitivity,Specificity,Precision,Score,soporte
N,36,153,7,4,0.945,0.9,0.95625,0.8372093023255814,0.9281250000000001,40
AS,38,147,13,2,0.925,0.95,0.91875,0.7450980392156863,0.934375,40
MR,32,158,2,8,0.95,0.8,0.9875,0.9411764705882353,0.89375,40
MS,29,151,9,11,0.9,0.725,0.94375,0.7631578947368421,0.834375,40
MVP,31,157,3,9,0.94,0.775,0.98125,0.9117647058823529,0.878125,40
PROMEDIO_MACRO,166,766,34,34,0.932,0.8300000000000001,0.9574999999999999,0.8396812825497395,0.89375,200
