clase,TP,TN,FP,FN,Accuracy,Sensitivity,Specificity,Precision,Score,soporte
N,31,158,2,9,0.945,0.775,0.9875,0.9393939393939394,0.8812500000000001,40
AS,24,155,5,16,0.895,0.6,0.96875,0.8275862068965517,0.784375,40
MR,40,119,41,0,0.795,1.0,0.74375,0.49382716049382713,0.871875,40
MS,19,159,1,21,0.89,0.475,0.99375,0.95,0.734375,40
MVP,24,147,13,16,0.855,0.6,0.91875,0.6486486486486487,0.7593749999999999,40
PROMEDIO_MACRO,138,738,62,62,0.876,0.6900000000000001,0.9225,0.7718911910865933,0.80625,200
