clase,TP,TN,FP,FN,Accuracy,Sensitivity,Specificity,Precision,Score,soporte
N,37,159,1,3,0.98,0.925,0.99375,0.9736842105263158,0.9593750000000001,40
AS,40,160,0,0,1.0,1.0,1.0,1.0,1.0,40
MR,38,159,1,2,0.985,0.95,0.99375,0.9743589743589743,0.971875,40
MS,40,157,3,0,0.985,1.0,0.98125,0.9302325581395349,0.990625,40
MVP,37,157,3,3,0.97,0.925,0.98125,0.925,0.953125,40
PROMEDIO_MACRO,192,792,8,8,0.984,0.96,0.99,0.960655148604965,0.975,200
