clase,TP,TN,FP,FN,Accuracy,Sensitivity,Specificity,Precision,Score,soporte
N,35,142,18,5,0.885,0.875,0.8875,0.660377358490566,0.88125,40
AS,23,139,21,17,0.81,0.575,0.86875,0.5227272727272727,0.721875,40
MR,28,152,8,12,0.9,0.7,0.95,0.7777777777777778,0.825,40
MS,19,144,16,21,0.815,0.475,0.9,0.5428571428571428,0.6875,40
MVP,23,151,9,17,0.87,0.575,0.94375,0.71875,0.7593749999999999,40
PROMEDIO_MACRO,128,728,72,72,0.8560000000000001,0.64,0.9099999999999999,0.6444979103705518,0.7749999999999999,200
