,N,AS,MR,MS,MVP
N,98.5,0.0,0.5,0.0,1.0
AS,0.0,95.0,3.5000000000000004,0.5,1.0
MR,0.5,2.0,95.0,1.5,1.0
MS,0.0,1.0,1.0,94.5,3.5000000000000004
MVP,1.0,1.5,1.0,2.0,94.5
