clase,TP,TN,FP,FN,Accuracy,Sensitivity,Specificity,Precision,Score,soporte
N,39,159,1,1,0.99,0.975,0.99375,0.975,0.984375,40
AS,39,157,3,1,0.98,0.975,0.98125,0.9285714285714286,0.9781249999999999,40
MR,37,157,3,3,0.97,0.925,0.98125,0.925,0.953125,40
MS,38,159,1,2,0.985,0.95,0.99375,0.9743589743589743,0.971875,40
MVP,37,158,2,3,0.975,0.925,0.9875,0.9487179487179487,0.95625,40
PROMEDIO_MACRO,190,790,10,10,0.9799999999999999,0.95,0.9875,0.9503296703296703,0.96875,200
