distribucion,numero_capas,clasificador,representacion,Accuracy_mean,Accuracy_std,Sensitivity_mean,Sensitivity_std,Specificity_mean,Specificity_std,Precision_mean,Precision_std,Score_mean,Score_std
17-11-4,3,KNN,DeepONMF_H3,0.9228,0.006418722614352496,0.807,0.01604680653588123,0.95175,0.004011701633970263,0.82536022697255,0.01247302574345586,0.8793750000000001,0.010029254084925774
17-11-4,3,KNN,DeepONMF_W,0.8532,0.008671793355471467,0.633,0.02167948338867882,0.90825,0.005419870847169796,0.6574578931942321,0.021652344150849052,0.770625,0.013549677117924278
17-11-4,3,SVM,DeepONMF_H3,0.9564,0.009099450532861857,0.891,0.02274862633215467,0.9727499999999999,0.005687156583038645,0.8936112388430967,0.02339879338596766,0.931875,0.014217891457596655
17-11-4,3,SVM,DeepONMF_W,0.8956,0.007797435475847168,0.7390000000000001,0.01949358868961794,0.93475,0.0048733971724045,0.742283829187206,0.022105147427869978,0.836875,0.012183492931011225
17-11-4,3,UjaNet,DeepONMF_H3,0.9735999999999999,0.010139033484509206,0.9339999999999999,0.025347583711273113,0.9834999999999999,0.0063368959278182774,0.9355696792731454,0.025144432742750637,0.95875,0.01584223981954571
17-11-4,3,UjaNet,DeepONMF_W,0.9328000000000001,0.009230384607371444,0.8320000000000001,0.02307596151842866,0.9579999999999999,0.005768990379607167,0.8397933445220968,0.024092834269121628,0.8949999999999999,0.014422475949017912
