clase,TP,TN,FP,FN,Accuracy,Sensitivity,Specificity,Precision,Score,soporte
N,36,156,4,4,0.96,0.9,0.975,0.9,0.9375,40
AS,38,154,6,2,0.96,0.95,0.9625,0.8636363636363636,0.95625,40
MR,33,154,6,7,0.935,0.825,0.9625,0.8461538461538461,0.89375,40
MS,35,157,3,5,0.96,0.875,0.98125,0.9210526315789473,0.928125,40
MVP,33,154,6,7,0.935,0.825,0.9625,0.8461538461538461,0.89375,40
PROMEDIO_MACRO,175,775,25,25,0.95,0.875,0.96875,0.8753993375046006,0.921875,200
