clase,TP,TN,FP,FN,Accuracy,Sensitivity,Specificity,Precision,Score,soporte
N,38,159,1,2,0.985,0.95,0.99375,0.9743589743589743,0.971875,40
AS,36,155,5,4,0.955,0.9,0.96875,0.8780487804878049,0.934375,40
MR,39,150,10,1,0.945,0.975,0.9375,0.7959183673469388,0.95625,40
MS,36,158,2,4,0.97,0.9,0.9875,0.9473684210526315,0.9437500000000001,40
MVP,28,155,5,12,0.915,0.7,0.96875,0.8484848484848485,0.834375,40
PROMEDIO_MACRO,177,777,23,23,0.954,0.885,0.9712500000000001,0.8888358783462396,0.928125,200
