,N,AS,MR,MS,MVP
N,94.5,0.5,1.0,1.0,3.0
AS,0.0,96.5,0.5,1.5,1.5
MR,3.5000000000000004,8.0,82.0,4.0,2.5
MS,0.5,2.0,0.0,94.0,3.5000000000000004
MVP,4.0,4.0,1.5,2.5,88.0
