clase,TP,TN,FP,FN,Accuracy,Sensitivity,Specificity,Precision,Score,soporte
N,36,156,4,4,0.96,0.9,0.975,0.9,0.9375,40
AS,38,159,1,2,0.985,0.95,0.99375,0.9743589743589743,0.971875,40
MR,37,151,9,3,0.94,0.925,0.94375,0.8043478260869565,0.934375,40
MS,35,159,1,5,0.97,0.875,0.99375,0.9722222222222222,0.934375,40
MVP,32,153,7,8,0.925,0.8,0.95625,0.8205128205128205,0.878125,40
PROMEDIO_MACRO,178,778,22,22,0.9559999999999998,0.89,0.9724999999999999,0.8942883686361947,0.93125,200
