clase,TP,TN,FP,FN,Accuracy,Sensitivity,Specificity,Precision,Score,soporte
N,40,157,3,0,0.985,1.0,0.98125,0.9302325581395349,0.990625,40
AS,37,156,4,3,0.965,0.925,0.975,0.9024390243902439,0.95,40
MR,39,159,1,1,0.99,0.975,0.99375,0.975,0.984375,40
MS,38,158,2,2,0.98,0.95,0.9875,0.95,0.96875,40
MVP,35,159,1,5,0.97,0.875,0.99375,0.9722222222222222,0.934375,40
PROMEDIO_MACRO,189,789,11,11,0.978,0.945,0.9862500000000001,0.9459787609504001,0.965625,200
