clase,TP,TN,FP,FN,Accuracy,Sensitivity,Specificity,Precision,Score,soporte
N,40,154,6,0,0.97,1.0,0.9625,0.8695652173913043,0.98125,40
AS,35,159,1,5,0.97,0.875,0.99375,0.9722222222222222,0.934375,40
MR,36,157,3,4,0.965,0.9,0.98125,0.9230769230769231,0.940625,40
MS,37,160,0,3,0.985,0.925,1.0,1.0,0.9625,40
MVP,38,156,4,2,0.97,0.95,0.975,0.9047619047619048,0.9624999999999999,40
PROMEDIO_MACRO,186,786,14,14,0.9719999999999999,0.93,0.9824999999999999,0.933925253490471,0.95625,200
