comparación,distancia
N-AS,0.32317419822239346
N-MR,0.045631997799526536
N-MS,0.17235824610520922
N-MVP,0.14440312179819215
AS-MR,0.36880619602192
AS-MS,0.4955324443276027
AS-MVP,0.4675773200205856
MR-MS,0.1267262483056827
MR-MVP,0.09877112399866561
MS-MVP,0.027955124307017076
