clase,TP,TN,FP,FN,Accuracy,Sensitivity,Specificity,Precision,Score,soporte
N,39,158,2,1,0.985,0.975,0.9875,0.9512195121951219,0.98125,40
AS,39,157,3,1,0.98,0.975,0.98125,0.9285714285714286,0.9781249999999999,40
MR,36,156,4,4,0.96,0.9,0.975,0.9,0.9375,40
MS,37,158,2,3,0.975,0.925,0.9875,0.9487179487179487,0.95625,40
MVP,35,157,3,5,0.96,0.875,0.98125,0.9210526315789473,0.928125,40
PROMEDIO_MACRO,186,786,14,14,0.9719999999999999,0.93,0.9825000000000002,0.9299123042126893,0.9562499999999998,200
