clase,TP,TN,FP,FN,Accuracy,Sensitivity,Specificity,Precision,Score,soporte
N,39,158,2,1,0.985,0.975,0.9875,0.9512195121951219,0.98125,40
AS,39,155,5,1,0.97,0.975,0.96875,0.8863636363636364,0.971875,40
MR,34,157,3,6,0.955,0.85,0.98125,0.918918918918919,0.9156249999999999,40
MS,36,157,3,4,0.965,0.9,0.98125,0.9230769230769231,0.940625,40
MVP,34,155,5,6,0.945,0.85,0.96875,0.8717948717948718,0.909375,40
PROMEDIO_MACRO,182,782,18,18,0.9640000000000001,0.9099999999999999,0.9775,0.9102747724698943,0.94375,200
