clase,TP,TN,FP,FN,Accuracy,Sensitivity,Specificity,Precision,Score,soporte
N,35,136,24,5,0.855,0.875,0.85,0.5932203389830508,0.8625,40
AS,20,134,26,20,0.77,0.5,0.8375,0.43478260869565216,0.66875,40
MR,18,157,3,22,0.875,0.45,0.98125,0.8571428571428571,0.715625,40
MS,24,136,24,16,0.8,0.6,0.85,0.5,0.725,40
MVP,10,144,16,30,0.77,0.25,0.9,0.38461538461538464,0.575,40
PROMEDIO_MACRO,107,707,93,93,0.8140000000000001,0.5349999999999999,0.88375,0.5539522378873889,0.709375,200
