clase,TP,TN,FP,FN,Accuracy,Sensitivity,Specificity,Precision,Score,soporte
N,37,139,21,3,0.88,0.925,0.86875,0.6379310344827587,0.8968750000000001,40
AS,25,141,19,15,0.83,0.625,0.88125,0.5681818181818182,0.753125,40
MR,32,150,10,8,0.91,0.8,0.9375,0.7619047619047619,0.86875,40
MS,18,149,11,22,0.835,0.45,0.93125,0.6206896551724138,0.690625,40
MVP,25,158,2,15,0.915,0.625,0.9875,0.9259259259259259,0.80625,40
PROMEDIO_MACRO,137,737,63,63,0.874,0.685,0.92125,0.7029266391335357,0.8031250000000002,200
