clase,TP,TN,FP,FN,Accuracy,Sensitivity,Specificity,Precision,Score,soporte
N,36,156,4,4,0.96,0.9,0.975,0.9,0.9375,40
AS,39,156,4,1,0.975,0.975,0.975,0.9069767441860465,0.975,40
MR,34,154,6,6,0.94,0.85,0.9625,0.85,0.90625,40
MS,36,155,5,4,0.955,0.9,0.96875,0.8780487804878049,0.934375,40
MVP,29,153,7,11,0.91,0.725,0.95625,0.8055555555555556,0.840625,40
PROMEDIO_MACRO,174,774,26,26,0.9480000000000001,0.8699999999999999,0.9675,0.8681162160458813,0.91875,200
