clase,TP,TN,FP,FN,Accuracy,Sensitivity,Specificity,Precision,Score,soporte
N,37,146,14,3,0.915,0.925,0.9125,0.7254901960784313,0.91875,40
AS,27,146,14,13,0.865,0.675,0.9125,0.6585365853658537,0.79375,40
MR,32,153,7,8,0.925,0.8,0.95625,0.8205128205128205,0.878125,40
MS,28,143,17,12,0.855,0.7,0.89375,0.6222222222222222,0.796875,40
MVP,18,154,6,22,0.86,0.45,0.9625,0.75,0.70625,40
PROMEDIO_MACRO,142,742,58,58,0.884,0.7100000000000002,0.9275,0.7153523648358655,0.81875,200
