clase,TP,TN,FP,FN,Accuracy,Sensitivity,Specificity,Precision,Score,soporte
N,34,142,18,6,0.88,0.85,0.8875,0.6538461538461539,0.8687499999999999,40
AS,26,119,41,14,0.725,0.65,0.74375,0.3880597014925373,0.696875,40
MR,21,154,6,19,0.875,0.525,0.9625,0.7777777777777778,0.74375,40
MS,14,146,14,26,0.8,0.35,0.9125,0.5,0.63125,40
MVP,14,148,12,26,0.81,0.35,0.925,0.5384615384615384,0.6375,40
PROMEDIO_MACRO,109,709,91,91,0.818,0.545,0.8862500000000001,0.5716290343156014,0.715625,200
