clase,TP,TN,FP,FN,Accuracy,Sensitivity,Specificity,Precision,Score,soporte
N,34,144,16,6,0.89,0.85,0.9,0.68,0.875,40
AS,31,130,30,9,0.805,0.775,0.8125,0.5081967213114754,0.79375,40
MR,29,158,2,11,0.935,0.725,0.9875,0.9354838709677419,0.85625,40
MS,16,151,9,24,0.835,0.4,0.94375,0.64,0.671875,40
MVP,21,148,12,19,0.845,0.525,0.925,0.6363636363636364,0.7250000000000001,40
PROMEDIO_MACRO,131,731,69,69,0.8619999999999999,0.655,0.9137500000000001,0.6800088457285708,0.784375,200
