clase,TP,TN,FP,FN,Accuracy,Sensitivity,Specificity,Precision,Score,soporte
N,38,157,3,2,0.975,0.95,0.98125,0.926829268292683,0.965625,40
AS,38,153,7,2,0.955,0.95,0.95625,0.8444444444444444,0.953125,40
MR,33,154,6,7,0.935,0.825,0.9625,0.8461538461538461,0.89375,40
MS,36,156,4,4,0.96,0.9,0.975,0.9,0.9375,40
MVP,32,157,3,8,0.945,0.8,0.98125,0.9142857142857143,0.890625,40
PROMEDIO_MACRO,177,777,23,23,0.9540000000000001,0.885,0.9712500000000001,0.8863426546353376,0.928125,200
