clase,TP,TN,FP,FN,Accuracy,Sensitivity,Specificity,Precision,Score,soporte
N,35,158,2,5,0.965,0.875,0.9875,0.9459459459459459,0.93125,40
AS,36,146,14,4,0.91,0.9,0.9125,0.72,0.90625,40
MR,35,157,3,5,0.96,0.875,0.98125,0.9210526315789473,0.928125,40
MS,29,152,8,11,0.905,0.725,0.95,0.7837837837837838,0.8374999999999999,40
MVP,33,155,5,7,0.94,0.825,0.96875,0.868421052631579,0.896875,40
PROMEDIO_MACRO,168,768,32,32,0.9359999999999999,0.8400000000000001,0.96,0.8478406827880512,0.9,200
