clase,TP,TN,FP,FN,Accuracy,Sensitivity,Specificity,Precision,Score,soporte
N,37,159,1,3,0.98,0.925,0.99375,0.9736842105263158,0.9593750000000001,40
AS,40,148,12,0,0.94,1.0,0.925,0.7692307692307693,0.9625,40
MR,30,155,5,10,0.925,0.75,0.96875,0.8571428571428571,0.859375,40
MS,33,158,2,7,0.955,0.825,0.9875,0.9428571428571428,0.90625,40
MVP,31,151,9,9,0.91,0.775,0.94375,0.775,0.859375,40
PROMEDIO_MACRO,171,771,29,29,0.942,0.8550000000000001,0.9637499999999999,0.8635829959514171,0.909375,200
