clase,TP,TN,FP,FN,Accuracy,Sensitivity,Specificity,Precision,Score,soporte
N,38,159,1,2,0.985,0.95,0.99375,0.9743589743589743,0.971875,40
AS,34,146,14,6,0.9,0.85,0.9125,0.7083333333333334,0.88125,40
MR,34,153,7,6,0.935,0.85,0.95625,0.8292682926829268,0.903125,40
MS,27,157,3,13,0.92,0.675,0.98125,0.9,0.828125,40
MVP,32,150,10,8,0.91,0.8,0.9375,0.7619047619047619,0.86875,40
PROMEDIO_MACRO,165,765,35,35,0.93,0.825,0.95625,0.8347730724559993,0.890625,200
