clase,TP,TN,FP,FN,Accuracy,Sensitivity,Specificity,Precision,Score,soporte
N,33,154,6,7,0.935,0.825,0.9625,0.8461538461538461,0.89375,40
AS,34,155,5,6,0.945,0.85,0.96875,0.8717948717948718,0.909375,40
MR,33,144,16,7,0.885,0.825,0.9,0.673469387755102,0.8625,40
MS,34,158,2,6,0.96,0.85,0.9875,0.9444444444444444,0.91875,40
MVP,28,151,9,12,0.895,0.7,0.94375,0.7567567567567568,0.8218749999999999,40
PROMEDIO_MACRO,162,762,38,38,0.9239999999999998,0.8099999999999999,0.9524999999999999,0.8185238613810043,0.88125,200
