clase,TP,TN,FP,FN,Accuracy,Sensitivity,Specificity,Precision,Score,soporte
N,38,158,2,2,0.98,0.95,0.9875,0.95,0.96875,40
AS,40,160,0,0,1.0,1.0,1.0,1.0,1.0,40
MR,37,160,0,3,0.985,0.925,1.0,1.0,0.9625,40
MS,40,157,3,0,0.985,1.0,0.98125,0.9302325581395349,0.990625,40
MVP,37,157,3,3,0.97,0.925,0.98125,0.925,0.953125,40
PROMEDIO_MACRO,192,792,8,8,0.984,0.96,0.99,0.961046511627907,0.975,200
