clase,TP,TN,FP,FN,Accuracy,Sensitivity,Specificity,Precision,Score,soporte
N,39,159,1,1,0.99,0.975,0.99375,0.975,0.984375,40
AS,40,160,0,0,1.0,1.0,1.0,1.0,1.0,40
MR,37,159,1,3,0.98,0.925,0.99375,0.9736842105263158,0.9593750000000001,40
MS,40,157,3,0,0.985,1.0,0.98125,0.9302325581395349,0.990625,40
MVP,37,158,2,3,0.975,0.925,0.9875,0.9487179487179487,0.95625,40
PROMEDIO_MACRO,193,793,7,7,0.986,0.9650000000000001,0.99125,0.9655269434767598,0.978125,200
