clase,TP,TN,FP,FN,Accuracy,Sensitivity,Specificity,Precision,Score,soporte
N,38,156,4,2,0.97,0.95,0.975,0.9047619047619048,0.9624999999999999,40
AS,38,158,2,2,0.98,0.95,0.9875,0.95,0.96875,40
MR,37,156,4,3,0.965,0.925,0.975,0.9024390243902439,0.95,40
MS,37,158,2,3,0.975,0.925,0.9875,0.9487179487179487,0.95625,40
MVP,35,157,3,5,0.96,0.875,0.98125,0.9210526315789473,0.928125,40
PROMEDIO_MACRO,185,785,15,15,0.97,0.925,0.98125,0.9253943018898088,0.9531249999999998,200
