clase,TP,TN,FP,FN,Accuracy,Sensitivity,Specificity,Precision,Score,soporte
N,37,144,16,3,0.905,0.925,0.9,0.6981132075471698,0.9125000000000001,40
AS,29,151,9,11,0.9,0.725,0.94375,0.7631578947368421,0.834375,40
MR,32,154,6,8,0.93,0.8,0.9625,0.8421052631578947,0.8812500000000001,40
MS,29,147,13,11,0.88,0.725,0.91875,0.6904761904761905,0.8218749999999999,40
MVP,20,151,9,20,0.855,0.5,0.94375,0.6896551724137931,0.721875,40
PROMEDIO_MACRO,147,747,53,53,0.8940000000000001,0.7350000000000001,0.9337499999999999,0.736701545666378,0.834375,200
