clase,TP,TN,FP,FN,Accuracy,Sensitivity,Specificity,Precision,Score,soporte
N,39,146,14,1,0.925,0.975,0.9125,0.7358490566037735,0.94375,40
AS,36,146,14,4,0.91,0.9,0.9125,0.72,0.90625,40
MR,33,158,2,7,0.955,0.825,0.9875,0.9428571428571428,0.90625,40
MS,28,151,9,12,0.895,0.7,0.94375,0.7567567567567568,0.8218749999999999,40
MVP,23,158,2,17,0.905,0.575,0.9875,0.92,0.78125,40
PROMEDIO_MACRO,159,759,41,41,0.9179999999999999,0.7950000000000002,0.9487500000000001,0.8150925912435346,0.871875,200
