clase,TP,TN,FP,FN,Accuracy,Sensitivity,Specificity,Precision,Score,soporte
N,36,155,5,4,0.955,0.9,0.96875,0.8780487804878049,0.934375,40
AS,39,155,5,1,0.97,0.975,0.96875,0.8863636363636364,0.971875,40
MR,32,156,4,8,0.94,0.8,0.975,0.8888888888888888,0.8875,40
MS,37,156,4,3,0.965,0.925,0.975,0.9024390243902439,0.95,40
MVP,32,154,6,8,0.93,0.8,0.9625,0.8421052631578947,0.8812500000000001,40
PROMEDIO_MACRO,176,776,24,24,0.952,0.8799999999999999,0.9700000000000001,0.8795691186576937,0.925,200
