clase,TP,TN,FP,FN,Accuracy,Sensitivity,Specificity,Precision,Score,soporte
N,37,147,13,3,0.92,0.925,0.91875,0.74,0.921875,40
AS,34,150,10,6,0.92,0.85,0.9375,0.7727272727272727,0.89375,40
MR,33,152,8,7,0.925,0.825,0.95,0.8048780487804879,0.8875,40
MS,31,147,13,9,0.89,0.775,0.91875,0.7045454545454546,0.846875,40
MVP,18,157,3,22,0.875,0.45,0.98125,0.8571428571428571,0.715625,40
PROMEDIO_MACRO,153,753,47,47,0.906,0.7649999999999999,0.9412499999999999,0.7758587266392144,0.853125,200
