clase,TP,TN,FP,FN,Accuracy,Sensitivity,Specificity,Precision,Score,soporte
N,36,135,25,4,0.855,0.9,0.84375,0.5901639344262295,0.871875,40
AS,20,127,33,20,0.735,0.5,0.79375,0.37735849056603776,0.646875,40
MR,13,156,4,27,0.845,0.325,0.975,0.7647058823529411,0.65,40
MS,12,134,26,28,0.73,0.3,0.8375,0.3157894736842105,0.56875,40
MVP,14,143,17,26,0.785,0.35,0.89375,0.45161290322580644,0.621875,40
PROMEDIO_MACRO,95,695,105,105,0.7899999999999999,0.475,0.86875,0.49992613685104514,0.671875,200
