clase,TP,TN,FP,FN,Accuracy,Sensitivity,Specificity,Precision,Score,soporte
N,37,147,13,3,0.92,0.925,0.91875,0.74,0.921875,40
AS,33,146,14,7,0.895,0.825,0.9125,0.7021276595744681,0.8687499999999999,40
MR,35,149,11,5,0.92,0.875,0.93125,0.7608695652173914,0.903125,40
MS,30,152,8,10,0.91,0.75,0.95,0.7894736842105263,0.85,40
MVP,18,159,1,22,0.885,0.45,0.99375,0.9473684210526315,0.721875,40
PROMEDIO_MACRO,153,753,47,47,0.906,0.765,0.9412499999999999,0.7879678660110035,0.853125,200
