clase,TP,TN,FP,FN,Accuracy,Sensitivity,Specificity,Precision,Score,soporte
N,36,159,1,4,0.975,0.9,0.99375,0.972972972972973,0.946875,40
AS,39,158,2,1,0.985,0.975,0.9875,0.9512195121951219,0.98125,40
MR,37,158,2,3,0.975,0.925,0.9875,0.9487179487179487,0.95625,40
MS,40,156,4,0,0.98,1.0,0.975,0.9090909090909091,0.9875,40
MVP,35,156,4,5,0.955,0.875,0.975,0.8974358974358975,0.925,40
PROMEDIO_MACRO,187,787,13,13,0.974,0.9349999999999999,0.98375,0.9358874480825701,0.959375,200
