clase,TP,TN,FP,FN,Accuracy,Sensitivity,Specificity,Precision,Score,soporte
N,33,157,3,7,0.95,0.825,0.98125,0.9166666666666666,0.903125,40
AS,35,158,2,5,0.965,0.875,0.9875,0.9459459459459459,0.93125,40
MR,36,143,17,4,0.895,0.9,0.89375,0.6792452830188679,0.8968750000000001,40
MS,28,157,3,12,0.925,0.7,0.98125,0.9032258064516129,0.840625,40
MVP,26,143,17,14,0.845,0.65,0.89375,0.6046511627906976,0.7718750000000001,40
PROMEDIO_MACRO,158,758,42,42,0.916,0.7899999999999999,0.9475,0.8099469729747583,0.86875,200
