clase,TP,TN,FP,FN,Accuracy,Sensitivity,Specificity,Precision,Score,soporte
N,35,159,1,5,0.97,0.875,0.99375,0.9722222222222222,0.934375,40
AS,36,155,5,4,0.955,0.9,0.96875,0.8780487804878049,0.934375,40
MR,36,152,8,4,0.94,0.9,0.95,0.8181818181818182,0.925,40
MS,34,150,10,6,0.92,0.85,0.9375,0.7727272727272727,0.89375,40
MVP,31,156,4,9,0.935,0.775,0.975,0.8857142857142857,0.875,40
PROMEDIO_MACRO,172,772,28,28,0.944,0.86,0.9649999999999999,0.8653788758666806,0.9125,200
