clase,TP,TN,FP,FN,Accuracy,Sensitivity,Specificity,Precision,Score,soporte
N,34,144,16,6,0.89,0.85,0.9,0.68,0.875,40
AS,33,132,28,7,0.825,0.825,0.825,0.5409836065573771,0.825,40
MR,25,157,3,15,0.91,0.625,0.98125,0.8928571428571429,0.803125,40
MS,18,149,11,22,0.835,0.45,0.93125,0.6206896551724138,0.690625,40
MVP,21,149,11,19,0.85,0.525,0.93125,0.65625,0.728125,40
PROMEDIO_MACRO,131,731,69,69,0.8619999999999999,0.655,0.91375,0.6781560809173868,0.7843749999999999,200
