,N,AS,MR,MS,MVP
N,98.5,0.0,0.0,0.0,1.5
AS,0.5,94.5,3.5000000000000004,1.0,0.5
MR,1.5,4.5,90.0,2.0,2.0
MS,0.5,1.0,1.5,93.5,3.5000000000000004
MVP,3.0,2.5,2.0,1.5,91.0
