clase,TP,TN,FP,FN,Accuracy,Sensitivity,Specificity,Precision,Score,soporte
N,37,160,0,3,0.985,0.925,1.0,1.0,0.9625,40
AS,32,155,5,8,0.935,0.8,0.96875,0.8648648648648649,0.884375,40
MR,39,144,16,1,0.915,0.975,0.9,0.7090909090909091,0.9375,40
MS,33,155,5,7,0.94,0.825,0.96875,0.868421052631579,0.896875,40
MVP,29,156,4,11,0.925,0.725,0.975,0.8787878787878788,0.85,40
PROMEDIO_MACRO,170,770,30,30,0.9400000000000001,0.85,0.9625,0.8642329410750463,0.90625,200
