clase,TP,TN,FP,FN,Accuracy,Sensitivity,Specificity,Precision,Score,soporte
N,39,146,14,1,0.925,0.975,0.9125,0.7358490566037735,0.94375,40
AS,33,146,14,7,0.895,0.825,0.9125,0.7021276595744681,0.8687499999999999,40
MR,33,159,1,7,0.96,0.825,0.99375,0.9705882352941176,0.909375,40
MS,31,147,13,9,0.89,0.775,0.91875,0.7045454545454546,0.846875,40
MVP,20,158,2,20,0.89,0.5,0.9875,0.9090909090909091,0.74375,40
PROMEDIO_MACRO,156,756,44,44,0.9120000000000001,0.78,0.945,0.8044402630217447,0.8625,200
