clase,TP,TN,FP,FN,Accuracy,Sensitivity,Specificity,Precision,Score,soporte
N,36,159,1,4,0.975,0.9,0.99375,0.972972972972973,0.946875,40
AS,33,153,7,7,0.93,0.825,0.95625,0.825,0.890625,40
MR,33,147,13,7,0.9,0.825,0.91875,0.717391304347826,0.871875,40
MS,36,158,2,4,0.97,0.9,0.9875,0.9473684210526315,0.9437500000000001,40
MVP,32,153,7,8,0.925,0.8,0.95625,0.8205128205128205,0.878125,40
PROMEDIO_MACRO,170,770,30,30,0.9400000000000001,0.85,0.9625,0.8566491037772502,0.90625,200
