epoca,loss_train,loss_val
1,1.5731360912322998,1.5819416046142578
2,1.67083078622818,1.5682189464569092
