clase,TP,TN,FP,FN,Accuracy,Sensitivity,Specificity,Precision,Score,soporte
N,37,143,17,3,0.9,0.925,0.89375,0.6851851851851852,0.909375,40
AS,33,149,11,7,0.91,0.825,0.93125,0.75,0.878125,40
MR,28,156,4,12,0.92,0.7,0.975,0.875,0.8374999999999999,40
MS,30,146,14,10,0.88,0.75,0.9125,0.6818181818181818,0.83125,40
MVP,22,156,4,18,0.89,0.55,0.975,0.8461538461538461,0.7625,40
PROMEDIO_MACRO,150,750,50,50,0.9,0.75,0.9375,0.7676314426314426,0.84375,200
