clase,TP,TN,FP,FN,Accuracy,Sensitivity,Specificity,Precision,Score,soporte
N,39,158,2,1,0.985,0.975,0.9875,0.9512195121951219,0.98125,40
AS,39,150,10,1,0.945,0.975,0.9375,0.7959183673469388,0.95625,40
MR,32,159,1,8,0.955,0.8,0.99375,0.9696969696969697,0.8968750000000001,40
MS,34,150,10,6,0.92,0.85,0.9375,0.7727272727272727,0.89375,40
MVP,31,158,2,9,0.945,0.775,0.9875,0.9393939393939394,0.8812500000000001,40
PROMEDIO_MACRO,175,775,25,25,0.95,0.875,0.96875,0.8857912122720485,0.921875,200
