clase,TP,TN,FP,FN,Accuracy,Sensitivity,Specificity,Precision,Score,soporte
N,39,145,15,1,0.92,0.975,0.90625,0.7222222222222222,0.940625,40
AS,29,138,22,11,0.835,0.725,0.8625,0.5686274509803921,0.79375,40
MR,30,154,6,10,0.92,0.75,0.9625,0.8333333333333334,0.85625,40
MS,27,148,12,13,0.875,0.675,0.925,0.6923076923076923,0.8,40
MVP,16,156,4,24,0.86,0.4,0.975,0.8,0.6875,40
PROMEDIO_MACRO,141,741,59,59,0.882,0.705,0.9262499999999999,0.7232981397687279,0.815625,200
