clase,TP,TN,FP,FN,Accuracy,Sensitivity,Specificity,Precision,Score,soporte
N,37,159,1,3,0.98,0.925,0.99375,0.9736842105263158,0.9593750000000001,40
AS,40,155,5,0,0.975,1.0,0.96875,0.8888888888888888,0.984375,40
MR,36,157,3,4,0.965,0.9,0.98125,0.9230769230769231,0.940625,40
MS,37,158,2,3,0.975,0.925,0.9875,0.9487179487179487,0.95625,40
MVP,36,157,3,4,0.965,0.9,0.98125,0.9230769230769231,0.940625,40
PROMEDIO_MACRO,186,786,14,14,0.9720000000000001,0.93,0.9824999999999999,0.9314889788574,0.95625,200
