clase,TP,TN,FP,FN,Accuracy,Sensitivity,Specificity,Precision,Score,soporte
N,38,156,4,2,0.97,0.95,0.975,0.9047619047619048,0.9624999999999999,40
AS,38,154,6,2,0.96,0.95,0.9625,0.8636363636363636,0.95625,40
MR,33,159,1,7,0.96,0.825,0.99375,0.9705882352941176,0.909375,40
MS,38,158,2,2,0.98,0.95,0.9875,0.95,0.96875,40
MVP,36,156,4,4,0.96,0.9,0.975,0.9,0.9375,40
PROMEDIO_MACRO,183,783,17,17,0.966,0.915,0.97875,0.9177973007384773,0.946875,200
