clase,TP,TN,FP,FN,Accuracy,Sensitivity,Specificity,Precision,Score,soporte
N,37,146,14,3,0.915,0.925,0.9125,0.7254901960784313,0.91875,40
AS,24,156,4,16,0.9,0.6,0.975,0.8571428571428571,0.7875,40
MR,33,154,6,7,0.935,0.825,0.9625,0.8461538461538461,0.89375,40
MS,31,146,14,9,0.885,0.775,0.9125,0.6888888888888889,0.84375,40
MVP,26,149,11,14,0.875,0.65,0.93125,0.7027027027027027,0.790625,40
PROMEDIO_MACRO,151,751,49,49,0.9019999999999999,0.7549999999999999,0.9387500000000001,0.7640756981933452,0.846875,200
