clase,TP,TN,FP,FN,Accuracy,Sensitivity,Specificity,Precision,Score,soporte
N,38,159,1,2,0.985,0.95,0.99375,0.9743589743589743,0.971875,40
AS,35,157,3,5,0.96,0.875,0.98125,0.9210526315789473,0.928125,40
MR,39,153,7,1,0.96,0.975,0.95625,0.8478260869565217,0.965625,40
MS,37,154,6,3,0.955,0.925,0.9625,0.8604651162790697,0.9437500000000001,40
MVP,32,158,2,8,0.95,0.8,0.9875,0.9411764705882353,0.89375,40
PROMEDIO_MACRO,181,781,19,19,0.962,0.9049999999999999,0.9762500000000001,0.9089758559523498,0.940625,200
