clase,TP,TN,FP,FN,Accuracy,Sensitivity,Specificity,Precision,Score,soporte
N,40,159,1,0,0.995,1.0,0.99375,0.975609756097561,0.996875,40
AS,36,158,2,4,0.97,0.9,0.9875,0.9473684210526315,0.9437500000000001,40
MR,40,155,5,0,0.975,1.0,0.96875,0.8888888888888888,0.984375,40
MS,37,157,3,3,0.97,0.925,0.98125,0.925,0.953125,40
MVP,35,159,1,5,0.97,0.875,0.99375,0.9722222222222222,0.934375,40
PROMEDIO_MACRO,188,788,12,12,0.976,0.9400000000000001,0.9850000000000001,0.9418178576522607,0.9625,200
