epoca,loss_train,loss_val
1,1.839951753616333,1.6162631511688232
2,1.7635559439659119,1.6167049407958984
