clase,TP,TN,FP,FN,Accuracy,Sensitivity,Specificity,Precision,Score,soporte
N,33,159,1,7,0.96,0.825,0.99375,0.9705882352941176,0.909375,40
AS,33,152,8,7,0.925,0.825,0.95,0.8048780487804879,0.8875,40
MR,32,152,8,8,0.92,0.8,0.95,0.8,0.875,40
MS,34,147,13,6,0.905,0.85,0.91875,0.723404255319149,0.8843749999999999,40
MVP,32,154,6,8,0.93,0.8,0.9625,0.8421052631578947,0.8812500000000001,40
PROMEDIO_MACRO,164,764,36,36,0.9279999999999999,0.8200000000000001,0.9550000000000001,0.8281951605103298,0.8875,200
