clase,TP,TN,FP,FN,Accuracy,Sensitivity,Specificity,Precision,Score,soporte
N,36,154,6,4,0.95,0.9,0.9625,0.8571428571428571,0.93125,40
AS,40,146,14,0,0.93,1.0,0.9125,0.7407407407407407,0.95625,40
MR,33,157,3,7,0.95,0.825,0.98125,0.9166666666666666,0.903125,40
MS,28,153,7,12,0.905,0.7,0.95625,0.8,0.828125,40
MVP,30,157,3,10,0.935,0.75,0.98125,0.9090909090909091,0.865625,40
PROMEDIO_MACRO,167,767,33,33,0.9339999999999999,0.835,0.95875,0.8447282347282347,0.896875,200
