clase,TP,TN,FP,FN,Accuracy,Sensitivity,Specificity,Precision,Score,soporte
N,38,158,2,2,0.98,0.95,0.9875,0.95,0.96875,40
AS,39,155,5,1,0.97,0.975,0.96875,0.8863636363636364,0.971875,40
MR,33,155,5,7,0.94,0.825,0.96875,0.868421052631579,0.896875,40
MS,36,150,10,4,0.93,0.9,0.9375,0.782608695652174,0.91875,40
MVP,29,157,3,11,0.93,0.725,0.98125,0.90625,0.8531249999999999,40
PROMEDIO_MACRO,175,775,25,25,0.95,0.875,0.96875,0.8787286769294779,0.921875,200
