clase,TP,TN,FP,FN,Accuracy,Sensitivity,Specificity,Precision,Score,soporte
N,39,155,5,1,0.97,0.975,0.96875,0.8863636363636364,0.971875,40
AS,38,159,1,2,0.985,0.95,0.99375,0.9743589743589743,0.971875,40
MR,35,155,5,5,0.95,0.875,0.96875,0.875,0.921875,40
MS,38,159,1,2,0.985,0.95,0.99375,0.9743589743589743,0.971875,40
MVP,37,159,1,3,0.98,0.925,0.99375,0.9736842105263158,0.9593750000000001,40
PROMEDIO_MACRO,187,787,13,13,0.974,0.9349999999999999,0.98375,0.9367531591215801,0.959375,200
