clase,TP,TN,FP,FN,Accuracy,Sensitivity,Specificity,Precision,Score,soporte
N,32,130,30,8,0.81,0.8,0.8125,0.5161290322580645,0.80625,40
AS,26,129,31,14,0.775,0.65,0.80625,0.45614035087719296,0.728125,40
MR,18,154,6,22,0.86,0.45,0.9625,0.75,0.70625,40
MS,15,137,23,25,0.76,0.375,0.85625,0.39473684210526316,0.615625,40
MVP,6,147,13,34,0.765,0.15,0.91875,0.3157894736842105,0.5343749999999999,40
PROMEDIO_MACRO,97,697,103,103,0.794,0.48500000000000004,0.8712500000000001,0.4865591397849463,0.678125,200
