clase,TP,TN,FP,FN,Accuracy,Sensitivity,Specificity,Precision,Score,soporte
N,37,147,13,3,0.92,0.925,0.91875,0.74,0.921875,40
AS,25,143,17,15,0.84,0.625,0.89375,0.5952380952380952,0.759375,40
MR,29,148,12,11,0.885,0.725,0.925,0.7073170731707317,0.825,40
MS,28,149,11,12,0.885,0.7,0.93125,0.717948717948718,0.815625,40
MVP,22,154,6,18,0.88,0.55,0.9625,0.7857142857142857,0.7562500000000001,40
PROMEDIO_MACRO,141,741,59,59,0.882,0.7049999999999998,0.9262499999999999,0.709243634414366,0.815625,200
