clase,TP,TN,FP,FN,Accuracy,Sensitivity,Specificity,Precision,Score,soporte
N,31,151,9,9,0.91,0.775,0.94375,0.775,0.859375,40
AS,25,158,2,15,0.915,0.625,0.9875,0.9259259259259259,0.80625,40
MR,38,122,38,2,0.8,0.95,0.7625,0.5,0.85625,40
MS,19,157,3,21,0.88,0.475,0.98125,0.8636363636363636,0.7281249999999999,40
MVP,24,149,11,16,0.865,0.6,0.93125,0.6857142857142857,0.765625,40
PROMEDIO_MACRO,137,737,63,63,0.874,0.6849999999999999,0.92125,0.7500553150553151,0.803125,200
