clase,TP,TN,FP,FN,Accuracy,Sensitivity,Specificity,Precision,Score,soporte
N,37,141,19,3,0.89,0.925,0.88125,0.6607142857142857,0.903125,40
AS,33,134,26,7,0.835,0.825,0.8375,0.559322033898305,0.83125,40
MR,27,155,5,13,0.91,0.675,0.96875,0.84375,0.821875,40
MS,15,146,14,25,0.805,0.375,0.9125,0.5172413793103449,0.64375,40
MVP,19,155,5,21,0.87,0.475,0.96875,0.7916666666666666,0.721875,40
PROMEDIO_MACRO,131,731,69,69,0.8620000000000001,0.655,0.91375,0.6745388731179205,0.784375,200
