clase,TP,TN,FP,FN,Accuracy,Sensitivity,Specificity,Precision,Score,soporte
N,33,143,17,7,0.88,0.825,0.89375,0.66,0.859375,40
AS,27,121,39,13,0.74,0.675,0.75625,0.4090909090909091,0.715625,40
MR,20,155,5,20,0.875,0.5,0.96875,0.8,0.734375,40
MS,17,146,14,23,0.815,0.425,0.9125,0.5483870967741935,0.66875,40
MVP,18,150,10,22,0.84,0.45,0.9375,0.6428571428571429,0.69375,40
PROMEDIO_MACRO,115,715,85,85,0.8300000000000001,0.575,0.89375,0.612067029744449,0.7343750000000001,200
