clase,TP,TN,FP,FN,Accuracy,Sensitivity,Specificity,Precision,Score,soporte
N,35,142,18,5,0.885,0.875,0.8875,0.660377358490566,0.88125,40
AS,33,124,36,7,0.785,0.825,0.775,0.4782608695652174,0.8,40
MR,25,154,6,15,0.895,0.625,0.9625,0.8064516129032258,0.79375,40
MS,15,154,6,25,0.845,0.375,0.9625,0.7142857142857143,0.66875,40
MVP,18,152,8,22,0.85,0.45,0.95,0.6923076923076923,0.7,40
PROMEDIO_MACRO,126,726,74,74,0.852,0.6300000000000001,0.9075,0.6703366495104831,0.76875,200
