clase,TP,TN,FP,FN,Accuracy,Sensitivity,Specificity,Precision,Score,soporte
N,38,146,14,2,0.92,0.95,0.9125,0.7307692307692307,0.9312499999999999,40
AS,33,121,39,7,0.77,0.825,0.75625,0.4583333333333333,0.7906249999999999,40
MR,21,155,5,19,0.88,0.525,0.96875,0.8076923076923077,0.746875,40
MS,20,153,7,20,0.865,0.5,0.95625,0.7407407407407407,0.728125,40
MVP,19,156,4,21,0.875,0.475,0.975,0.8260869565217391,0.725,40
PROMEDIO_MACRO,131,731,69,69,0.8619999999999999,0.655,0.91375,0.7127245138114704,0.784375,200
