clase,TP,TN,FP,FN,Accuracy,Sensitivity,Specificity,Precision,Score,soporte
N,34,156,4,6,0.95,0.85,0.975,0.8947368421052632,0.9125,40
AS,33,157,3,7,0.95,0.825,0.98125,0.9166666666666666,0.903125,40
MR,30,149,11,10,0.895,0.75,0.93125,0.7317073170731707,0.840625,40
MS,33,157,3,7,0.95,0.825,0.98125,0.9166666666666666,0.903125,40
MVP,33,144,16,7,0.885,0.825,0.9,0.673469387755102,0.8625,40
PROMEDIO_MACRO,163,763,37,37,0.9259999999999999,0.8150000000000001,0.95375,0.8266493760533737,0.884375,200
