clase,TP,TN,FP,FN,Accuracy,Sensitivity,Specificity,Precision,Score,soporte
N,32,151,9,8,0.915,0.8,0.94375,0.7804878048780488,0.871875,40
AS,32,127,33,8,0.795,0.8,0.79375,0.49230769230769234,0.796875,40
MR,27,157,3,13,0.92,0.675,0.98125,0.9,0.828125,40
MS,20,149,11,20,0.845,0.5,0.93125,0.6451612903225806,0.715625,40
MVP,22,149,11,18,0.855,0.55,0.93125,0.6666666666666666,0.7406250000000001,40
PROMEDIO_MACRO,133,733,67,67,0.866,0.665,0.91625,0.6969246908349976,0.7906250000000001,200
