clase,TP,TN,FP,FN,Accuracy,Sensitivity,Specificity,Precision,Score,soporte
N,25,151,9,15,0.88,0.625,0.94375,0.7352941176470589,0.784375,40
AS,26,152,8,14,0.89,0.65,0.95,0.7647058823529411,0.8,40
MR,32,120,40,8,0.76,0.8,0.75,0.4444444444444444,0.775,40
MS,23,158,2,17,0.905,0.575,0.9875,0.92,0.78125,40
MVP,21,146,14,19,0.835,0.525,0.9125,0.6,0.71875,40
PROMEDIO_MACRO,127,727,73,73,0.8540000000000001,0.635,0.9087499999999998,0.6928888888888889,0.771875,200
