clase,TP,TN,FP,FN,Accuracy,Sensitivity,Specificity,Precision,Score,soporte
N,30,152,8,10,0.91,0.75,0.95,0.7894736842105263,0.85,40
AS,29,157,3,11,0.93,0.725,0.98125,0.90625,0.8531249999999999,40
MR,37,134,26,3,0.855,0.925,0.8375,0.5873015873015873,0.8812500000000001,40
MS,21,159,1,19,0.9,0.525,0.99375,0.9545454545454546,0.759375,40
MVP,27,142,18,13,0.845,0.675,0.8875,0.6,0.78125,40
PROMEDIO_MACRO,144,744,56,56,0.8880000000000001,0.7200000000000001,0.9299999999999999,0.7675141452115136,0.825,200
