epoca,loss_train,loss_val
1,1.7035614848136902,1.6808059215545654
2,2.306680977344513,1.6087610721588135
