clase,TP,TN,FP,FN,Accuracy,Sensitivity,Specificity,Precision,Score,soporte
N,38,143,17,2,0.905,0.95,0.89375,0.6909090909090909,0.921875,40
AS,33,127,33,7,0.8,0.825,0.79375,0.5,0.809375,40
MR,26,158,2,14,0.92,0.65,0.9875,0.9285714285714286,0.8187500000000001,40
MS,16,149,11,24,0.825,0.4,0.93125,0.5925925925925926,0.665625,40
MVP,19,155,5,21,0.87,0.475,0.96875,0.7916666666666666,0.721875,40
PROMEDIO_MACRO,132,732,68,68,0.8640000000000001,0.6599999999999999,0.9149999999999998,0.7007479557479557,0.7875,200
