clase,TP,TN,FP,FN,Accuracy,Sensitivity,Specificity,Precision,Score,soporte
N,35,159,1,5,0.97,0.875,0.99375,0.9722222222222222,0.934375,40
AS,30,156,4,10,0.93,0.75,0.975,0.8823529411764706,0.8625,40
MR,38,137,23,2,0.875,0.95,0.85625,0.6229508196721312,0.903125,40
MS,30,158,2,10,0.94,0.75,0.9875,0.9375,0.86875,40
MVP,27,150,10,13,0.885,0.675,0.9375,0.7297297297297297,0.80625,40
PROMEDIO_MACRO,160,760,40,40,0.9199999999999999,0.8,0.95,0.8289511425601107,0.875,200
