clase,distancia
N,0.4201239835235038
AS,0.6582243301398639
MR,0.6283280173213859
MS,0.37443244706506484
MVP,0.23946521995312403
