clase,TP,TN,FP,FN,Accuracy,Sensitivity,Specificity,Precision,Score,soporte
N,39,144,16,1,0.915,0.975,0.9,0.7090909090909091,0.9375,40
AS,22,144,16,18,0.83,0.55,0.9,0.5789473684210527,0.7250000000000001,40
MR,30,156,4,10,0.93,0.75,0.975,0.8823529411764706,0.8625,40
MS,30,139,21,10,0.845,0.75,0.86875,0.5882352941176471,0.809375,40
MVP,16,154,6,24,0.85,0.4,0.9625,0.7272727272727273,0.68125,40
PROMEDIO_MACRO,137,737,63,63,0.874,0.6849999999999999,0.92125,0.6971798480157613,0.8031250000000002,200
