clase,TP,TN,FP,FN,Accuracy,Sensitivity,Specificity,Precision,Score,soporte
N,39,158,2,1,0.985,0.975,0.9875,0.9512195121951219,0.98125,40
AS,38,159,1,2,0.985,0.95,0.99375,0.9743589743589743,0.971875,40
MR,37,156,4,3,0.965,0.925,0.975,0.9024390243902439,0.95,40
MS,39,158,2,1,0.985,0.975,0.9875,0.9512195121951219,0.98125,40
MVP,37,159,1,3,0.98,0.925,0.99375,0.9736842105263158,0.9593750000000001,40
PROMEDIO_MACRO,190,790,10,10,0.9800000000000001,0.95,0.9875000000000002,0.9505842467331556,0.96875,200
