clase,TP,TN,FP,FN,Accuracy,Sensitivity,Specificity,Precision,Score,soporte
N,36,147,13,4,0.915,0.9,0.91875,0.7346938775510204,0.909375,40
AS,22,147,13,18,0.845,0.55,0.91875,0.6285714285714286,0.734375,40
MR,27,152,8,13,0.895,0.675,0.95,0.7714285714285715,0.8125,40
MS,30,148,12,10,0.89,0.75,0.925,0.7142857142857143,0.8375,40
MVP,24,145,15,16,0.845,0.6,0.90625,0.6153846153846154,0.753125,40
PROMEDIO_MACRO,139,739,61,61,0.8780000000000001,0.6950000000000001,0.9237499999999998,0.69287284144427,0.809375,200
