clase,TP,TN,FP,FN,Accuracy,Sensitivity,Specificity,Precision,Score,soporte
N,36,155,5,4,0.955,0.9,0.96875,0.8780487804878049,0.934375,40
AS,35,157,3,5,0.96,0.875,0.98125,0.9210526315789473,0.928125,40
MR,35,148,12,5,0.915,0.875,0.925,0.7446808510638298,0.9,40
MS,35,160,0,5,0.975,0.875,1.0,1.0,0.9375,40
MVP,30,151,9,10,0.905,0.75,0.94375,0.7692307692307693,0.846875,40
PROMEDIO_MACRO,171,771,29,29,0.942,0.8550000000000001,0.9637499999999999,0.8626026064722703,0.909375,200
