clase,TP,TN,FP,FN,Accuracy,Sensitivity,Specificity,Precision,Score,soporte
N,37,159,1,3,0.98,0.925,0.99375,0.9736842105263158,0.9593750000000001,40
AS,34,156,4,6,0.95,0.85,0.975,0.8947368421052632,0.9125,40
MR,39,145,15,1,0.92,0.975,0.90625,0.7222222222222222,0.940625,40
MS,35,158,2,5,0.965,0.875,0.9875,0.9459459459459459,0.93125,40
MVP,29,156,4,11,0.925,0.725,0.975,0.8787878787878788,0.85,40
PROMEDIO_MACRO,174,774,26,26,0.9480000000000001,0.8699999999999999,0.9674999999999999,0.8830754199175251,0.91875,200
