clase,TP,TN,FP,FN,Accuracy,Sensitivity,Specificity,Precision,Score,soporte
N,34,156,4,6,0.95,0.85,0.975,0.8947368421052632,0.9125,40
AS,40,155,5,0,0.975,1.0,0.96875,0.8888888888888888,0.984375,40
MR,33,156,4,7,0.945,0.825,0.975,0.8918918918918919,0.8999999999999999,40
MS,36,158,2,4,0.97,0.9,0.9875,0.9473684210526315,0.9437500000000001,40
MVP,34,152,8,6,0.93,0.85,0.95,0.8095238095238095,0.8999999999999999,40
PROMEDIO_MACRO,177,777,23,23,0.954,0.885,0.9712500000000001,0.8864819706924971,0.928125,200
