clase,TP,TN,FP,FN,Accuracy,Sensitivity,Specificity,Precision,Score,soporte
N,32,144,16,8,0.88,0.8,0.9,0.6666666666666666,0.8500000000000001,40
AS,27,130,30,13,0.785,0.675,0.8125,0.47368421052631576,0.74375,40
MR,17,156,4,23,0.865,0.425,0.975,0.8095238095238095,0.7,40
MS,20,143,17,20,0.815,0.5,0.89375,0.5405405405405406,0.696875,40
MVP,19,142,18,21,0.805,0.475,0.8875,0.5135135135135135,0.6812499999999999,40
PROMEDIO_MACRO,115,715,85,85,0.8300000000000001,0.5750000000000001,0.89375,0.6007857481541692,0.734375,200
