clase,TP,TN,FP,FN,Accuracy,Sensitivity,Specificity,Precision,Score,soporte
N,38,148,12,2,0.93,0.95,0.925,0.76,0.9375,40
AS,30,154,6,10,0.92,0.75,0.9625,0.8333333333333334,0.85625,40
MR,32,152,8,8,0.92,0.8,0.95,0.8,0.875,40
MS,29,148,12,11,0.885,0.725,0.925,0.7073170731707317,0.825,40
MVP,21,148,12,19,0.845,0.525,0.925,0.6363636363636364,0.7250000000000001,40
PROMEDIO_MACRO,150,750,50,50,0.9,0.75,0.9375,0.7474028085735402,0.84375,200
