clase,TP,TN,FP,FN,Accuracy,Sensitivity,Specificity,Precision,Score,soporte
N,36,156,4,4,0.96,0.9,0.975,0.9,0.9375,40
AS,40,155,5,0,0.975,1.0,0.96875,0.8888888888888888,0.984375,40
MR,34,154,6,6,0.94,0.85,0.9625,0.85,0.90625,40
MS,36,158,2,4,0.97,0.9,0.9875,0.9473684210526315,0.9437500000000001,40
MVP,30,153,7,10,0.915,0.75,0.95625,0.8108108108108109,0.853125,40
PROMEDIO_MACRO,176,776,24,24,0.952,0.8800000000000001,0.97,0.8794136241504662,0.925,200
