clase,TP,TN,FP,FN,Accuracy,Sensitivity,Specificity,Precision,Score,soporte
N,38,159,1,2,0.985,0.95,0.99375,0.9743589743589743,0.971875,40
AS,38,158,2,2,0.98,0.95,0.9875,0.95,0.96875,40
MR,40,152,8,0,0.96,1.0,0.95,0.8333333333333334,0.975,40
MS,38,157,3,2,0.975,0.95,0.98125,0.926829268292683,0.965625,40
MVP,32,160,0,8,0.96,0.8,1.0,1.0,0.9,40
PROMEDIO_MACRO,186,786,14,14,0.9719999999999999,0.9299999999999999,0.9825000000000002,0.9369043151969981,0.95625,200
