clase,TP,TN,FP,FN,Accuracy,Sensitivity,Specificity,Precision,Score,soporte
N,33,158,2,7,0.955,0.825,0.9875,0.9428571428571428,0.90625,40
AS,36,159,1,4,0.975,0.9,0.99375,0.972972972972973,0.946875,40
MR,36,143,17,4,0.895,0.9,0.89375,0.6792452830188679,0.8968750000000001,40
MS,32,159,1,8,0.955,0.8,0.99375,0.9696969696969697,0.8968750000000001,40
MVP,30,148,12,10,0.89,0.75,0.925,0.7142857142857143,0.8375,40
PROMEDIO_MACRO,167,767,33,33,0.9339999999999999,0.835,0.95875,0.8558116165663335,0.896875,200
