clase,TP,TN,FP,FN,Accuracy,Sensitivity,Specificity,Precision,Score,soporte
N,36,155,5,4,0.955,0.9,0.96875,0.8780487804878049,0.934375,40
AS,39,155,5,1,0.97,0.975,0.96875,0.8863636363636364,0.971875,40
MR,35,154,6,5,0.945,0.875,0.9625,0.8536585365853658,0.91875,40
MS,35,160,0,5,0.975,0.875,1.0,1.0,0.9375,40
MVP,30,151,9,10,0.905,0.75,0.94375,0.7692307692307693,0.846875,40
PROMEDIO_MACRO,175,775,25,25,0.95,0.875,0.96875,0.8774603445335153,0.921875,200
