distribucion,numero_capas,clasificador,representacion,fold,clase,TP,TN,FP,FN,Accuracy,Sensitivity,Specificity,Precision,Score,soporte
8-10-13-16,4,UjaNet,DeepONMF_H4,1,PROMEDIO_MACRO,192,792,8,8,0.984,0.96,0.99,0.9607286046026828,0.975,200
8-10-13-16,4,UjaNet,DeepONMF_H4,2,PROMEDIO_MACRO,183,783,17,17,0.966,0.915,0.9787500000000001,0.9163401456424711,0.946875,200
8-10-13-16,4,UjaNet,DeepONMF_H4,3,PROMEDIO_MACRO,184,784,16,16,0.968,0.9199999999999999,0.9799999999999999,0.9206303962117914,0.95,200
8-10-13-16,4,UjaNet,DeepONMF_H4,4,PROMEDIO_MACRO,186,786,14,14,0.9720000000000001,0.9299999999999999,0.9825000000000002,0.9318423062325503,0.95625,200
8-10-13-16,4,UjaNet,DeepONMF_H4,5,PROMEDIO_MACRO,190,790,10,10,0.9799999999999999,0.95,0.9875,0.9500655719975362,0.96875,200
