clase,TP,TN,FP,FN,Accuracy,Sensitivity,Specificity,Precision,Score,soporte
N,27,146,14,13,0.865,0.675,0.9125,0.6585365853658537,0.79375,40
AS,30,132,28,10,0.81,0.75,0.825,0.5172413793103449,0.7875,40
MR,29,153,7,11,0.91,0.725,0.95625,0.8055555555555556,0.840625,40
MS,15,152,8,25,0.835,0.375,0.95,0.6521739130434783,0.6625,40
MVP,27,145,15,13,0.86,0.675,0.90625,0.6428571428571429,0.790625,40
PROMEDIO_MACRO,128,728,72,72,0.8560000000000001,0.64,0.9099999999999999,0.655272915226475,0.775,200
