clase,TP,TN,FP,FN,Accuracy,Sensitivity,Specificity,Precision,Score,soporte
N,36,155,5,4,0.955,0.9,0.96875,0.8780487804878049,0.934375,40
AS,40,156,4,0,0.98,1.0,0.975,0.9090909090909091,0.9875,40
MR,35,157,3,5,0.96,0.875,0.98125,0.9210526315789473,0.928125,40
MS,38,157,3,2,0.975,0.95,0.98125,0.926829268292683,0.965625,40
MVP,31,155,5,9,0.93,0.775,0.96875,0.8611111111111112,0.871875,40
PROMEDIO_MACRO,180,780,20,20,0.96,0.9,0.975,0.8992265401122911,0.9375,200
