clase,TP,TN,FP,FN,Accuracy,Sensitivity,Specificity,Precision,Score,soporte
N,35,151,9,5,0.93,0.875,0.94375,0.7954545454545454,0.909375,40
AS,33,125,35,7,0.79,0.825,0.78125,0.4852941176470588,0.803125,40
MR,32,156,4,8,0.94,0.8,0.975,0.8888888888888888,0.8875,40
MS,15,152,8,25,0.835,0.375,0.95,0.6521739130434783,0.6625,40
MVP,22,153,7,18,0.875,0.55,0.95625,0.7586206896551724,0.753125,40
PROMEDIO_MACRO,137,737,63,63,0.874,0.6849999999999999,0.92125,0.7160864309378289,0.803125,200
