clase,TP,TN,FP,FN,Accuracy,Sensitivity,Specificity,Precision,Score,soporte
N,36,136,24,4,0.86,0.9,0.85,0.6,0.875,40
AS,23,132,28,17,0.775,0.575,0.825,0.45098039215686275,0.7,40
MR,20,152,8,20,0.86,0.5,0.95,0.7142857142857143,0.725,40
MS,20,147,13,20,0.835,0.5,0.91875,0.6060606060606061,0.709375,40
MVP,17,149,11,23,0.83,0.425,0.93125,0.6071428571428571,0.678125,40
PROMEDIO_MACRO,116,716,84,84,0.8320000000000001,0.58,0.8950000000000001,0.595693913929208,0.7375,200
