clase,distancia
N,0.2278076931081436
AS,0.7625066128936666
MR,0.4986431517989051
MS,0.4016070500637724
MVP,0.5967269186603061
