clase,TP,TN,FP,FN,Accuracy,Sensitivity,Specificity,Precision,Score,soporte
N,38,155,5,2,0.965,0.95,0.96875,0.8837209302325582,0.959375,40
AS,38,156,4,2,0.97,0.95,0.975,0.9047619047619048,0.9624999999999999,40
MR,29,141,19,11,0.85,0.725,0.88125,0.6041666666666666,0.803125,40
MS,28,159,1,12,0.935,0.7,0.99375,0.9655172413793104,0.846875,40
MVP,26,148,12,14,0.87,0.65,0.925,0.6842105263157895,0.7875000000000001,40
PROMEDIO_MACRO,159,759,41,41,0.9179999999999999,0.795,0.9487500000000001,0.808475453871246,0.871875,200
