clase,TP,TN,FP,FN,Accuracy,Sensitivity,Specificity,Precision,Score,soporte
N,35,137,23,5,0.86,0.875,0.85625,0.603448275862069,0.865625,40
AS,26,133,27,14,0.795,0.65,0.83125,0.49056603773584906,0.7406250000000001,40
MR,18,156,4,22,0.87,0.45,0.975,0.8181818181818182,0.7125,40
MS,22,144,16,18,0.83,0.55,0.9,0.5789473684210527,0.7250000000000001,40
MVP,16,147,13,24,0.815,0.4,0.91875,0.5517241379310345,0.659375,40
PROMEDIO_MACRO,117,717,83,83,0.834,0.585,0.89625,0.6085735276263646,0.740625,200
