clase,TP,TN,FP,FN,Accuracy,Sensitivity,Specificity,Precision,Score,soporte
N,35,136,24,5,0.855,0.875,0.85,0.5932203389830508,0.8625,40
AS,25,128,32,15,0.765,0.625,0.8,0.43859649122807015,0.7125,40
MR,20,152,8,20,0.86,0.5,0.95,0.7142857142857143,0.725,40
MS,20,144,16,20,0.82,0.5,0.9,0.5555555555555556,0.7,40
MVP,9,149,11,31,0.79,0.225,0.93125,0.45,0.578125,40
PROMEDIO_MACRO,109,709,91,91,0.818,0.545,0.8862499999999999,0.5503316200104782,0.715625,200
