clase,TP,TN,FP,FN,Accuracy,Sensitivity,Specificity,Precision,Score,soporte
N,35,147,13,5,0.91,0.875,0.91875,0.7291666666666666,0.896875,40
AS,21,145,15,19,0.83,0.525,0.90625,0.5833333333333334,0.715625,40
MR,30,149,11,10,0.895,0.75,0.93125,0.7317073170731707,0.840625,40
MS,28,145,15,12,0.865,0.7,0.90625,0.6511627906976745,0.803125,40
MVP,17,145,15,23,0.81,0.425,0.90625,0.53125,0.665625,40
PROMEDIO_MACRO,131,731,69,69,0.8620000000000001,0.6549999999999999,0.91375,0.645324021554169,0.784375,200
