clase,TP,TN,FP,FN,Accuracy,Sensitivity,Specificity,Precision,Score,soporte
N,38,148,12,2,0.93,0.95,0.925,0.76,0.9375,40
AS,25,153,7,15,0.89,0.625,0.95625,0.78125,0.790625,40
MR,29,152,8,11,0.905,0.725,0.95,0.7837837837837838,0.8374999999999999,40
MS,31,149,11,9,0.9,0.775,0.93125,0.7380952380952381,0.853125,40
MVP,27,148,12,13,0.875,0.675,0.925,0.6923076923076923,0.8,40
PROMEDIO_MACRO,150,750,50,50,0.9,0.75,0.9375,0.7510873428373429,0.84375,200
