clase,TP,TN,FP,FN,Accuracy,Sensitivity,Specificity,Precision,Score,soporte
N,39,159,1,1,0.99,0.975,0.99375,0.975,0.984375,40
AS,40,159,1,0,0.995,1.0,0.99375,0.975609756097561,0.996875,40
MR,36,160,0,4,0.98,0.9,1.0,1.0,0.95,40
MS,40,157,3,0,0.985,1.0,0.98125,0.9302325581395349,0.990625,40
MVP,38,158,2,2,0.98,0.95,0.9875,0.95,0.96875,40
PROMEDIO_MACRO,193,793,7,7,0.986,0.9650000000000001,0.99125,0.9661684628474191,0.978125,200
