clase,TP,TN,FP,FN,Accuracy,Sensitivity,Specificity,Precision,Score,soporte
N,39,159,1,1,0.99,0.975,0.99375,0.975,0.984375,40
AS,36,159,1,4,0.975,0.9,0.99375,0.972972972972973,0.946875,40
MR,40,156,4,0,0.98,1.0,0.975,0.9090909090909091,0.9875,40
MS,38,155,5,2,0.965,0.95,0.96875,0.8837209302325582,0.959375,40
MVP,34,158,2,6,0.96,0.85,0.9875,0.9444444444444444,0.91875,40
PROMEDIO_MACRO,187,787,13,13,0.9739999999999999,0.9349999999999999,0.98375,0.937045851348177,0.959375,200
