clase,TP,TN,FP,FN,Accuracy,Sensitivity,Specificity,Precision,Score,soporte
N,40,158,2,0,0.99,1.0,0.9875,0.9523809523809523,0.99375,40
AS,37,159,1,3,0.98,0.925,0.99375,0.9736842105263158,0.9593750000000001,40
MR,40,159,1,0,0.995,1.0,0.99375,0.975609756097561,0.996875,40
MS,37,160,0,3,0.985,0.925,1.0,1.0,0.9625,40
MVP,39,157,3,1,0.98,0.975,0.98125,0.9285714285714286,0.9781249999999999,40
PROMEDIO_MACRO,193,793,7,7,0.986,0.9649999999999999,0.99125,0.9660492695152515,0.978125,200
