clase,TP,TN,FP,FN,Accuracy,Sensitivity,Specificity,Precision,Score,soporte
N,36,159,1,4,0.975,0.9,0.99375,0.972972972972973,0.946875,40
AS,33,155,5,7,0.94,0.825,0.96875,0.868421052631579,0.896875,40
MR,40,142,18,0,0.91,1.0,0.8875,0.6896551724137931,0.94375,40
MS,33,158,2,7,0.955,0.825,0.9875,0.9428571428571428,0.90625,40
MVP,29,157,3,11,0.93,0.725,0.98125,0.90625,0.8531249999999999,40
PROMEDIO_MACRO,171,771,29,29,0.942,0.8549999999999999,0.9637499999999999,0.8760312681750977,0.909375,200
