clase,TP,TN,FP,FN,Accuracy,Sensitivity,Specificity,Precision,Score,soporte
N,39,159,1,1,0.99,0.975,0.99375,0.975,0.984375,40
AS,39,159,1,1,0.99,0.975,0.99375,0.975,0.984375,40
MR,38,157,3,2,0.975,0.95,0.98125,0.926829268292683,0.965625,40
MS,37,159,1,3,0.98,0.925,0.99375,0.9736842105263158,0.9593750000000001,40
MVP,38,157,3,2,0.975,0.95,0.98125,0.926829268292683,0.965625,40
PROMEDIO_MACRO,191,791,9,9,0.982,0.9550000000000001,0.9887499999999999,0.9554685494223364,0.971875,200
