clase,TP,TN,FP,FN,Accuracy,Sensitivity,Specificity,Precision,Score,soporte
N,39,157,3,1,0.98,0.975,0.98125,0.9285714285714286,0.9781249999999999,40
AS,39,158,2,1,0.985,0.975,0.9875,0.9512195121951219,0.98125,40
MR,35,153,7,5,0.94,0.875,0.95625,0.8333333333333334,0.915625,40
MS,38,152,8,2,0.95,0.95,0.95,0.8260869565217391,0.95,40
MVP,29,160,0,11,0.945,0.725,1.0,1.0,0.8625,40
PROMEDIO_MACRO,180,780,20,20,0.96,0.9,0.975,0.9078422461243246,0.9375,200
