clase,TP,TN,FP,FN,Accuracy,Sensitivity,Specificity,Precision,Score,soporte
N,36,153,7,4,0.945,0.9,0.95625,0.8372093023255814,0.9281250000000001,40
AS,39,156,4,1,0.975,0.975,0.975,0.9069767441860465,0.975,40
MR,32,159,1,8,0.955,0.8,0.99375,0.9696969696969697,0.8968750000000001,40
MS,36,147,13,4,0.915,0.9,0.91875,0.7346938775510204,0.909375,40
MVP,30,158,2,10,0.94,0.75,0.9875,0.9375,0.86875,40
PROMEDIO_MACRO,173,773,27,27,0.9460000000000001,0.8649999999999999,0.9662499999999999,0.8772153787519237,0.9156250000000001,200
