clase,TP,TN,FP,FN,Accuracy,Sensitivity,Specificity,Precision,Score,soporte
N,40,157,3,0,0.985,1.0,0.98125,0.9302325581395349,0.990625,40
AS,38,158,2,2,0.98,0.95,0.9875,0.95,0.96875,40
MR,40,155,5,0,0.975,1.0,0.96875,0.8888888888888888,0.984375,40
MS,38,159,1,2,0.985,0.95,0.99375,0.9743589743589743,0.971875,40
MVP,33,160,0,7,0.965,0.825,1.0,1.0,0.9125,40
PROMEDIO_MACRO,189,789,11,11,0.978,0.9450000000000001,0.9862500000000001,0.9486960842774795,0.965625,200
