distribucion,numero_capas,clasificador,representacion,Accuracy_mean,Accuracy_std,Sensitivity_mean,Sensitivity_std,Specificity_mean,Specificity_std,Precision_mean,Precision_std,Score_mean,Score_std
8-7,2,KNN,DeepONMF_H2,0.9132,0.014184498581197705,0.783,0.03546124645299425,0.94575,0.008865311613248541,0.8125891404510606,0.023483681019391908,0.8643750000000001,0.022163279033121444
8-7,2,KNN,DeepONMF_W,0.8084,0.013221195104830722,0.5210000000000001,0.03305298776207684,0.88025,0.00826324694051922,0.5441544227684314,0.0401297214585786,0.7006249999999999,0.020658117351298026
8-7,2,SVM,DeepONMF_H2,0.9544,0.007924645102463594,0.8859999999999999,0.019811612756158965,0.9715,0.004952903189039653,0.8884269998635512,0.02079472469628999,0.92875,0.01238225797259935
8-7,2,SVM,DeepONMF_W,0.8700000000000001,0.013784048752090206,0.675,0.034460121880225576,0.91875,0.008615030470056361,0.6702366338076929,0.035237766881397875,0.796875,0.02153757617514099
8-7,2,UjaNet,DeepONMF_H2,0.9724,0.01023718711365579,0.9309999999999998,0.025592967784139407,0.98275,0.00639824194603492,0.931609787414463,0.025621846891668413,0.9568749999999999,0.015995604865087144
8-7,2,UjaNet,DeepONMF_W,0.9384,0.011696153213770731,0.8460000000000001,0.029240383034426897,0.9615,0.007310095758606719,0.8528064891751616,0.029906481962081906,0.9037499999999999,0.018275239396516804
