clase,TP,TN,FP,FN,Accuracy,Sensitivity,Specificity,Precision,Score,soporte
N,37,154,6,3,0.955,0.925,0.9625,0.8604651162790697,0.9437500000000001,40
AS,38,156,4,2,0.97,0.95,0.975,0.9047619047619048,0.9624999999999999,40
MR,34,157,3,6,0.955,0.85,0.98125,0.918918918918919,0.9156249999999999,40
MS,34,149,11,6,0.915,0.85,0.93125,0.7555555555555555,0.890625,40
MVP,31,158,2,9,0.945,0.775,0.9875,0.9393939393939394,0.8812500000000001,40
PROMEDIO_MACRO,174,774,26,26,0.9480000000000001,0.8700000000000001,0.9675,0.8758190869818776,0.91875,200
