clase,TP,TN,FP,FN,Accuracy,Sensitivity,Specificity,Precision,Score,soporte
N,35,157,3,5,0.96,0.875,0.98125,0.9210526315789473,0.928125,40
AS,34,158,2,6,0.96,0.85,0.9875,0.9444444444444444,0.91875,40
MR,37,144,16,3,0.905,0.925,0.9,0.6981132075471698,0.9125000000000001,40
MS,36,157,3,4,0.965,0.9,0.98125,0.9230769230769231,0.940625,40
MVP,28,154,6,12,0.91,0.7,0.9625,0.8235294117647058,0.83125,40
PROMEDIO_MACRO,170,770,30,30,0.9400000000000001,0.85,0.9625,0.8620433236824381,0.90625,200
