clase,TP,TN,FP,FN,Accuracy,Sensitivity,Specificity,Precision,Score,soporte
N,40,158,2,0,0.99,1.0,0.9875,0.9523809523809523,0.99375,40
AS,36,158,2,4,0.97,0.9,0.9875,0.9473684210526315,0.9437500000000001,40
MR,39,159,1,1,0.99,0.975,0.99375,0.975,0.984375,40
MS,38,158,2,2,0.98,0.95,0.9875,0.95,0.96875,40
MVP,37,157,3,3,0.97,0.925,0.98125,0.925,0.953125,40
PROMEDIO_MACRO,190,790,10,10,0.9800000000000001,0.95,0.9875,0.9499498746867168,0.96875,200
