clase,TP,TN,FP,FN,Accuracy,Sensitivity,Specificity,Precision,Score,soporte
N,34,144,16,6,0.89,0.85,0.9,0.68,0.875,40
AS,32,130,30,8,0.81,0.8,0.8125,0.5161290322580645,0.80625,40
MR,29,152,8,11,0.905,0.725,0.95,0.7837837837837838,0.8374999999999999,40
MS,11,155,5,29,0.83,0.275,0.96875,0.6875,0.621875,40
MVP,25,150,10,15,0.875,0.625,0.9375,0.7142857142857143,0.78125,40
PROMEDIO_MACRO,131,731,69,69,0.8620000000000001,0.655,0.91375,0.6763397060655125,0.784375,200
