clase,TP,TN,FP,FN,Accuracy,Sensitivity,Specificity,Precision,Score,soporte
N,36,148,12,4,0.92,0.9,0.925,0.75,0.9125000000000001,40
AS,38,127,33,2,0.825,0.95,0.79375,0.5352112676056338,0.871875,40
MR,33,157,3,7,0.95,0.825,0.98125,0.9166666666666666,0.903125,40
MS,16,154,6,24,0.85,0.4,0.9625,0.7272727272727273,0.68125,40
MVP,19,156,4,21,0.875,0.475,0.975,0.8260869565217391,0.725,40
PROMEDIO_MACRO,142,742,58,58,0.884,0.71,0.9275,0.7510475236133534,0.81875,200
