clase,TP,TN,FP,FN,Accuracy,Sensitivity,Specificity,Precision,Score,soporte
N,36,159,1,4,0.975,0.9,0.99375,0.972972972972973,0.946875,40
AS,34,156,4,6,0.95,0.85,0.975,0.8947368421052632,0.9125,40
MR,39,148,12,1,0.935,0.975,0.925,0.7647058823529411,0.95,40
MS,38,157,3,2,0.975,0.95,0.98125,0.926829268292683,0.965625,40
MVP,31,158,2,9,0.945,0.775,0.9875,0.9393939393939394,0.8812500000000001,40
PROMEDIO_MACRO,178,778,22,22,0.9560000000000001,0.89,0.9724999999999999,0.8997277810235598,0.93125,200
