clase,TP,TN,FP,FN,Accuracy,Sensitivity,Specificity,Precision,Score,soporte
N,38,154,6,2,0.96,0.95,0.9625,0.8636363636363636,0.95625,40
AS,34,151,9,6,0.925,0.85,0.94375,0.7906976744186046,0.896875,40
MR,33,158,2,7,0.955,0.825,0.9875,0.9428571428571428,0.90625,40
MS,35,150,10,5,0.925,0.875,0.9375,0.7777777777777778,0.90625,40
MVP,31,158,2,9,0.945,0.775,0.9875,0.9393939393939394,0.8812500000000001,40
PROMEDIO_MACRO,171,771,29,29,0.942,0.8550000000000001,0.9637499999999999,0.8628725796167658,0.909375,200
