clase,TP,TN,FP,FN,Accuracy,Sensitivity,Specificity,Precision,Score,soporte
N,33,150,10,7,0.915,0.825,0.9375,0.7674418604651163,0.88125,40
AS,36,127,33,4,0.815,0.9,0.79375,0.5217391304347826,0.846875,40
MR,26,155,5,14,0.905,0.65,0.96875,0.8387096774193549,0.809375,40
MS,16,155,5,24,0.855,0.4,0.96875,0.7619047619047619,0.684375,40
MVP,26,150,10,14,0.88,0.65,0.9375,0.7222222222222222,0.79375,40
PROMEDIO_MACRO,137,737,63,63,0.874,0.6849999999999999,0.92125,0.7224035304892477,0.803125,200
