clase,TP,TN,FP,FN,Accuracy,Sensitivity,Specificity,Precision,Score,soporte
N,36,157,3,4,0.965,0.9,0.98125,0.9230769230769231,0.940625,40
AS,33,155,5,7,0.94,0.825,0.96875,0.868421052631579,0.896875,40
MR,35,148,12,5,0.915,0.875,0.925,0.7446808510638298,0.9,40
MS,30,152,8,10,0.91,0.75,0.95,0.7894736842105263,0.85,40
MVP,32,154,6,8,0.93,0.8,0.9625,0.8421052631578947,0.8812500000000001,40
PROMEDIO_MACRO,166,766,34,34,0.932,0.8300000000000001,0.9575000000000001,0.8335515548281507,0.89375,200
