,N,AS,MR,MS,MVP
N,98.0,0.0,1.5,0.0,0.5
AS,0.0,95.5,3.5000000000000004,0.0,1.0
MR,0.0,3.0,94.5,2.0,0.5
MS,0.0,1.0,1.5,94.0,3.5000000000000004
MVP,1.0,2.0,2.5,1.5,93.0
