clase,TP,TN,FP,FN,Accuracy,Sensitivity,Specificity,Precision,Score,soporte
N,38,159,1,2,0.985,0.95,0.99375,0.9743589743589743,0.971875,40
AS,39,154,6,1,0.965,0.975,0.9625,0.8666666666666667,0.96875,40
MR,34,156,4,6,0.95,0.85,0.975,0.8947368421052632,0.9125,40
MS,37,154,6,3,0.955,0.925,0.9625,0.8604651162790697,0.9437500000000001,40
MVP,33,158,2,7,0.955,0.825,0.9875,0.9428571428571428,0.90625,40
PROMEDIO_MACRO,181,781,19,19,0.962,0.905,0.97625,0.9078169484534234,0.940625,200
