clase,TP,TN,FP,FN,Accuracy,Sensitivity,Specificity,Precision,Score,soporte
N,31,155,5,9,0.93,0.775,0.96875,0.8611111111111112,0.871875,40
AS,31,159,1,9,0.95,0.775,0.99375,0.96875,0.884375,40
MR,35,135,25,5,0.85,0.875,0.84375,0.5833333333333334,0.859375,40
MS,29,158,2,11,0.935,0.725,0.9875,0.9354838709677419,0.85625,40
MVP,29,148,12,11,0.885,0.725,0.925,0.7073170731707317,0.825,40
PROMEDIO_MACRO,155,755,45,45,0.9099999999999999,0.775,0.94375,0.8111990777165836,0.859375,200
