clase,TP,TN,FP,FN,Accuracy,Sensitivity,Specificity,Precision,Score,soporte
N,39,158,2,1,0.985,0.975,0.9875,0.9512195121951219,0.98125,40
AS,34,153,7,6,0.935,0.85,0.95625,0.8292682926829268,0.903125,40
MR,35,155,5,5,0.95,0.875,0.96875,0.875,0.921875,40
MS,33,153,7,7,0.93,0.825,0.95625,0.825,0.890625,40
MVP,32,154,6,8,0.93,0.8,0.9625,0.8421052631578947,0.8812500000000001,40
PROMEDIO_MACRO,173,773,27,27,0.9460000000000001,0.865,0.9662500000000002,0.8645186136071887,0.915625,200
