clase,TP,TN,FP,FN,Accuracy,Sensitivity,Specificity,Precision,Score,soporte
N,35,159,1,5,0.97,0.875,0.99375,0.9722222222222222,0.934375,40
AS,40,154,6,0,0.97,1.0,0.9625,0.8695652173913043,0.98125,40
MR,34,156,4,6,0.95,0.85,0.975,0.8947368421052632,0.9125,40
MS,38,153,7,2,0.955,0.95,0.95625,0.8444444444444444,0.953125,40
MVP,30,155,5,10,0.925,0.75,0.96875,0.8571428571428571,0.859375,40
PROMEDIO_MACRO,177,777,23,23,0.954,0.885,0.9712500000000001,0.8876223166612183,0.928125,200
