clase,TP,TN,FP,FN,Accuracy,Sensitivity,Specificity,Precision,Score,soporte
N,35,157,3,5,0.96,0.875,0.98125,0.9210526315789473,0.928125,40
AS,35,154,6,5,0.945,0.875,0.9625,0.8536585365853658,0.91875,40
MR,36,136,24,4,0.86,0.9,0.85,0.6,0.875,40
MS,33,159,1,7,0.96,0.825,0.99375,0.9705882352941176,0.909375,40
MVP,21,154,6,19,0.875,0.525,0.9625,0.7777777777777778,0.74375,40
PROMEDIO_MACRO,160,760,40,40,0.9199999999999999,0.7999999999999999,0.95,0.8246154362472418,0.875,200
