clase,TP,TN,FP,FN,Accuracy,Sensitivity,Specificity,Precision,Score,soporte
N,34,157,3,6,0.955,0.85,0.98125,0.918918918918919,0.9156249999999999,40
AS,33,155,5,7,0.94,0.825,0.96875,0.868421052631579,0.896875,40
MR,33,144,16,7,0.885,0.825,0.9,0.673469387755102,0.8625,40
MS,30,157,3,10,0.935,0.75,0.98125,0.9090909090909091,0.865625,40
MVP,30,147,13,10,0.885,0.75,0.91875,0.6976744186046512,0.834375,40
PROMEDIO_MACRO,160,760,40,40,0.9200000000000002,0.8,0.95,0.8135149374002321,0.875,200
