clase,TP,TN,FP,FN,Accuracy,Sensitivity,Specificity,Precision,Score,soporte
N,40,155,5,0,0.975,1.0,0.96875,0.8888888888888888,0.984375,40
AS,32,155,5,8,0.935,0.8,0.96875,0.8648648648648649,0.884375,40
MR,35,154,6,5,0.945,0.875,0.9625,0.8536585365853658,0.91875,40
MS,33,155,5,7,0.94,0.825,0.96875,0.868421052631579,0.896875,40
MVP,35,156,4,5,0.955,0.875,0.975,0.8974358974358975,0.925,40
PROMEDIO_MACRO,175,775,25,25,0.95,0.875,0.96875,0.8746538480813193,0.921875,200
