clase,TP,TN,FP,FN,Accuracy,Sensitivity,Specificity,Precision,Score,soporte
N,40,157,3,0,0.985,1.0,0.98125,0.9302325581395349,0.990625,40
AS,38,157,3,2,0.975,0.95,0.98125,0.926829268292683,0.965625,40
MR,40,159,1,0,0.995,1.0,0.99375,0.975609756097561,0.996875,40
MS,38,160,0,2,0.99,0.95,1.0,1.0,0.975,40
MVP,36,159,1,4,0.975,0.9,0.99375,0.972972972972973,0.946875,40
PROMEDIO_MACRO,192,792,8,8,0.984,0.9600000000000002,0.99,0.9611289111005503,0.975,200
