clase,TP,TN,FP,FN,Accuracy,Sensitivity,Specificity,Precision,Score,soporte
N,38,157,3,2,0.975,0.95,0.98125,0.926829268292683,0.965625,40
AS,37,157,3,3,0.97,0.925,0.98125,0.925,0.953125,40
MR,34,142,18,6,0.88,0.85,0.8875,0.6538461538461539,0.8687499999999999,40
MS,32,158,2,8,0.95,0.8,0.9875,0.9411764705882353,0.89375,40
MVP,30,157,3,10,0.935,0.75,0.98125,0.9090909090909091,0.865625,40
PROMEDIO_MACRO,171,771,29,29,0.9419999999999998,0.8550000000000001,0.9637499999999999,0.8711885603635963,0.9093749999999998,200
