clase,TP,TN,FP,FN,Accuracy,Sensitivity,Specificity,Precision,Score,soporte
N,35,151,9,5,0.93,0.875,0.94375,0.7954545454545454,0.909375,40
AS,37,152,8,3,0.945,0.925,0.95,0.8222222222222222,0.9375,40
MR,33,155,5,7,0.94,0.825,0.96875,0.868421052631579,0.896875,40
MS,33,151,9,7,0.92,0.825,0.94375,0.7857142857142857,0.8843749999999999,40
MVP,27,156,4,13,0.915,0.675,0.975,0.8709677419354839,0.825,40
PROMEDIO_MACRO,165,765,35,35,0.93,0.825,0.95625,0.8285559695916233,0.890625,200
