clase,TP,TN,FP,FN,Accuracy,Sensitivity,Specificity,Precision,Score,soporte
N,38,157,3,2,0.975,0.95,0.98125,0.926829268292683,0.965625,40
AS,36,149,11,4,0.925,0.9,0.93125,0.7659574468085106,0.915625,40
MR,36,151,9,4,0.935,0.9,0.94375,0.8,0.921875,40
MS,30,154,6,10,0.92,0.75,0.9625,0.8333333333333334,0.85625,40
MVP,30,159,1,10,0.945,0.75,0.99375,0.967741935483871,0.871875,40
PROMEDIO_MACRO,170,770,30,30,0.9400000000000001,0.85,0.9625,0.8587723967836798,0.90625,200
