clase,TP,TN,FP,FN,Accuracy,Sensitivity,Specificity,Precision,Score,soporte
N,38,158,2,2,0.98,0.95,0.9875,0.95,0.96875,40
AS,39,150,10,1,0.945,0.975,0.9375,0.7959183673469388,0.95625,40
MR,35,155,5,5,0.95,0.875,0.96875,0.875,0.921875,40
MS,31,152,8,9,0.915,0.775,0.95,0.7948717948717948,0.8625,40
MVP,32,160,0,8,0.96,0.8,1.0,1.0,0.9,40
PROMEDIO_MACRO,175,775,25,25,0.95,0.875,0.96875,0.8831580324437468,0.921875,200
