clase,TP,TN,FP,FN,Accuracy,Sensitivity,Specificity,Precision,Score,soporte
N,39,158,2,1,0.985,0.975,0.9875,0.9512195121951219,0.98125,40
AS,40,156,4,0,0.98,1.0,0.975,0.9090909090909091,0.9875,40
MR,37,157,3,3,0.97,0.925,0.98125,0.925,0.953125,40
MS,36,159,1,4,0.975,0.9,0.99375,0.972972972972973,0.946875,40
MVP,35,157,3,5,0.96,0.875,0.98125,0.9210526315789473,0.928125,40
PROMEDIO_MACRO,187,787,13,13,0.9739999999999999,0.9350000000000002,0.9837499999999999,0.9358672051675903,0.959375,200
