clase,TP,TN,FP,FN,Accuracy,Sensitivity,Specificity,Precision,Score,soporte
N,39,158,2,1,0.985,0.975,0.9875,0.9512195121951219,0.98125,40
AS,39,148,12,1,0.935,0.975,0.925,0.7647058823529411,0.95,40
MR,26,158,2,14,0.92,0.65,0.9875,0.9285714285714286,0.8187500000000001,40
MS,35,158,2,5,0.965,0.875,0.9875,0.9459459459459459,0.93125,40
MVP,34,151,9,6,0.925,0.85,0.94375,0.7906976744186046,0.896875,40
PROMEDIO_MACRO,173,773,27,27,0.946,0.865,0.9662499999999999,0.8762280886968086,0.915625,200
