clase,TP,TN,FP,FN,Accuracy,Sensitivity,Specificity,Precision,Score,soporte
N,38,157,3,2,0.975,0.95,0.98125,0.926829268292683,0.965625,40
AS,39,155,5,1,0.97,0.975,0.96875,0.8863636363636364,0.971875,40
MR,34,158,2,6,0.96,0.85,0.9875,0.9444444444444444,0.91875,40
MS,37,158,2,3,0.975,0.925,0.9875,0.9487179487179487,0.95625,40
MVP,36,156,4,4,0.96,0.9,0.975,0.9,0.9375,40
PROMEDIO_MACRO,184,784,16,16,0.968,0.9200000000000002,0.9799999999999999,0.9212710595637426,0.95,200
