clase,TP,TN,FP,FN,Accuracy,Sensitivity,Specificity,Precision,Score,soporte
N,38,156,4,2,0.97,0.95,0.975,0.9047619047619048,0.9624999999999999,40
AS,39,152,8,1,0.955,0.975,0.95,0.8297872340425532,0.9624999999999999,40
MR,32,151,9,8,0.915,0.8,0.94375,0.7804878048780488,0.871875,40
MS,36,152,8,4,0.94,0.9,0.95,0.8181818181818182,0.925,40
MVP,25,159,1,15,0.92,0.625,0.99375,0.9615384615384616,0.809375,40
PROMEDIO_MACRO,170,770,30,30,0.9400000000000001,0.85,0.9625,0.8589514446805573,0.90625,200
