clase,TP,TN,FP,FN,Accuracy,Sensitivity,Specificity,Precision,Score,soporte
N,39,157,3,1,0.98,0.975,0.98125,0.9285714285714286,0.9781249999999999,40
AS,39,153,7,1,0.96,0.975,0.95625,0.8478260869565217,0.965625,40
MR,32,157,3,8,0.945,0.8,0.98125,0.9142857142857143,0.890625,40
MS,38,158,2,2,0.98,0.95,0.9875,0.95,0.96875,40
MVP,34,157,3,6,0.955,0.85,0.98125,0.918918918918919,0.9156249999999999,40
PROMEDIO_MACRO,182,782,18,18,0.9639999999999999,0.9099999999999999,0.9775,0.9119204297465167,0.94375,200
