clase,TP,TN,FP,FN,Accuracy,Sensitivity,Specificity,Precision,Score,soporte
N,38,160,0,2,0.99,0.95,1.0,1.0,0.975,40
AS,35,154,6,5,0.945,0.875,0.9625,0.8536585365853658,0.91875,40
MR,33,153,7,7,0.93,0.825,0.95625,0.825,0.890625,40
MS,37,148,12,3,0.925,0.925,0.925,0.7551020408163265,0.925,40
MVP,31,159,1,9,0.95,0.775,0.99375,0.96875,0.884375,40
PROMEDIO_MACRO,174,774,26,26,0.9480000000000001,0.8700000000000001,0.9675,0.8805021154803384,0.91875,200
