clase,TP,TN,FP,FN,Accuracy,Sensitivity,Specificity,Precision,Score,soporte
N,40,154,6,0,0.97,1.0,0.9625,0.8695652173913043,0.98125,40
AS,26,155,5,14,0.905,0.65,0.96875,0.8387096774193549,0.809375,40
MR,36,151,9,4,0.935,0.9,0.94375,0.8,0.921875,40
MS,33,153,7,7,0.93,0.825,0.95625,0.825,0.890625,40
MVP,35,157,3,5,0.96,0.875,0.98125,0.9210526315789473,0.928125,40
PROMEDIO_MACRO,170,770,30,30,0.9400000000000001,0.85,0.9625,0.8508655052779215,0.90625,200
