clase,TP,TN,FP,FN,Accuracy,Sensitivity,Specificity,Precision,Score,soporte
N,39,157,3,1,0.98,0.975,0.98125,0.9285714285714286,0.9781249999999999,40
AS,39,153,7,1,0.96,0.975,0.95625,0.8478260869565217,0.965625,40
MR,32,159,1,8,0.955,0.8,0.99375,0.9696969696969697,0.8968750000000001,40
MS,36,156,4,4,0.96,0.9,0.975,0.9,0.9375,40
MVP,33,154,6,7,0.935,0.825,0.9625,0.8461538461538461,0.89375,40
PROMEDIO_MACRO,179,779,21,21,0.958,0.8949999999999999,0.9737500000000001,0.8984496662757533,0.934375,200
