clase,TP,TN,FP,FN,Accuracy,Sensitivity,Specificity,Precision,Score,soporte
N,35,148,12,5,0.915,0.875,0.925,0.7446808510638298,0.9,40
AS,32,122,38,8,0.77,0.8,0.7625,0.45714285714285713,0.78125,40
MR,13,157,3,27,0.85,0.325,0.98125,0.8125,0.653125,40
MS,18,140,20,22,0.79,0.45,0.875,0.47368421052631576,0.6625,40
MVP,17,148,12,23,0.825,0.425,0.925,0.5862068965517241,0.675,40
PROMEDIO_MACRO,115,715,85,85,0.8300000000000001,0.575,0.89375,0.6148429630569454,0.734375,200
