clase,TP,TN,FP,FN,Accuracy,Sensitivity,Specificity,Precision,Score,soporte
N,38,157,3,2,0.975,0.95,0.98125,0.926829268292683,0.965625,40
AS,37,155,5,3,0.96,0.925,0.96875,0.8809523809523809,0.946875,40
MR,28,142,18,12,0.85,0.7,0.8875,0.6086956521739131,0.79375,40
MS,32,159,1,8,0.955,0.8,0.99375,0.9696969696969697,0.8968750000000001,40
MVP,28,150,10,12,0.89,0.7,0.9375,0.7368421052631579,0.81875,40
PROMEDIO_MACRO,163,763,37,37,0.9259999999999999,0.8150000000000001,0.95375,0.8246032752758209,0.884375,200
