clase,TP,TN,FP,FN,Accuracy,Sensitivity,Specificity,Precision,Score,soporte
N,39,158,2,1,0.985,0.975,0.9875,0.9512195121951219,0.98125,40
AS,38,153,7,2,0.955,0.95,0.95625,0.8444444444444444,0.953125,40
MR,34,154,6,6,0.94,0.85,0.9625,0.85,0.90625,40
MS,35,156,4,5,0.955,0.875,0.975,0.8974358974358975,0.925,40
MVP,32,157,3,8,0.945,0.8,0.98125,0.9142857142857143,0.890625,40
PROMEDIO_MACRO,178,778,22,22,0.9560000000000001,0.89,0.9724999999999999,0.8914771136722356,0.93125,200
