clase,TP,TN,FP,FN,Accuracy,Sensitivity,Specificity,Precision,Score,soporte
N,37,146,14,3,0.915,0.925,0.9125,0.7254901960784313,0.91875,40
AS,31,151,9,9,0.91,0.775,0.94375,0.775,0.859375,40
MR,33,150,10,7,0.915,0.825,0.9375,0.7674418604651163,0.88125,40
MS,25,147,13,15,0.86,0.625,0.91875,0.6578947368421053,0.771875,40
MVP,20,152,8,20,0.86,0.5,0.95,0.7142857142857143,0.725,40
PROMEDIO_MACRO,146,746,54,54,0.892,0.7300000000000001,0.9325000000000001,0.7280225015342735,0.83125,200
