clase,TP,TN,FP,FN,Accuracy,Sensitivity,Specificity,Precision,Score,soporte
N,37,159,1,3,0.98,0.925,0.99375,0.9736842105263158,0.9593750000000001,40
AS,39,159,1,1,0.99,0.975,0.99375,0.975,0.984375,40
MR,38,144,16,2,0.91,0.95,0.9,0.7037037037037037,0.925,40
MS,33,158,2,7,0.955,0.825,0.9875,0.9428571428571428,0.90625,40
MVP,27,154,6,13,0.905,0.675,0.9625,0.8181818181818182,0.8187500000000001,40
PROMEDIO_MACRO,174,774,26,26,0.9480000000000001,0.8699999999999999,0.9675,0.8826853750537962,0.91875,200
