clase,TP,TN,FP,FN,Accuracy,Sensitivity,Specificity,Precision,Score,soporte
N,38,159,1,2,0.985,0.95,0.99375,0.9743589743589743,0.971875,40
AS,38,153,7,2,0.955,0.95,0.95625,0.8444444444444444,0.953125,40
MR,34,155,5,6,0.945,0.85,0.96875,0.8717948717948718,0.909375,40
MS,35,156,4,5,0.955,0.875,0.975,0.8974358974358975,0.925,40
MVP,32,154,6,8,0.93,0.8,0.9625,0.8421052631578947,0.8812500000000001,40
PROMEDIO_MACRO,177,777,23,23,0.954,0.885,0.9712500000000001,0.8860278902384167,0.928125,200
