distribucion,numero_capas,clasificador,representacion,Accuracy_mean,Accuracy_std,Sensitivity_mean,Sensitivity_std,Specificity_mean,Specificity_std,Precision_mean,Precision_std,Score_mean,Score_std
32-16-8-4,4,UjaNet,DeepONMF_H4,0.9683999999999999,0.009316651759081696,0.9209999999999999,0.02329162939770427,0.9802500000000001,0.005822907349426116,0.9214059782151253,0.023188835645829884,0.9506249999999999,0.014557268373565153
