clase,TP,TN,FP,FN,Accuracy,Sensitivity,Specificity,Precision,Score,soporte
N,40,157,3,0,0.985,1.0,0.98125,0.9302325581395349,0.990625,40
AS,37,155,5,3,0.96,0.925,0.96875,0.8809523809523809,0.946875,40
MR,34,159,1,6,0.965,0.85,0.99375,0.9714285714285714,0.921875,40
MS,37,160,0,3,0.985,0.925,1.0,1.0,0.9625,40
MVP,38,155,5,2,0.965,0.95,0.96875,0.8837209302325582,0.959375,40
PROMEDIO_MACRO,186,786,14,14,0.9719999999999999,0.93,0.9824999999999999,0.9332668881506091,0.95625,200
