distribucion,numero_capas,clasificador,representacion,fold,clase,TP,TN,FP,FN,Accuracy,Sensitivity,Specificity,Precision,Score,soporte
10-8-6,3,UjaNet,DeepONMF_H3,1,PROMEDIO_MACRO,193,793,7,7,0.986,0.9650000000000001,0.99125,0.9666769751429571,0.978125,200
10-8-6,3,UjaNet,DeepONMF_H3,2,PROMEDIO_MACRO,185,785,15,15,0.97,0.925,0.98125,0.9248860923279528,0.953125,200
10-8-6,3,UjaNet,DeepONMF_H3,3,PROMEDIO_MACRO,189,789,11,11,0.978,0.945,0.9862499999999998,0.9450405093408945,0.965625,200
10-8-6,3,UjaNet,DeepONMF_H3,4,PROMEDIO_MACRO,186,786,14,14,0.9720000000000001,0.9299999999999999,0.9824999999999999,0.9309789701794957,0.95625,200
10-8-6,3,UjaNet,DeepONMF_H3,5,PROMEDIO_MACRO,190,790,10,10,0.9800000000000001,0.95,0.9875,0.9515585608608864,0.96875,200
