clase,TP,TN,FP,FN,Accuracy,Sensitivity,Specificity,Precision,Score,soporte
N,37,159,1,3,0.98,0.925,0.99375,0.9736842105263158,0.9593750000000001,40
AS,40,159,1,0,0.995,1.0,0.99375,0.975609756097561,0.996875,40
MR,39,144,16,1,0.915,0.975,0.9,0.7090909090909091,0.9375,40
MS,33,159,1,7,0.96,0.825,0.99375,0.9705882352941176,0.909375,40
MVP,26,154,6,14,0.9,0.65,0.9625,0.8125,0.80625,40
PROMEDIO_MACRO,175,775,25,25,0.95,0.875,0.96875,0.8882946222017807,0.921875,200
