clase,TP,TN,FP,FN,Accuracy,Sensitivity,Specificity,Precision,Score,soporte
N,35,157,3,5,0.96,0.875,0.98125,0.9210526315789473,0.928125,40
AS,40,155,5,0,0.975,1.0,0.96875,0.8888888888888888,0.984375,40
MR,34,158,2,6,0.96,0.85,0.9875,0.9444444444444444,0.91875,40
MS,36,158,2,4,0.97,0.9,0.9875,0.9473684210526315,0.9437500000000001,40
MVP,36,153,7,4,0.945,0.9,0.95625,0.8372093023255814,0.9281250000000001,40
PROMEDIO_MACRO,181,781,19,19,0.9620000000000001,0.905,0.97625,0.9077927376580988,0.940625,200
