clase,TP,TN,FP,FN,Accuracy,Sensitivity,Specificity,Precision,Score,soporte
N,29,156,4,11,0.925,0.725,0.975,0.8787878787878788,0.85,40
AS,23,158,2,17,0.905,0.575,0.9875,0.92,0.78125,40
MR,37,122,38,3,0.795,0.925,0.7625,0.49333333333333335,0.84375,40
MS,18,158,2,22,0.88,0.45,0.9875,0.9,0.71875,40
MVP,30,143,17,10,0.865,0.75,0.89375,0.6382978723404256,0.821875,40
PROMEDIO_MACRO,137,737,63,63,0.874,0.6849999999999999,0.9212499999999999,0.7660838168923275,0.803125,200
