clase,TP,TN,FP,FN,Accuracy,Sensitivity,Specificity,Precision,Score,soporte
N,40,156,4,0,0.98,1.0,0.975,0.9090909090909091,0.9875,40
AS,35,155,5,5,0.95,0.875,0.96875,0.875,0.921875,40
MR,36,158,2,4,0.97,0.9,0.9875,0.9473684210526315,0.9437500000000001,40
MS,36,152,8,4,0.94,0.9,0.95,0.8181818181818182,0.925,40
MVP,32,158,2,8,0.95,0.8,0.9875,0.9411764705882353,0.89375,40
PROMEDIO_MACRO,179,779,21,21,0.958,0.8949999999999999,0.9737500000000001,0.8981635237827188,0.934375,200
