clase,TP,TN,FP,FN,Accuracy,Sensitivity,Specificity,Precision,Score,soporte
N,39,156,4,1,0.975,0.975,0.975,0.9069767441860465,0.975,40
AS,30,152,8,10,0.91,0.75,0.95,0.7894736842105263,0.85,40
MR,33,152,8,7,0.925,0.825,0.95,0.8048780487804879,0.8875,40
MS,33,153,7,7,0.93,0.825,0.95625,0.825,0.890625,40
MVP,32,154,6,8,0.93,0.8,0.9625,0.8421052631578947,0.8812500000000001,40
PROMEDIO_MACRO,167,767,33,33,0.9339999999999999,0.835,0.95875,0.8336867480669911,0.896875,200
