clase,TP,TN,FP,FN,Accuracy,Sensitivity,Specificity,Precision,Score,soporte
N,39,149,11,1,0.94,0.975,0.93125,0.78,0.953125,40
AS,35,146,14,5,0.905,0.875,0.9125,0.7142857142857143,0.89375,40
MR,28,157,3,12,0.925,0.7,0.98125,0.9032258064516129,0.840625,40
MS,34,147,13,6,0.905,0.85,0.91875,0.723404255319149,0.8843749999999999,40
MVP,22,159,1,18,0.905,0.55,0.99375,0.9565217391304348,0.7718750000000001,40
PROMEDIO_MACRO,158,758,42,42,0.916,0.79,0.9475000000000001,0.8154875030373822,0.86875,200
