clase,TP,TN,FP,FN,Accuracy,Sensitivity,Specificity,Precision,Score,soporte
N,35,150,10,5,0.925,0.875,0.9375,0.7777777777777778,0.90625,40
AS,36,147,13,4,0.915,0.9,0.91875,0.7346938775510204,0.909375,40
MR,27,158,2,13,0.925,0.675,0.9875,0.9310344827586207,0.83125,40
MS,33,145,15,7,0.89,0.825,0.90625,0.6875,0.865625,40
MVP,24,155,5,16,0.895,0.6,0.96875,0.8275862068965517,0.784375,40
PROMEDIO_MACRO,155,755,45,45,0.9100000000000001,0.7750000000000001,0.94375,0.7917184689967941,0.859375,200
