clase,TP,TN,FP,FN,Accuracy,Sensitivity,Specificity,Precision,Score,soporte
N,37,157,3,3,0.97,0.925,0.98125,0.925,0.953125,40
AS,37,157,3,3,0.97,0.925,0.98125,0.925,0.953125,40
MR,35,157,3,5,0.96,0.875,0.98125,0.9210526315789473,0.928125,40
MS,37,150,10,3,0.935,0.925,0.9375,0.7872340425531915,0.93125,40
MVP,30,155,5,10,0.925,0.75,0.96875,0.8571428571428571,0.859375,40
PROMEDIO_MACRO,176,776,24,24,0.952,0.8800000000000001,0.97,0.8830859062549992,0.925,200
