{
  "N": 0.12488566682544269,
  "AS": 0.21197894836415695,
  "MR": 0.21314719675392338,
  "MS": 0.1548120229477543,
  "MVP": 0.19329571380814475
}