clase,TP,TN,FP,FN,Accuracy,Sensitivity,Specificity,Precision,Score,soporte
N,39,157,3,1,0.98,0.975,0.98125,0.9285714285714286,0.9781249999999999,40
AS,32,152,8,8,0.92,0.8,0.95,0.8,0.875,40
MR,34,153,7,6,0.935,0.85,0.95625,0.8292682926829268,0.903125,40
MS,31,145,15,9,0.88,0.775,0.90625,0.6739130434782609,0.840625,40
MVP,31,160,0,9,0.955,0.775,1.0,1.0,0.8875,40
PROMEDIO_MACRO,167,767,33,33,0.9339999999999999,0.835,0.95875,0.8463505529465232,0.896875,200
