clase,TP,TN,FP,FN,Accuracy,Sensitivity,Specificity,Precision,Score,soporte
N,39,159,1,1,0.99,0.975,0.99375,0.975,0.984375,40
AS,38,150,10,2,0.94,0.95,0.9375,0.7916666666666666,0.94375,40
MR,34,152,8,6,0.93,0.85,0.95,0.8095238095238095,0.8999999999999999,40
MS,37,153,7,3,0.95,0.925,0.95625,0.8409090909090909,0.940625,40
MVP,26,160,0,14,0.93,0.65,1.0,1.0,0.825,40
PROMEDIO_MACRO,174,774,26,26,0.9479999999999998,0.8700000000000001,0.9674999999999999,0.8834199134199133,0.91875,200
