clase,TP,TN,FP,FN,Accuracy,Sensitivity,Specificity,Precision,Score,soporte
N,37,158,2,3,0.975,0.925,0.9875,0.9487179487179487,0.95625,40
AS,35,159,1,5,0.97,0.875,0.99375,0.9722222222222222,0.934375,40
MR,39,145,15,1,0.92,0.975,0.90625,0.7222222222222222,0.940625,40
MS,32,157,3,8,0.945,0.8,0.98125,0.9142857142857143,0.890625,40
MVP,32,156,4,8,0.94,0.8,0.975,0.8888888888888888,0.8875,40
PROMEDIO_MACRO,175,775,25,25,0.95,0.875,0.96875,0.8892673992673992,0.921875,200
