clase,TP,TN,FP,FN,Accuracy,Sensitivity,Specificity,Precision,Score,soporte
N,37,146,14,3,0.915,0.925,0.9125,0.7254901960784313,0.91875,40
AS,27,147,13,13,0.87,0.675,0.91875,0.675,0.796875,40
MR,27,152,8,13,0.895,0.675,0.95,0.7714285714285715,0.8125,40
MS,23,149,11,17,0.86,0.575,0.93125,0.6764705882352942,0.753125,40
MVP,19,139,21,21,0.79,0.475,0.86875,0.475,0.671875,40
PROMEDIO_MACRO,133,733,67,67,0.866,0.6650000000000001,0.91625,0.6646778711484594,0.790625,200
