distribucion,numero_capas,clasificador,representacion,Accuracy_mean,Accuracy_std,Sensitivity_mean,Sensitivity_std,Specificity_mean,Specificity_std,Precision_mean,Precision_std,Score_mean,Score_std
10-9-7-5,4,KNN,DeepONMF_H4,0.96,0.0565685424949238,0.9,0.1414213562373094,0.975,0.0353553390593274,0.85,0.2121320343559642,0.9375,0.0883883476483184
10-9-7-5,4,KNN,DeepONMF_W,0.92,0.0,0.8,0.0,0.95,0.0,0.7,0.0,0.875,0.0
10-9-7-5,4,SVM,DeepONMF_H4,0.96,0.0565685424949238,0.9,0.1414213562373094,0.975,0.0353553390593274,0.85,0.2121320343559642,0.9375,0.0883883476483184
10-9-7-5,4,SVM,DeepONMF_W,0.92,0.0,0.8,0.0,0.95,0.0,0.7,0.0,0.875,0.0
10-9-7-5,4,UjaNet,DeepONMF_H4,0.68,0.0,0.2,0.0,0.8,0.0,0.04,0.0,0.5,0.0
10-9-7-5,4,UjaNet,DeepONMF_W,0.76,0.0,0.4,0.0,0.85,0.0,0.1666666666666666,0.0,0.625,0.0
