clase,TP,TN,FP,FN,Accuracy,Sensitivity,Specificity,Precision,Score,soporte
N,37,158,2,3,0.975,0.925,0.9875,0.9487179487179487,0.95625,40
AS,37,147,13,3,0.92,0.925,0.91875,0.74,0.921875,40
MR,35,150,10,5,0.925,0.875,0.9375,0.7777777777777778,0.90625,40
MS,32,154,6,8,0.93,0.8,0.9625,0.8421052631578947,0.8812500000000001,40
MVP,27,159,1,13,0.93,0.675,0.99375,0.9642857142857143,0.8343750000000001,40
PROMEDIO_MACRO,168,768,32,32,0.9360000000000002,0.8400000000000001,0.96,0.854577340787867,0.9,200
