clase,TP,TN,FP,FN,Accuracy,Sensitivity,Specificity,Precision,Score,soporte
N,37,147,13,3,0.92,0.925,0.91875,0.74,0.921875,40
AS,33,123,37,7,0.78,0.825,0.76875,0.4714285714285714,0.796875,40
MR,25,156,4,15,0.905,0.625,0.975,0.8620689655172413,0.8,40
MS,19,149,11,21,0.84,0.475,0.93125,0.6333333333333333,0.703125,40
MVP,19,158,2,21,0.885,0.475,0.9875,0.9047619047619048,0.73125,40
PROMEDIO_MACRO,133,733,67,67,0.866,0.665,0.91625,0.7223185550082102,0.790625,200
