distribucion,numero_capas,clasificador,representacion,Accuracy_mean,Accuracy_std,Sensitivity_mean,Sensitivity_std,Specificity_mean,Specificity_std,Precision_mean,Precision_std,Score_mean,Score_std
11-7,2,KNN,DeepONMF_H2,0.961,0.009617692030835663,0.9824999999999999,0.012808688457449507,0.875,0.043301270189221926,0.9693061114717316,0.009965251405095878,0.92875,0.01931442142545306
11-7,2,KNN,DeepONMF_W,0.883,0.0075828754440515666,0.9075,0.011180339887498902,0.785,0.022360679774997907,0.9441279118838024,0.005118438030579879,0.8462500000000001,0.009478594305064439
11-7,2,SVM,DeepONMF_H2,0.9730000000000001,0.012041594578792301,0.9800000000000001,0.010269797953221886,0.945,0.020916500663351864,0.9861473011702889,0.005305059648563414,0.9625,0.015148999554426019
11-7,2,SVM,DeepONMF_W,0.907,0.016807736313971592,0.9025000000000001,0.021009670392464517,0.925,0.039528470752104736,0.979772297308273,0.010447471018577502,0.91375,0.020082836266324535
11-7,2,UjaNet,DeepONMF_H2,0.9949999999999999,0.005000000000000018,0.99375,0.006249999999999964,1.0,0.0,1.0,0.0,0.996875,0.0031249999999999854
11-7,2,UjaNet,DeepONMF_W,0.968,0.010368220676663873,0.97625,0.012022115038544555,0.9349999999999999,0.04183300132670378,0.9837458641067982,0.010263246414461333,0.9556250000000001,0.019689980002529153
