clase,TP,TN,FP,FN,Accuracy,Sensitivity,Specificity,Precision,Score,soporte
N,36,160,0,4,0.98,0.9,1.0,1.0,0.95,40
AS,38,152,8,2,0.95,0.95,0.95,0.8260869565217391,0.95,40
MR,31,147,13,9,0.89,0.775,0.91875,0.7045454545454546,0.846875,40
MS,34,159,1,6,0.965,0.85,0.99375,0.9714285714285714,0.921875,40
MVP,31,152,8,9,0.915,0.775,0.95,0.7948717948717948,0.8625,40
PROMEDIO_MACRO,170,770,30,30,0.9399999999999998,0.85,0.9625,0.8593865554735121,0.90625,200
