clase,TP,TN,FP,FN,Accuracy,Sensitivity,Specificity,Precision,Score,soporte
N,36,157,3,4,0.965,0.9,0.98125,0.9230769230769231,0.940625,40
AS,36,154,6,4,0.95,0.9,0.9625,0.8571428571428571,0.93125,40
MR,34,149,11,6,0.915,0.85,0.93125,0.7555555555555555,0.890625,40
MS,35,158,2,5,0.965,0.875,0.9875,0.9459459459459459,0.93125,40
MVP,31,154,6,9,0.925,0.775,0.9625,0.8378378378378378,0.86875,40
PROMEDIO_MACRO,172,772,28,28,0.944,0.86,0.9650000000000001,0.863911823911824,0.9125,200
