clase,TP,TN,FP,FN,Accuracy,Sensitivity,Specificity,Precision,Score,soporte
N,38,147,13,2,0.925,0.95,0.91875,0.7450980392156863,0.934375,40
AS,26,149,11,14,0.875,0.65,0.93125,0.7027027027027027,0.790625,40
MR,28,154,6,12,0.91,0.7,0.9625,0.8235294117647058,0.83125,40
MS,32,142,18,8,0.87,0.8,0.8875,0.64,0.84375,40
MVP,20,152,8,20,0.86,0.5,0.95,0.7142857142857143,0.725,40
PROMEDIO_MACRO,144,744,56,56,0.8880000000000001,0.72,0.93,0.7251231735937618,0.825,200
