clase,TP,TN,FP,FN,Accuracy,Sensitivity,Specificity,Precision,Score,soporte
N,39,158,2,1,0.985,0.975,0.9875,0.9512195121951219,0.98125,40
AS,38,159,1,2,0.985,0.95,0.99375,0.9743589743589743,0.971875,40
MR,37,158,2,3,0.975,0.925,0.9875,0.9487179487179487,0.95625,40
MS,37,159,1,3,0.98,0.925,0.99375,0.9736842105263158,0.9593750000000001,40
MVP,37,154,6,3,0.955,0.925,0.9625,0.8604651162790697,0.9437500000000001,40
PROMEDIO_MACRO,188,788,12,12,0.976,0.9399999999999998,0.985,0.9416891524154861,0.9625,200
