clase,TP,TN,FP,FN,Accuracy,Sensitivity,Specificity,Precision,Score,soporte
N,32,156,4,8,0.94,0.8,0.975,0.8888888888888888,0.8875,40
AS,35,154,6,5,0.945,0.875,0.9625,0.8536585365853658,0.91875,40
MR,33,142,18,7,0.875,0.825,0.8875,0.6470588235294118,0.85625,40
MS,33,159,1,7,0.96,0.825,0.99375,0.9705882352941176,0.909375,40
MVP,28,150,10,12,0.89,0.7,0.9375,0.7368421052631579,0.81875,40
PROMEDIO_MACRO,161,761,39,39,0.9219999999999999,0.805,0.9512499999999999,0.8194073179121883,0.8781249999999998,200
