clase,TP,TN,FP,FN,Accuracy,Sensitivity,Specificity,Precision,Score,soporte
N,31,146,14,9,0.885,0.775,0.9125,0.6888888888888889,0.84375,40
AS,35,133,27,5,0.84,0.875,0.83125,0.5645161290322581,0.853125,40
MR,25,154,6,15,0.895,0.625,0.9625,0.8064516129032258,0.79375,40
MS,22,151,9,18,0.865,0.55,0.94375,0.7096774193548387,0.746875,40
MVP,22,151,9,18,0.865,0.55,0.94375,0.7096774193548387,0.746875,40
PROMEDIO_MACRO,135,735,65,65,0.8700000000000001,0.675,0.91875,0.6958422939068102,0.796875,200
