clase,TP,TN,FP,FN,Accuracy,Sensitivity,Specificity,Precision,Score,soporte
N,40,160,0,0,1.0,1.0,1.0,1.0,1.0,40
AS,39,155,5,1,0.97,0.975,0.96875,0.8863636363636364,0.971875,40
MR,34,157,3,6,0.955,0.85,0.98125,0.918918918918919,0.9156249999999999,40
MS,37,157,3,3,0.97,0.925,0.98125,0.925,0.953125,40
MVP,36,157,3,4,0.965,0.9,0.98125,0.9230769230769231,0.940625,40
PROMEDIO_MACRO,186,786,14,14,0.9719999999999999,0.93,0.9825000000000002,0.9306718956718957,0.95625,200
