clase,TP,TN,FP,FN,Accuracy,Sensitivity,Specificity,Precision,Score,soporte
N,35,148,12,5,0.915,0.875,0.925,0.7446808510638298,0.9,40
AS,22,146,14,18,0.84,0.55,0.9125,0.6111111111111112,0.73125,40
MR,33,152,8,7,0.925,0.825,0.95,0.8048780487804879,0.8875,40
MS,29,145,15,11,0.87,0.725,0.90625,0.6590909090909091,0.815625,40
MVP,17,145,15,23,0.81,0.425,0.90625,0.53125,0.665625,40
PROMEDIO_MACRO,136,736,64,64,0.8719999999999999,0.6799999999999999,0.9199999999999999,0.6702021840092677,0.7999999999999999,200
