clase,TP,TN,FP,FN,Accuracy,Sensitivity,Specificity,Precision,Score,soporte
N,38,158,2,2,0.98,0.95,0.9875,0.95,0.96875,40
AS,40,153,7,0,0.965,1.0,0.95625,0.851063829787234,0.978125,40
MR,34,156,4,6,0.95,0.85,0.975,0.8947368421052632,0.9125,40
MS,36,152,8,4,0.94,0.9,0.95,0.8181818181818182,0.925,40
MVP,30,159,1,10,0.945,0.75,0.99375,0.967741935483871,0.871875,40
PROMEDIO_MACRO,178,778,22,22,0.9559999999999998,0.8899999999999999,0.9725000000000001,0.8963448851116373,0.93125,200
