clase,TP,TN,FP,FN,Accuracy,Sensitivity,Specificity,Precision,Score,soporte
N,35,159,1,5,0.97,0.875,0.99375,0.9722222222222222,0.934375,40
AS,39,158,2,1,0.985,0.975,0.9875,0.9512195121951219,0.98125,40
MR,36,157,3,4,0.965,0.9,0.98125,0.9230769230769231,0.940625,40
MS,39,158,2,1,0.985,0.975,0.9875,0.9512195121951219,0.98125,40
MVP,37,154,6,3,0.955,0.925,0.9625,0.8604651162790697,0.9437500000000001,40
PROMEDIO_MACRO,186,786,14,14,0.9719999999999999,0.93,0.9825000000000002,0.9316406571936918,0.95625,200
