clase,TP,TN,FP,FN,Accuracy,Sensitivity,Specificity,Precision,Score,soporte
N,39,155,5,1,0.97,0.975,0.96875,0.8863636363636364,0.971875,40
AS,39,151,9,1,0.95,0.975,0.94375,0.8125,0.959375,40
MR,32,159,1,8,0.955,0.8,0.99375,0.9696969696969697,0.8968750000000001,40
MS,30,153,7,10,0.915,0.75,0.95625,0.8108108108108109,0.853125,40
MVP,33,155,5,7,0.94,0.825,0.96875,0.868421052631579,0.896875,40
PROMEDIO_MACRO,173,773,27,27,0.9460000000000001,0.865,0.9662499999999999,0.8695584939005991,0.915625,200
