clase,TP,TN,FP,FN,Accuracy,Sensitivity,Specificity,Precision,Score,soporte
N,37,157,3,3,0.97,0.925,0.98125,0.925,0.953125,40
AS,37,154,6,3,0.955,0.925,0.9625,0.8604651162790697,0.9437500000000001,40
MR,34,154,6,6,0.94,0.85,0.9625,0.85,0.90625,40
MS,36,156,4,4,0.96,0.9,0.975,0.9,0.9375,40
MVP,31,154,6,9,0.925,0.775,0.9625,0.8378378378378378,0.86875,40
PROMEDIO_MACRO,175,775,25,25,0.95,0.875,0.96875,0.8746605908233815,0.921875,200
