clase,TP,TN,FP,FN,Accuracy,Sensitivity,Specificity,Precision,Score,soporte
N,39,158,2,1,0.985,0.975,0.9875,0.9512195121951219,0.98125,40
AS,38,153,7,2,0.955,0.95,0.95625,0.8444444444444444,0.953125,40
MR,35,155,5,5,0.95,0.875,0.96875,0.875,0.921875,40
MS,34,156,4,6,0.95,0.85,0.975,0.8947368421052632,0.9125,40
MVP,32,156,4,8,0.94,0.8,0.975,0.8888888888888888,0.8875,40
PROMEDIO_MACRO,178,778,22,22,0.9559999999999998,0.89,0.9724999999999999,0.8908579375267436,0.93125,200
