clase,TP,TN,FP,FN,Accuracy,Sensitivity,Specificity,Precision,Score,soporte
N,36,148,12,4,0.92,0.9,0.925,0.75,0.9125000000000001,40
AS,32,123,37,8,0.775,0.8,0.76875,0.463768115942029,0.784375,40
MR,24,156,4,16,0.9,0.6,0.975,0.8571428571428571,0.7875,40
MS,20,152,8,20,0.86,0.5,0.95,0.7142857142857143,0.725,40
MVP,19,152,8,21,0.855,0.475,0.95,0.7037037037037037,0.7124999999999999,40
PROMEDIO_MACRO,131,731,69,69,0.8620000000000001,0.655,0.9137500000000001,0.6977800782148609,0.784375,200
