clase,TP,TN,FP,FN,Accuracy,Sensitivity,Specificity,Precision,Score,soporte
N,39,156,4,1,0.975,0.975,0.975,0.9069767441860465,0.975,40
AS,38,157,3,2,0.975,0.95,0.98125,0.926829268292683,0.965625,40
MR,36,157,3,4,0.965,0.9,0.98125,0.9230769230769231,0.940625,40
MS,38,159,1,2,0.985,0.95,0.99375,0.9743589743589743,0.971875,40
MVP,36,158,2,4,0.97,0.9,0.9875,0.9473684210526315,0.9437500000000001,40
PROMEDIO_MACRO,187,787,13,13,0.974,0.9349999999999999,0.98375,0.9357220661934518,0.959375,200
