clase,TP,TN,FP,FN,Accuracy,Sensitivity,Specificity,Precision,Score,soporte
N,34,159,1,6,0.965,0.85,0.99375,0.9714285714285714,0.921875,40
AS,34,157,3,6,0.955,0.85,0.98125,0.918918918918919,0.9156249999999999,40
MR,39,139,21,1,0.89,0.975,0.86875,0.65,0.921875,40
MS,34,159,1,6,0.965,0.85,0.99375,0.9714285714285714,0.921875,40
MVP,29,156,4,11,0.925,0.725,0.975,0.8787878787878788,0.85,40
PROMEDIO_MACRO,170,770,30,30,0.9400000000000001,0.85,0.9625,0.8781127881127881,0.90625,200
