clase,TP,TN,FP,FN,Accuracy,Sensitivity,Specificity,Precision,Score,soporte
N,34,159,1,6,0.965,0.85,0.99375,0.9714285714285714,0.921875,40
AS,31,157,3,9,0.94,0.775,0.98125,0.9117647058823529,0.878125,40
MR,39,140,20,1,0.895,0.975,0.875,0.6610169491525424,0.925,40
MS,32,157,3,8,0.945,0.8,0.98125,0.9142857142857143,0.890625,40
MVP,30,153,7,10,0.915,0.75,0.95625,0.8108108108108109,0.853125,40
PROMEDIO_MACRO,166,766,34,34,0.932,0.8300000000000001,0.9574999999999999,0.8538613503119983,0.89375,200
