clase,TP,TN,FP,FN,Accuracy,Sensitivity,Specificity,Precision,Score,soporte
N,35,122,38,5,0.785,0.875,0.7625,0.4794520547945205,0.81875,40
AS,24,120,40,16,0.72,0.6,0.75,0.375,0.675,40
MR,9,153,7,31,0.81,0.225,0.95625,0.5625,0.5906250000000001,40
MS,16,142,18,24,0.79,0.4,0.8875,0.47058823529411764,0.64375,40
MVP,6,153,7,34,0.795,0.15,0.95625,0.46153846153846156,0.553125,40
PROMEDIO_MACRO,90,690,110,110,0.78,0.45,0.8625,0.46981575032541995,0.6562500000000001,200
