epoca,loss_train,loss_val
1,1.692503571510315,1.5963306427001953
2,1.7299652695655823,1.5859161615371704
