clase,TP,TN,FP,FN,Accuracy,Sensitivity,Specificity,Precision,Score,soporte
N,39,154,6,1,0.965,0.975,0.9625,0.8666666666666667,0.96875,40
AS,39,154,6,1,0.965,0.975,0.9625,0.8666666666666667,0.96875,40
MR,34,156,4,6,0.95,0.85,0.975,0.8947368421052632,0.9125,40
MS,36,153,7,4,0.945,0.9,0.95625,0.8372093023255814,0.9281250000000001,40
MVP,28,159,1,12,0.935,0.7,0.99375,0.9655172413793104,0.846875,40
PROMEDIO_MACRO,176,776,24,24,0.952,0.8799999999999999,0.9700000000000001,0.8861593438286978,0.925,200
