clase,TP,TN,FP,FN,Accuracy,Sensitivity,Specificity,Precision,Score,soporte
N,37,147,13,3,0.92,0.925,0.91875,0.74,0.921875,40
AS,24,148,12,16,0.86,0.6,0.925,0.6666666666666666,0.7625,40
MR,29,151,9,11,0.9,0.725,0.94375,0.7631578947368421,0.834375,40
MS,29,145,15,11,0.87,0.725,0.90625,0.6590909090909091,0.815625,40
MVP,22,150,10,18,0.86,0.55,0.9375,0.6875,0.74375,40
PROMEDIO_MACRO,141,741,59,59,0.882,0.7050000000000001,0.9262499999999999,0.7032830940988836,0.815625,200
