clase,TP,TN,FP,FN,Accuracy,Sensitivity,Specificity,Precision,Score,soporte
N,36,135,25,4,0.855,0.9,0.84375,0.5901639344262295,0.871875,40
AS,25,138,22,15,0.815,0.625,0.8625,0.5319148936170213,0.74375,40
MR,23,152,8,17,0.875,0.575,0.95,0.7419354838709677,0.7625,40
MS,19,146,14,21,0.825,0.475,0.9125,0.5757575757575758,0.69375,40
MVP,18,150,10,22,0.84,0.45,0.9375,0.6428571428571429,0.69375,40
PROMEDIO_MACRO,121,721,79,79,0.842,0.605,0.9012499999999999,0.6165258061057874,0.753125,200
