clase,TP,TN,FP,FN,Accuracy,Sensitivity,Specificity,Precision,Score,soporte
N,37,159,1,3,0.98,0.925,0.99375,0.9736842105263158,0.9593750000000001,40
AS,38,146,14,2,0.92,0.95,0.9125,0.7307692307692307,0.9312499999999999,40
MR,33,154,6,7,0.935,0.825,0.9625,0.8461538461538461,0.89375,40
MS,27,153,7,13,0.9,0.675,0.95625,0.7941176470588235,0.815625,40
MVP,32,155,5,8,0.935,0.8,0.96875,0.8648648648648649,0.884375,40
PROMEDIO_MACRO,167,767,33,33,0.9339999999999999,0.835,0.95875,0.8419179598746162,0.896875,200
