clase,TP,TN,FP,FN,Accuracy,Sensitivity,Specificity,Precision,Score,soporte
N,37,157,3,3,0.97,0.925,0.98125,0.925,0.953125,40
AS,37,157,3,3,0.97,0.925,0.98125,0.925,0.953125,40
MR,37,157,3,3,0.97,0.925,0.98125,0.925,0.953125,40
MS,37,159,1,3,0.98,0.925,0.99375,0.9736842105263158,0.9593750000000001,40
MVP,37,155,5,3,0.96,0.925,0.96875,0.8809523809523809,0.946875,40
PROMEDIO_MACRO,185,785,15,15,0.97,0.925,0.98125,0.9259273182957394,0.953125,200
