clase,TP,TN,FP,FN,Accuracy,Sensitivity,Specificity,Precision,Score,soporte
N,33,156,4,7,0.945,0.825,0.975,0.8918918918918919,0.8999999999999999,40
AS,38,153,7,2,0.955,0.95,0.95625,0.8444444444444444,0.953125,40
MR,32,152,8,8,0.92,0.8,0.95,0.8,0.875,40
MS,35,158,2,5,0.965,0.875,0.9875,0.9459459459459459,0.93125,40
MVP,32,151,9,8,0.915,0.8,0.94375,0.7804878048780488,0.871875,40
PROMEDIO_MACRO,170,770,30,30,0.9399999999999998,0.85,0.9624999999999998,0.8525540174320663,0.90625,200
