clase,TP,TN,FP,FN,Accuracy,Sensitivity,Specificity,Precision,Score,soporte
N,37,159,1,3,0.98,0.925,0.99375,0.9736842105263158,0.9593750000000001,40
AS,32,154,6,8,0.93,0.8,0.9625,0.8421052631578947,0.8812500000000001,40
MR,40,139,21,0,0.895,1.0,0.86875,0.6557377049180327,0.934375,40
MS,34,159,1,6,0.965,0.85,0.99375,0.9714285714285714,0.921875,40
MVP,24,156,4,16,0.9,0.6,0.975,0.8571428571428571,0.7875,40
PROMEDIO_MACRO,167,767,33,33,0.9339999999999999,0.835,0.95875,0.8600197214347343,0.896875,200
