{
  "N": 0.1116871384946577,
  "AS": 0.1903026929931181,
  "MR": 0.20289166312957949,
  "MS": 0.15725719857650103,
  "MVP": 0.17769029278128168
}