clase,TP,TN,FP,FN,Accuracy,Sensitivity,Specificity,Precision,Score,soporte
N,37,158,2,3,0.975,0.925,0.9875,0.9487179487179487,0.95625,40
AS,40,159,1,0,0.995,1.0,0.99375,0.975609756097561,0.996875,40
MR,37,157,3,3,0.97,0.925,0.98125,0.925,0.953125,40
MS,38,157,3,2,0.975,0.95,0.98125,0.926829268292683,0.965625,40
MVP,37,158,2,3,0.975,0.925,0.9875,0.9487179487179487,0.95625,40
PROMEDIO_MACRO,189,789,11,11,0.978,0.945,0.9862500000000001,0.9449749843652283,0.965625,200
