clase,TP,TN,FP,FN,Accuracy,Sensitivity,Specificity,Precision,Score,soporte
N,38,144,16,2,0.91,0.95,0.9,0.7037037037037037,0.925,40
AS,32,155,5,8,0.935,0.8,0.96875,0.8648648648648649,0.884375,40
MR,31,154,6,9,0.925,0.775,0.9625,0.8378378378378378,0.86875,40
MS,35,146,14,5,0.905,0.875,0.9125,0.7142857142857143,0.89375,40
MVP,20,157,3,20,0.885,0.5,0.98125,0.8695652173913043,0.740625,40
PROMEDIO_MACRO,156,756,44,44,0.9120000000000001,0.78,0.945,0.798051467616685,0.8625,200
