distribucion,numero_capas,clasificador,representacion,fold,clase,TP,TN,FP,FN,Accuracy,Sensitivity,Specificity,Precision,Score,soporte
4-28,2,UjaNet,DeepONMF_H2,1,PROMEDIO_MACRO,182,782,18,18,0.9640000000000001,0.9099999999999999,0.9775,0.9111908233859453,0.94375,200
4-28,2,UjaNet,DeepONMF_H2,2,PROMEDIO_MACRO,178,778,22,22,0.9559999999999998,0.89,0.9724999999999999,0.8897838072256675,0.93125,200
4-28,2,UjaNet,DeepONMF_H2,3,PROMEDIO_MACRO,180,780,20,20,0.96,0.9,0.975,0.9009424809424811,0.9375,200
4-28,2,UjaNet,DeepONMF_H2,4,PROMEDIO_MACRO,186,786,14,14,0.9720000000000001,0.9299999999999999,0.9824999999999999,0.9328804735415777,0.95625,200
4-28,2,UjaNet,DeepONMF_H2,5,PROMEDIO_MACRO,179,779,21,21,0.958,0.8950000000000001,0.9737500000000001,0.901091497155327,0.934375,200
