clase,TP,TN,FP,FN,Accuracy,Sensitivity,Specificity,Precision,Score,soporte
N,35,155,5,5,0.95,0.875,0.96875,0.875,0.921875,40
AS,38,154,6,2,0.96,0.95,0.9625,0.8636363636363636,0.95625,40
MR,35,149,11,5,0.92,0.875,0.93125,0.7608695652173914,0.903125,40
MS,35,159,1,5,0.97,0.875,0.99375,0.9722222222222222,0.934375,40
MVP,25,151,9,15,0.88,0.625,0.94375,0.7352941176470589,0.784375,40
PROMEDIO_MACRO,168,768,32,32,0.9359999999999999,0.8400000000000001,0.96,0.8414044537446073,0.9,200
