clase,TP,TN,FP,FN,Accuracy,Sensitivity,Specificity,Precision,Score,soporte
N,36,142,18,4,0.89,0.9,0.8875,0.6666666666666666,0.89375,40
AS,31,133,27,9,0.82,0.775,0.83125,0.5344827586206896,0.8031250000000001,40
MR,27,156,4,13,0.915,0.675,0.975,0.8709677419354839,0.825,40
MS,18,147,13,22,0.825,0.45,0.91875,0.5806451612903226,0.684375,40
MVP,19,153,7,21,0.86,0.475,0.95625,0.7307692307692307,0.715625,40
PROMEDIO_MACRO,131,731,69,69,0.8620000000000001,0.655,0.91375,0.6767063118564787,0.784375,200
