clase,TP,TN,FP,FN,Accuracy,Sensitivity,Specificity,Precision,Score,soporte
N,35,156,4,5,0.955,0.875,0.975,0.8974358974358975,0.925,40
AS,34,155,5,6,0.945,0.85,0.96875,0.8717948717948718,0.909375,40
MR,33,147,13,7,0.9,0.825,0.91875,0.717391304347826,0.871875,40
MS,33,158,2,7,0.955,0.825,0.9875,0.9428571428571428,0.90625,40
MVP,30,149,11,10,0.895,0.75,0.93125,0.7317073170731707,0.840625,40
PROMEDIO_MACRO,165,765,35,35,0.93,0.825,0.95625,0.8322373067017818,0.890625,200
