clase,TP,TN,FP,FN,Accuracy,Sensitivity,Specificity,Precision,Score,soporte
N,39,142,18,1,0.905,0.975,0.8875,0.6842105263157895,0.9312499999999999,40
AS,39,145,15,1,0.92,0.975,0.90625,0.7222222222222222,0.940625,40
MR,31,158,2,9,0.945,0.775,0.9875,0.9393939393939394,0.8812500000000001,40
MS,27,153,7,13,0.9,0.675,0.95625,0.7941176470588235,0.815625,40
MVP,22,160,0,18,0.91,0.55,1.0,1.0,0.775,40
PROMEDIO_MACRO,158,758,42,42,0.916,0.79,0.9475,0.8279888669981549,0.86875,200
