clase,TP,TN,FP,FN,Accuracy,Sensitivity,Specificity,Precision,Score,soporte
N,39,158,2,1,0.985,0.975,0.9875,0.9512195121951219,0.98125,40
AS,38,154,6,2,0.96,0.95,0.9625,0.8636363636363636,0.95625,40
MR,34,154,6,6,0.94,0.85,0.9625,0.85,0.90625,40
MS,35,155,5,5,0.95,0.875,0.96875,0.875,0.921875,40
MVP,31,156,4,9,0.935,0.775,0.975,0.8857142857142857,0.875,40
PROMEDIO_MACRO,177,777,23,23,0.954,0.885,0.9712500000000001,0.8851140323091542,0.928125,200
