clase,TP,TN,FP,FN,Accuracy,Sensitivity,Specificity,Precision,Score,soporte
N,40,156,4,0,0.98,1.0,0.975,0.9090909090909091,0.9875,40
AS,37,155,5,3,0.96,0.925,0.96875,0.8809523809523809,0.946875,40
MR,35,156,4,5,0.955,0.875,0.975,0.8974358974358975,0.925,40
MS,37,159,1,3,0.98,0.925,0.99375,0.9736842105263158,0.9593750000000001,40
MVP,35,158,2,5,0.965,0.875,0.9875,0.9459459459459459,0.93125,40
PROMEDIO_MACRO,184,784,16,16,0.968,0.9199999999999999,0.9800000000000001,0.9214218687902898,0.95,200
