clase,TP,TN,FP,FN,Accuracy,Sensitivity,Specificity,Precision,Score,soporte
N,39,159,1,1,0.99,0.975,0.99375,0.975,0.984375,40
AS,39,156,4,1,0.975,0.975,0.975,0.9069767441860465,0.975,40
MR,36,158,2,4,0.97,0.9,0.9875,0.9473684210526315,0.9437500000000001,40
MS,38,158,2,2,0.98,0.95,0.9875,0.95,0.96875,40
MVP,36,157,3,4,0.965,0.9,0.98125,0.9230769230769231,0.940625,40
PROMEDIO_MACRO,188,788,12,12,0.976,0.9400000000000001,0.985,0.9404844176631203,0.9625,200
