clase,TP,TN,FP,FN,Accuracy,Sensitivity,Specificity,Precision,Score,soporte
N,32,145,15,8,0.885,0.8,0.90625,0.6808510638297872,0.853125,40
AS,35,125,35,5,0.8,0.875,0.78125,0.5,0.828125,40
MR,19,155,5,21,0.87,0.475,0.96875,0.7916666666666666,0.721875,40
MS,16,148,12,24,0.82,0.4,0.925,0.5714285714285714,0.6625000000000001,40
MVP,19,148,12,21,0.835,0.475,0.925,0.6129032258064516,0.7,40
PROMEDIO_MACRO,121,721,79,79,0.842,0.605,0.9012499999999999,0.6313699055462954,0.753125,200
