clase,TP,TN,FP,FN,Accuracy,Sensitivity,Specificity,Precision,Score,soporte
N,36,160,0,4,0.98,0.9,1.0,1.0,0.95,40
AS,40,143,17,0,0.915,1.0,0.89375,0.7017543859649122,0.946875,40
MR,31,155,5,9,0.93,0.775,0.96875,0.8611111111111112,0.871875,40
MS,30,156,4,10,0.93,0.75,0.975,0.8823529411764706,0.8625,40
MVP,31,154,6,9,0.925,0.775,0.9625,0.8378378378378378,0.86875,40
PROMEDIO_MACRO,168,768,32,32,0.9360000000000002,0.8400000000000001,0.96,0.8566112552180665,0.9,200
