clase,TP,TN,FP,FN,Accuracy,Sensitivity,Specificity,Precision,Score,soporte
N,39,147,13,1,0.93,0.975,0.91875,0.75,0.9468749999999999,40
AS,35,145,15,5,0.9,0.875,0.90625,0.7,0.890625,40
MR,31,157,3,9,0.94,0.775,0.98125,0.9117647058823529,0.878125,40
MS,29,146,14,11,0.875,0.725,0.9125,0.6744186046511628,0.81875,40
MVP,21,160,0,19,0.905,0.525,1.0,1.0,0.7625,40
PROMEDIO_MACRO,155,755,45,45,0.9099999999999999,0.775,0.94375,0.8072366621067031,0.859375,200
