clase,TP,TN,FP,FN,Accuracy,Sensitivity,Specificity,Precision,Score,soporte
N,40,160,0,0,1.0,1.0,1.0,1.0,1.0,40
AS,37,158,2,3,0.975,0.925,0.9875,0.9487179487179487,0.95625,40
MR,40,156,4,0,0.98,1.0,0.975,0.9090909090909091,0.9875,40
MS,37,159,1,3,0.98,0.925,0.99375,0.9736842105263158,0.9593750000000001,40
MVP,37,158,2,3,0.975,0.925,0.9875,0.9487179487179487,0.95625,40
PROMEDIO_MACRO,191,791,9,9,0.982,0.9549999999999998,0.9887499999999999,0.9560422034106244,0.971875,200
