clase,TP,TN,FP,FN,Accuracy,Sensitivity,Specificity,Precision,Score,soporte
N,30,159,1,10,0.945,0.75,0.99375,0.967741935483871,0.871875,40
AS,34,158,2,6,0.96,0.85,0.9875,0.9444444444444444,0.91875,40
MR,38,139,21,2,0.885,0.95,0.86875,0.6440677966101694,0.909375,40
MS,33,158,2,7,0.955,0.825,0.9875,0.9428571428571428,0.90625,40
MVP,31,152,8,9,0.915,0.775,0.95,0.7948717948717948,0.8625,40
PROMEDIO_MACRO,166,766,34,34,0.932,0.8300000000000001,0.9575000000000001,0.8587966228534845,0.89375,200
