clase,TP,TN,FP,FN,Accuracy,Sensitivity,Specificity,Precision,Score,soporte
N,38,146,14,2,0.92,0.95,0.9125,0.7307692307692307,0.9312499999999999,40
AS,16,150,10,24,0.83,0.4,0.9375,0.6153846153846154,0.66875,40
MR,32,147,13,8,0.895,0.8,0.91875,0.7111111111111111,0.859375,40
MS,30,148,12,10,0.89,0.75,0.925,0.7142857142857143,0.8375,40
MVP,19,144,16,21,0.815,0.475,0.9,0.5428571428571428,0.6875,40
PROMEDIO_MACRO,135,735,65,65,0.8699999999999999,0.675,0.91875,0.662881562881563,0.7968749999999999,200
