clase,TP,TN,FP,FN,Accuracy,Sensitivity,Specificity,Precision,Score,soporte
N,40,153,7,0,0.965,1.0,0.95625,0.851063829787234,0.978125,40
AS,38,156,4,2,0.97,0.95,0.975,0.9047619047619048,0.9624999999999999,40
MR,33,157,3,7,0.95,0.825,0.98125,0.9166666666666666,0.903125,40
MS,38,157,3,2,0.975,0.95,0.98125,0.926829268292683,0.965625,40
MVP,32,158,2,8,0.95,0.8,0.9875,0.9411764705882353,0.89375,40
PROMEDIO_MACRO,181,781,19,19,0.962,0.9049999999999999,0.97625,0.9080996280193447,0.940625,200
