clase,TP,TN,FP,FN,Accuracy,Sensitivity,Specificity,Precision,Score,soporte
N,37,152,8,3,0.945,0.925,0.95,0.8222222222222222,0.9375,40
AS,39,154,6,1,0.965,0.975,0.9625,0.8666666666666667,0.96875,40
MR,31,155,5,9,0.93,0.775,0.96875,0.8611111111111112,0.871875,40
MS,33,147,13,7,0.9,0.825,0.91875,0.717391304347826,0.871875,40
MVP,28,160,0,12,0.94,0.7,1.0,1.0,0.85,40
PROMEDIO_MACRO,168,768,32,32,0.9359999999999999,0.8400000000000001,0.96,0.8534782608695652,0.9,200
