clase,TP,TN,FP,FN,Accuracy,Sensitivity,Specificity,Precision,Score,soporte
N,39,156,4,1,0.975,0.975,0.975,0.9069767441860465,0.975,40
AS,35,157,3,5,0.96,0.875,0.98125,0.9210526315789473,0.928125,40
MR,40,157,3,0,0.985,1.0,0.98125,0.9302325581395349,0.990625,40
MS,38,159,1,2,0.985,0.95,0.99375,0.9743589743589743,0.971875,40
MVP,35,158,2,5,0.965,0.875,0.9875,0.9459459459459459,0.93125,40
PROMEDIO_MACRO,187,787,13,13,0.974,0.9349999999999999,0.98375,0.9357133708418898,0.959375,200
