clase,TP,TN,FP,FN,Accuracy,Sensitivity,Specificity,Precision,Score,soporte
N,33,149,11,7,0.91,0.825,0.93125,0.75,0.878125,40
AS,37,121,39,3,0.79,0.925,0.75625,0.4868421052631579,0.840625,40
MR,30,158,2,10,0.94,0.75,0.9875,0.9375,0.86875,40
MS,11,148,12,29,0.795,0.275,0.925,0.4782608695652174,0.6000000000000001,40
MVP,19,154,6,21,0.865,0.475,0.9625,0.76,0.71875,40
PROMEDIO_MACRO,130,730,70,70,0.86,0.65,0.9125,0.682520594965675,0.78125,200
