clase,TP,TN,FP,FN,Accuracy,Sensitivity,Specificity,Precision,Score,soporte
N,36,154,6,4,0.95,0.9,0.9625,0.8571428571428571,0.93125,40
AS,36,153,7,4,0.945,0.9,0.95625,0.8372093023255814,0.9281250000000001,40
MR,33,155,5,7,0.94,0.825,0.96875,0.868421052631579,0.896875,40
MS,33,148,12,7,0.905,0.825,0.925,0.7333333333333333,0.875,40
MVP,31,159,1,9,0.95,0.775,0.99375,0.96875,0.884375,40
PROMEDIO_MACRO,169,769,31,31,0.9380000000000001,0.8450000000000001,0.96125,0.8529713090866702,0.903125,200
