,N,AS,MR,MS,MVP
N,98.0,0.0,0.0,0.5,1.5
AS,0.0,95.5,3.0,0.5,1.0
MR,3.5000000000000004,3.5000000000000004,90.5,1.5,1.0
MS,0.5,1.0,1.5,94.5,2.5
MVP,3.0,2.5,0.5,2.0,92.0
