clase,TP,TN,FP,FN,Accuracy,Sensitivity,Specificity,Precision,Score,soporte
N,39,158,2,1,0.985,0.975,0.9875,0.9512195121951219,0.98125,40
AS,40,157,3,0,0.985,1.0,0.98125,0.9302325581395349,0.990625,40
MR,35,158,2,5,0.965,0.875,0.9875,0.9459459459459459,0.93125,40
MS,36,159,1,4,0.975,0.9,0.99375,0.972972972972973,0.946875,40
MVP,39,157,3,1,0.98,0.975,0.98125,0.9285714285714286,0.9781249999999999,40
PROMEDIO_MACRO,189,789,11,11,0.9780000000000001,0.945,0.9862499999999998,0.945788483565001,0.965625,200
