clase,TP,TN,FP,FN,Accuracy,Sensitivity,Specificity,Precision,Score,soporte
N,40,154,6,0,0.97,1.0,0.9625,0.8695652173913043,0.98125,40
AS,39,156,4,1,0.975,0.975,0.975,0.9069767441860465,0.975,40
MR,34,160,0,6,0.97,0.85,1.0,1.0,0.925,40
MS,37,158,2,3,0.975,0.925,0.9875,0.9487179487179487,0.95625,40
MVP,35,157,3,5,0.96,0.875,0.98125,0.9210526315789473,0.928125,40
PROMEDIO_MACRO,185,785,15,15,0.97,0.925,0.98125,0.9292625083748494,0.9531249999999998,200
