clase,TP,TN,FP,FN,Accuracy,Sensitivity,Specificity,Precision,Score,soporte
N,39,158,2,1,0.985,0.975,0.9875,0.9512195121951219,0.98125,40
AS,37,156,4,3,0.965,0.925,0.975,0.9024390243902439,0.95,40
MR,37,157,3,3,0.97,0.925,0.98125,0.925,0.953125,40
MS,36,160,0,4,0.98,0.9,1.0,1.0,0.95,40
MVP,36,154,6,4,0.95,0.9,0.9625,0.8571428571428571,0.93125,40
PROMEDIO_MACRO,185,785,15,15,0.97,0.925,0.98125,0.9271602787456444,0.953125,200
