clase,TP,TN,FP,FN,Accuracy,Sensitivity,Specificity,Precision,Score,soporte
N,34,159,1,6,0.965,0.85,0.99375,0.9714285714285714,0.921875,40
AS,38,147,13,2,0.925,0.95,0.91875,0.7450980392156863,0.934375,40
MR,35,155,5,5,0.95,0.875,0.96875,0.875,0.921875,40
MS,29,154,6,11,0.915,0.725,0.9625,0.8285714285714286,0.84375,40
MVP,35,156,4,5,0.955,0.875,0.975,0.8974358974358975,0.925,40
PROMEDIO_MACRO,171,771,29,29,0.942,0.8550000000000001,0.9637499999999999,0.8635067873303168,0.909375,200
