distribucion,numero_capas,clasificador,representacion,fold,clase,TP,TN,FP,FN,Accuracy,Sensitivity,Specificity,Precision,Score,soporte
10-8-7-6,4,UjaNet,DeepONMF_H4,1,PROMEDIO_MACRO,192,792,8,8,0.984,0.9600000000000002,0.99,0.9598154156498188,0.975,200
10-8-7-6,4,UjaNet,DeepONMF_H4,2,PROMEDIO_MACRO,181,781,19,19,0.9620000000000001,0.9049999999999999,0.9762500000000001,0.9057882727202367,0.940625,200
10-8-7-6,4,UjaNet,DeepONMF_H4,3,PROMEDIO_MACRO,183,783,17,17,0.966,0.9149999999999998,0.97875,0.9197600590623847,0.946875,200
10-8-7-6,4,UjaNet,DeepONMF_H4,4,PROMEDIO_MACRO,188,788,12,12,0.976,0.9400000000000001,0.9850000000000001,0.9415837239155745,0.9625,200
10-8-7-6,4,UjaNet,DeepONMF_H4,5,PROMEDIO_MACRO,190,790,10,10,0.9800000000000001,0.95,0.9875,0.9505726323312974,0.96875,200
