clase,TP,TN,FP,FN,Accuracy,Sensitivity,Specificity,Precision,Score,soporte
N,37,157,3,3,0.97,0.925,0.98125,0.925,0.953125,40
AS,37,142,18,3,0.895,0.925,0.8875,0.6727272727272727,0.90625,40
MR,33,155,5,7,0.94,0.825,0.96875,0.868421052631579,0.896875,40
MS,25,155,5,15,0.9,0.625,0.96875,0.8333333333333334,0.796875,40
MVP,30,153,7,10,0.915,0.75,0.95625,0.8108108108108109,0.853125,40
PROMEDIO_MACRO,162,762,38,38,0.9239999999999998,0.8099999999999999,0.9525,0.8220584939005992,0.88125,200
