clase,TP,TN,FP,FN,Accuracy,Sensitivity,Specificity,Precision,Score,soporte
N,38,160,0,2,0.99,0.95,1.0,1.0,0.975,40
AS,38,152,8,2,0.95,0.95,0.95,0.8260869565217391,0.95,40
MR,34,157,3,6,0.955,0.85,0.98125,0.918918918918919,0.9156249999999999,40
MS,35,151,9,5,0.93,0.875,0.94375,0.7954545454545454,0.909375,40
MVP,34,159,1,6,0.965,0.85,0.99375,0.9714285714285714,0.921875,40
PROMEDIO_MACRO,179,779,21,21,0.958,0.8949999999999999,0.9737500000000001,0.902377798464755,0.934375,200
