clase,TP,TN,FP,FN,Accuracy,Sensitivity,Specificity,Precision,Score,soporte
N,39,159,1,1,0.99,0.975,0.99375,0.975,0.984375,40
AS,35,154,6,5,0.945,0.875,0.9625,0.8536585365853658,0.91875,40
MR,35,152,8,5,0.935,0.875,0.95,0.813953488372093,0.9125,40
MS,35,153,7,5,0.94,0.875,0.95625,0.8333333333333334,0.915625,40
MVP,31,157,3,9,0.94,0.775,0.98125,0.9117647058823529,0.878125,40
PROMEDIO_MACRO,175,775,25,25,0.95,0.875,0.96875,0.8775420128346291,0.921875,200
