clase,TP,TN,FP,FN,Accuracy,Sensitivity,Specificity,Precision,Score,soporte
N,35,153,7,5,0.94,0.875,0.95625,0.8333333333333334,0.915625,40
AS,31,155,5,9,0.93,0.775,0.96875,0.8611111111111112,0.871875,40
MR,32,145,15,8,0.885,0.8,0.90625,0.6808510638297872,0.853125,40
MS,30,157,3,10,0.935,0.75,0.98125,0.9090909090909091,0.865625,40
MVP,27,145,15,13,0.86,0.675,0.90625,0.6428571428571429,0.790625,40
PROMEDIO_MACRO,155,755,45,45,0.9099999999999999,0.775,0.94375,0.7854487120444568,0.859375,200
