clase,TP,TN,FP,FN,Accuracy,Sensitivity,Specificity,Precision,Score,soporte
N,36,157,3,4,0.965,0.9,0.98125,0.9230769230769231,0.940625,40
AS,35,156,4,5,0.955,0.875,0.975,0.8974358974358975,0.925,40
MR,34,139,21,6,0.865,0.85,0.86875,0.6181818181818182,0.859375,40
MS,29,159,1,11,0.94,0.725,0.99375,0.9666666666666667,0.859375,40
MVP,29,152,8,11,0.905,0.725,0.95,0.7837837837837838,0.8374999999999999,40
PROMEDIO_MACRO,163,763,37,37,0.9259999999999999,0.8150000000000001,0.95375,0.8378290178290179,0.884375,200
