clase,TP,TN,FP,FN,Accuracy,Sensitivity,Specificity,Precision,Score,soporte
N,35,157,3,5,0.96,0.875,0.98125,0.9210526315789473,0.928125,40
AS,34,152,8,6,0.93,0.85,0.95,0.8095238095238095,0.8999999999999999,40
MR,34,146,14,6,0.9,0.85,0.9125,0.7083333333333334,0.88125,40
MS,35,158,2,5,0.965,0.875,0.9875,0.9459459459459459,0.93125,40
MVP,30,155,5,10,0.925,0.75,0.96875,0.8571428571428571,0.859375,40
PROMEDIO_MACRO,168,768,32,32,0.9359999999999999,0.8400000000000001,0.96,0.8483997155049787,0.9,200
