distribucion,numero_capas,clasificador,representacion,Accuracy_mean,Accuracy_std,Sensitivity_mean,Sensitivity_std,Specificity_mean,Specificity_std,Precision_mean,Precision_std,Score_mean,Score_std
8-5,2,KNN,DeepONMF_H2,0.9268000000000001,0.010825894882179513,0.817,0.0270647372054487,0.95425,0.006766184301362222,0.8273591977480553,0.027325163801597847,0.8856249999999999,0.016915460753405463
8-5,2,KNN,DeepONMF_W,0.8208,0.010545141061171284,0.552,0.026362852652928016,0.8879999999999999,0.006590713163232057,0.5850326054072351,0.03260067993249281,0.72,0.016476782908080113
8-5,2,SVM,DeepONMF_H2,0.9603999999999999,0.010990905331227237,0.901,0.02747726332806819,0.97525,0.006869315832017076,0.903643266954726,0.029053813914223965,0.938125,0.017173289580042616
8-5,2,SVM,DeepONMF_W,0.8868,0.0026832815729997688,0.717,0.0067082039324993,0.92925,0.0016770509831248884,0.7172875812332354,0.009620873966990623,0.8231249999999999,0.004192627457812125
8-5,2,UjaNet,DeepONMF_H2,0.9768000000000001,0.008438009243891568,0.942,0.021095023109729036,0.9855,0.005273755777432271,0.9428638708664382,0.02074590917791721,0.9637499999999999,0.013184389443580637
8-5,2,UjaNet,DeepONMF_W,0.9324,0.010899541274750936,0.8310000000000001,0.027248853186877413,0.9577500000000001,0.00681221329671931,0.8377214356500332,0.025916214893759063,0.8943749999999999,0.017030533241798432
