clase,TP,TN,FP,FN,Accuracy,Sensitivity,Specificity,Precision,Score,soporte
N,38,154,6,2,0.96,0.95,0.9625,0.8636363636363636,0.95625,40
AS,39,154,6,1,0.965,0.975,0.9625,0.8666666666666667,0.96875,40
MR,33,156,4,7,0.945,0.825,0.975,0.8918918918918919,0.8999999999999999,40
MS,33,152,8,7,0.925,0.825,0.95,0.8048780487804879,0.8875,40
MVP,31,158,2,9,0.945,0.775,0.9875,0.9393939393939394,0.8812500000000001,40
PROMEDIO_MACRO,174,774,26,26,0.9480000000000001,0.8700000000000001,0.9674999999999999,0.87329338207387,0.91875,200
