clase,TP,TN,FP,FN,Accuracy,Sensitivity,Specificity,Precision,Score,soporte
N,38,156,4,2,0.97,0.95,0.975,0.9047619047619048,0.9624999999999999,40
AS,37,149,11,3,0.93,0.925,0.93125,0.7708333333333334,0.9281250000000001,40
MR,35,153,7,5,0.94,0.875,0.95625,0.8333333333333334,0.915625,40
MS,33,156,4,7,0.945,0.825,0.975,0.8918918918918919,0.8999999999999999,40
MVP,27,156,4,13,0.915,0.675,0.975,0.8709677419354839,0.825,40
PROMEDIO_MACRO,170,770,30,30,0.9399999999999998,0.85,0.9625,0.8543576410511895,0.90625,200
