clase,TP,TN,FP,FN,Accuracy,Sensitivity,Specificity,Precision,Score,soporte
N,36,153,7,4,0.945,0.9,0.95625,0.8372093023255814,0.9281250000000001,40
AS,39,155,5,1,0.97,0.975,0.96875,0.8863636363636364,0.971875,40
MR,33,156,4,7,0.945,0.825,0.975,0.8918918918918919,0.8999999999999999,40
MS,35,151,9,5,0.93,0.875,0.94375,0.7954545454545454,0.909375,40
MVP,30,158,2,10,0.94,0.75,0.9875,0.9375,0.86875,40
PROMEDIO_MACRO,173,773,27,27,0.9460000000000001,0.865,0.9662499999999999,0.8696838752071312,0.915625,200
