clase,TP,TN,FP,FN,Accuracy,Sensitivity,Specificity,Precision,Score,soporte
N,40,156,4,0,0.98,1.0,0.975,0.9090909090909091,0.9875,40
AS,38,154,6,2,0.96,0.95,0.9625,0.8636363636363636,0.95625,40
MR,33,158,2,7,0.955,0.825,0.9875,0.9428571428571428,0.90625,40
MS,35,158,2,5,0.965,0.875,0.9875,0.9459459459459459,0.93125,40
MVP,35,155,5,5,0.95,0.875,0.96875,0.875,0.921875,40
PROMEDIO_MACRO,181,781,19,19,0.962,0.905,0.97625,0.9073060723060724,0.940625,200
