clase,TP,TN,FP,FN,Accuracy,Sensitivity,Specificity,Precision,Score,soporte
N,35,156,4,5,0.955,0.875,0.975,0.8974358974358975,0.925,40
AS,39,156,4,1,0.975,0.975,0.975,0.9069767441860465,0.975,40
MR,35,152,8,5,0.935,0.875,0.95,0.813953488372093,0.9125,40
MS,36,158,2,4,0.97,0.9,0.9875,0.9473684210526315,0.9437500000000001,40
MVP,30,153,7,10,0.915,0.75,0.95625,0.8108108108108109,0.853125,40
PROMEDIO_MACRO,175,775,25,25,0.95,0.875,0.96875,0.8753090723714958,0.921875,200
