distribucion,numero_capas,clasificador,representacion,fold,clase,TP,TN,FP,FN,Accuracy,Sensitivity,Specificity,Precision,Score,soporte
26-12-6,3,UjaNet,DeepONMF_H3,1,PROMEDIO_MACRO,191,791,9,9,0.982,0.9550000000000001,0.9887500000000001,0.9551026957637998,0.971875,200
26-12-6,3,UjaNet,DeepONMF_H3,2,PROMEDIO_MACRO,178,778,22,22,0.9560000000000001,0.89,0.9724999999999999,0.8915206991364689,0.93125,200
26-12-6,3,UjaNet,DeepONMF_H3,3,PROMEDIO_MACRO,184,784,16,16,0.968,0.9199999999999999,0.9799999999999999,0.9202725729554997,0.95,200
26-12-6,3,UjaNet,DeepONMF_H3,4,PROMEDIO_MACRO,188,788,12,12,0.976,0.9399999999999998,0.985,0.9408757806860623,0.9625,200
26-12-6,3,UjaNet,DeepONMF_H3,5,PROMEDIO_MACRO,187,787,13,13,0.9739999999999999,0.9350000000000002,0.98375,0.9361668930824377,0.959375,200
