clase,TP,TN,FP,FN,Accuracy,Sensitivity,Specificity,Precision,Score,soporte
N,40,159,1,0,0.995,1.0,0.99375,0.975609756097561,0.996875,40
AS,39,154,6,1,0.965,0.975,0.9625,0.8666666666666667,0.96875,40
MR,35,157,3,5,0.96,0.875,0.98125,0.9210526315789473,0.928125,40
MS,36,157,3,4,0.965,0.9,0.98125,0.9230769230769231,0.940625,40
MVP,34,157,3,6,0.955,0.85,0.98125,0.918918918918919,0.9156249999999999,40
PROMEDIO_MACRO,184,784,16,16,0.968,0.9199999999999999,0.9800000000000001,0.9210649792678035,0.95,200
