clase,TP,TN,FP,FN,Accuracy,Sensitivity,Specificity,Precision,Score,soporte
N,35,147,13,5,0.91,0.875,0.91875,0.7291666666666666,0.896875,40
AS,36,129,31,4,0.825,0.9,0.80625,0.5373134328358209,0.853125,40
MR,23,156,4,17,0.895,0.575,0.975,0.8518518518518519,0.7749999999999999,40
MS,14,149,11,26,0.815,0.35,0.93125,0.56,0.640625,40
MVP,23,150,10,17,0.865,0.575,0.9375,0.696969696969697,0.75625,40
PROMEDIO_MACRO,131,731,69,69,0.8619999999999999,0.6549999999999999,0.91375,0.6750603296648073,0.784375,200
