clase,TP,TN,FP,FN,Accuracy,Sensitivity,Specificity,Precision,Score,soporte
N,33,147,13,7,0.9,0.825,0.91875,0.717391304347826,0.871875,40
AS,35,137,23,5,0.86,0.875,0.85625,0.603448275862069,0.865625,40
MR,32,155,5,8,0.935,0.8,0.96875,0.8648648648648649,0.884375,40
MS,20,153,7,20,0.865,0.5,0.95625,0.7407407407407407,0.728125,40
MVP,23,151,9,17,0.87,0.575,0.94375,0.71875,0.7593749999999999,40
PROMEDIO_MACRO,143,743,57,57,0.8860000000000001,0.7150000000000001,0.92875,0.7290390371631001,0.821875,200
