clase,TP,TN,FP,FN,Accuracy,Sensitivity,Specificity,Precision,Score,soporte
N,32,145,15,8,0.885,0.8,0.90625,0.6808510638297872,0.853125,40
AS,32,127,33,8,0.795,0.8,0.79375,0.49230769230769234,0.796875,40
MR,21,156,4,19,0.885,0.525,0.975,0.84,0.75,40
MS,18,150,10,22,0.84,0.45,0.9375,0.6428571428571429,0.69375,40
MVP,23,148,12,17,0.855,0.575,0.925,0.6571428571428571,0.75,40
PROMEDIO_MACRO,126,726,74,74,0.852,0.6300000000000001,0.9075,0.6626317512274958,0.76875,200
