clase,TP,TN,FP,FN,Accuracy,Sensitivity,Specificity,Precision,Score,soporte
N,37,149,11,3,0.93,0.925,0.93125,0.7708333333333334,0.9281250000000001,40
AS,34,147,13,6,0.905,0.85,0.91875,0.723404255319149,0.8843749999999999,40
MR,29,155,5,11,0.92,0.725,0.96875,0.8529411764705882,0.846875,40
MS,32,146,14,8,0.89,0.8,0.9125,0.6956521739130435,0.85625,40
MVP,23,158,2,17,0.905,0.575,0.9875,0.92,0.78125,40
PROMEDIO_MACRO,155,755,45,45,0.9099999999999999,0.775,0.94375,0.7925661878072228,0.859375,200
