clase,TP,TN,FP,FN,Accuracy,Sensitivity,Specificity,Precision,Score,soporte
N,27,154,6,13,0.905,0.675,0.9625,0.8181818181818182,0.8187500000000001,40
AS,20,157,3,20,0.885,0.5,0.98125,0.8695652173913043,0.740625,40
MR,37,108,52,3,0.725,0.925,0.675,0.4157303370786517,0.8,40
MS,15,156,4,25,0.855,0.375,0.975,0.7894736842105263,0.675,40
MVP,24,148,12,16,0.86,0.6,0.925,0.6666666666666666,0.7625,40
PROMEDIO_MACRO,123,723,77,77,0.8460000000000001,0.615,0.9037500000000002,0.7119235447057934,0.759375,200
