clase,TP,TN,FP,FN,Accuracy,Sensitivity,Specificity,Precision,Score,soporte
N,22,155,5,18,0.885,0.55,0.96875,0.8148148148148148,0.759375,40
AS,23,155,5,17,0.89,0.575,0.96875,0.8214285714285714,0.771875,40
MR,34,113,47,6,0.735,0.85,0.70625,0.41975308641975306,0.778125,40
MS,20,159,1,20,0.895,0.5,0.99375,0.9523809523809523,0.746875,40
MVP,28,145,15,12,0.865,0.7,0.90625,0.6511627906976745,0.803125,40
PROMEDIO_MACRO,127,727,73,73,0.8539999999999999,0.635,0.9087499999999998,0.7319080431483533,0.7718750000000001,200
