clase,TP,TN,FP,FN,Accuracy,Sensitivity,Specificity,Precision,Score,soporte
N,39,159,1,1,0.99,0.975,0.99375,0.975,0.984375,40
AS,40,158,2,0,0.99,1.0,0.9875,0.9523809523809523,0.99375,40
MR,38,157,3,2,0.975,0.95,0.98125,0.926829268292683,0.965625,40
MS,37,159,1,3,0.98,0.925,0.99375,0.9736842105263158,0.9593750000000001,40
MVP,37,158,2,3,0.975,0.925,0.9875,0.9487179487179487,0.95625,40
PROMEDIO_MACRO,191,791,9,9,0.982,0.9549999999999998,0.9887500000000001,0.95532247598358,0.971875,200
