clase,TP,TN,FP,FN,Accuracy,Sensitivity,Specificity,Precision,Score,soporte
N,37,159,1,3,0.98,0.925,0.99375,0.9736842105263158,0.9593750000000001,40
AS,38,157,3,2,0.975,0.95,0.98125,0.926829268292683,0.965625,40
MR,39,152,8,1,0.955,0.975,0.95,0.8297872340425532,0.9624999999999999,40
MS,38,156,4,2,0.97,0.95,0.975,0.9047619047619048,0.9624999999999999,40
MVP,31,159,1,9,0.95,0.775,0.99375,0.96875,0.884375,40
PROMEDIO_MACRO,183,783,17,17,0.966,0.915,0.97875,0.9207625235246912,0.946875,200
