clase,TP,TN,FP,FN,Accuracy,Sensitivity,Specificity,Precision,Score,soporte
N,38,156,4,2,0.97,0.95,0.975,0.9047619047619048,0.9624999999999999,40
AS,34,159,1,6,0.965,0.85,0.99375,0.9714285714285714,0.921875,40
MR,37,144,16,3,0.905,0.925,0.9,0.6981132075471698,0.9125000000000001,40
MS,34,157,3,6,0.955,0.85,0.98125,0.918918918918919,0.9156249999999999,40
MVP,28,155,5,12,0.915,0.7,0.96875,0.8484848484848485,0.834375,40
PROMEDIO_MACRO,171,771,29,29,0.942,0.8549999999999999,0.9637499999999999,0.8683414902282827,0.909375,200
