clase,TP,TN,FP,FN,Accuracy,Sensitivity,Specificity,Precision,Score,soporte
N,34,156,4,6,0.95,0.85,0.975,0.8947368421052632,0.9125,40
AS,31,159,1,9,0.95,0.775,0.99375,0.96875,0.884375,40
MR,38,142,18,2,0.9,0.95,0.8875,0.6785714285714286,0.91875,40
MS,31,158,2,9,0.945,0.775,0.9875,0.9393939393939394,0.8812500000000001,40
MVP,32,151,9,8,0.915,0.8,0.94375,0.7804878048780488,0.871875,40
PROMEDIO_MACRO,166,766,34,34,0.932,0.8300000000000001,0.9574999999999999,0.8523880029897359,0.89375,200
