clase,TP,TN,FP,FN,Accuracy,Sensitivity,Specificity,Precision,Score,soporte
N,36,156,4,4,0.96,0.9,0.975,0.9,0.9375,40
AS,33,159,1,7,0.96,0.825,0.99375,0.9705882352941176,0.909375,40
MR,36,144,16,4,0.9,0.9,0.9,0.6923076923076923,0.9,40
MS,32,156,4,8,0.94,0.8,0.975,0.8888888888888888,0.8875,40
MVP,31,153,7,9,0.92,0.775,0.95625,0.8157894736842105,0.8656250000000001,40
PROMEDIO_MACRO,168,768,32,32,0.9359999999999999,0.8400000000000001,0.96,0.8535148580349817,0.9,200
