clase,TP,TN,FP,FN,Accuracy,Sensitivity,Specificity,Precision,Score,soporte
N,40,157,3,0,0.985,1.0,0.98125,0.9302325581395349,0.990625,40
AS,37,157,3,3,0.97,0.925,0.98125,0.925,0.953125,40
MR,40,158,2,0,0.99,1.0,0.9875,0.9523809523809523,0.99375,40
MS,38,159,1,2,0.985,0.95,0.99375,0.9743589743589743,0.971875,40
MVP,35,159,1,5,0.97,0.875,0.99375,0.9722222222222222,0.934375,40
PROMEDIO_MACRO,190,790,10,10,0.9800000000000001,0.95,0.9875,0.9508389414203368,0.96875,200
