clase,TP,TN,FP,FN,Accuracy,Sensitivity,Specificity,Precision,Score,soporte
N,35,158,2,5,0.965,0.875,0.9875,0.9459459459459459,0.93125,40
AS,37,158,2,3,0.975,0.925,0.9875,0.9487179487179487,0.95625,40
MR,36,144,16,4,0.9,0.9,0.9,0.6923076923076923,0.9,40
MS,33,156,4,7,0.945,0.825,0.975,0.8918918918918919,0.8999999999999999,40
MVP,25,150,10,15,0.875,0.625,0.9375,0.7142857142857143,0.78125,40
PROMEDIO_MACRO,166,766,34,34,0.932,0.8300000000000001,0.9574999999999999,0.8386298386298388,0.89375,200
