clase,TP,TN,FP,FN,Accuracy,Sensitivity,Specificity,Precision,Score,soporte
N,35,160,0,5,0.975,0.875,1.0,1.0,0.9375,40
AS,33,149,11,7,0.91,0.825,0.93125,0.75,0.878125,40
MR,34,154,6,6,0.94,0.85,0.9625,0.85,0.90625,40
MS,33,153,7,7,0.93,0.825,0.95625,0.825,0.890625,40
MVP,35,154,6,5,0.945,0.875,0.9625,0.8536585365853658,0.91875,40
PROMEDIO_MACRO,170,770,30,30,0.9400000000000001,0.85,0.9625,0.8557317073170732,0.90625,200
