clase,TP,TN,FP,FN,Accuracy,Sensitivity,Specificity,Precision,Score,soporte
N,38,157,3,2,0.975,0.95,0.98125,0.926829268292683,0.965625,40
AS,34,146,14,6,0.9,0.85,0.9125,0.7083333333333334,0.88125,40
MR,36,156,4,4,0.96,0.9,0.975,0.9,0.9375,40
MS,30,157,3,10,0.935,0.75,0.98125,0.9090909090909091,0.865625,40
MVP,32,154,6,8,0.93,0.8,0.9625,0.8421052631578947,0.8812500000000001,40
PROMEDIO_MACRO,170,770,30,30,0.9400000000000001,0.85,0.9625,0.857271754774964,0.90625,200
