clase,TP,TN,FP,FN,Accuracy,Sensitivity,Specificity,Precision,Score,soporte
N,39,157,3,1,0.98,0.975,0.98125,0.9285714285714286,0.9781249999999999,40
AS,37,154,6,3,0.955,0.925,0.9625,0.8604651162790697,0.9437500000000001,40
MR,33,158,2,7,0.955,0.825,0.9875,0.9428571428571428,0.90625,40
MS,34,152,8,6,0.93,0.85,0.95,0.8095238095238095,0.8999999999999999,40
MVP,35,157,3,5,0.96,0.875,0.98125,0.9210526315789473,0.928125,40
PROMEDIO_MACRO,178,778,22,22,0.9560000000000001,0.8899999999999999,0.9725000000000001,0.8924940257620797,0.93125,200
