clase,TP,TN,FP,FN,Accuracy,Sensitivity,Specificity,Precision,Score,soporte
N,40,158,2,0,0.99,1.0,0.9875,0.9523809523809523,0.99375,40
AS,40,156,4,0,0.98,1.0,0.975,0.9090909090909091,0.9875,40
MR,40,159,1,0,0.995,1.0,0.99375,0.975609756097561,0.996875,40
MS,37,160,0,3,0.985,0.925,1.0,1.0,0.9625,40
MVP,35,159,1,5,0.97,0.875,0.99375,0.9722222222222222,0.934375,40
PROMEDIO_MACRO,192,792,8,8,0.984,0.96,0.99,0.9618607679583289,0.975,200
