epoca,loss_train,loss_val
1,1.6807547807693481,1.6022039651870728
2,1.7414581179618835,1.5957616567611694
