distribucion,numero_capas,clasificador,representacion,fold,clase,TP,TN,FP,FN,Accuracy,Sensitivity,Specificity,Precision,Score,soporte
6-10-18-32,4,UjaNet,DeepONMF_H4,1,PROMEDIO_MACRO,189,789,11,11,0.978,0.945,0.9862499999999998,0.9463320463320464,0.965625,200
6-10-18-32,4,UjaNet,DeepONMF_H4,2,PROMEDIO_MACRO,176,776,24,24,0.952,0.8799999999999999,0.97,0.8851951801260558,0.925,200
6-10-18-32,4,UjaNet,DeepONMF_H4,3,PROMEDIO_MACRO,179,779,21,21,0.958,0.8949999999999999,0.9737500000000001,0.9007645043128913,0.934375,200
6-10-18-32,4,UjaNet,DeepONMF_H4,4,PROMEDIO_MACRO,182,782,18,18,0.9639999999999999,0.9099999999999999,0.9775,0.9114836311464719,0.94375,200
6-10-18-32,4,UjaNet,DeepONMF_H4,5,PROMEDIO_MACRO,181,781,19,19,0.962,0.905,0.97625,0.9084917656868876,0.940625,200
