clase,TP,TN,FP,FN,Accuracy,Sensitivity,Specificity,Precision,Score,soporte
N,37,158,2,3,0.975,0.925,0.9875,0.9487179487179487,0.95625,40
AS,35,153,7,5,0.94,0.875,0.95625,0.8333333333333334,0.915625,40
MR,33,144,16,7,0.885,0.825,0.9,0.673469387755102,0.8625,40
MS,28,160,0,12,0.94,0.7,1.0,1.0,0.85,40
MVP,32,150,10,8,0.91,0.8,0.9375,0.7619047619047619,0.86875,40
PROMEDIO_MACRO,165,765,35,35,0.9299999999999999,0.825,0.95625,0.8434850863422291,0.890625,200
