clase,TP,TN,FP,FN,Accuracy,Sensitivity,Specificity,Precision,Score,soporte
N,40,157,3,0,0.985,1.0,0.98125,0.9302325581395349,0.990625,40
AS,37,160,0,3,0.985,0.925,1.0,1.0,0.9625,40
MR,36,157,3,4,0.965,0.9,0.98125,0.9230769230769231,0.940625,40
MS,37,158,2,3,0.975,0.925,0.9875,0.9487179487179487,0.95625,40
MVP,39,157,3,1,0.98,0.975,0.98125,0.9285714285714286,0.9781249999999999,40
PROMEDIO_MACRO,189,789,11,11,0.9780000000000001,0.945,0.9862500000000001,0.9461197717011671,0.965625,200
