clase,TP,TN,FP,FN,Accuracy,Sensitivity,Specificity,Precision,Score,soporte
N,39,160,0,1,0.995,0.975,1.0,1.0,0.9875,40
AS,36,160,0,4,0.98,0.9,1.0,1.0,0.95,40
MR,40,157,3,0,0.985,1.0,0.98125,0.9302325581395349,0.990625,40
MS,37,158,2,3,0.975,0.925,0.9875,0.9487179487179487,0.95625,40
MVP,38,155,5,2,0.965,0.95,0.96875,0.8837209302325582,0.959375,40
PROMEDIO_MACRO,190,790,10,10,0.9800000000000001,0.95,0.9875,0.9525342874180083,0.96875,200
