clase,TP,TN,FP,FN,Accuracy,Sensitivity,Specificity,Precision,Score,soporte
N,37,151,9,3,0.94,0.925,0.94375,0.8043478260869565,0.934375,40
AS,25,142,18,15,0.835,0.625,0.8875,0.5813953488372093,0.75625,40
MR,30,152,8,10,0.91,0.75,0.95,0.7894736842105263,0.85,40
MS,33,142,18,7,0.875,0.825,0.8875,0.6470588235294118,0.85625,40
MVP,19,157,3,21,0.88,0.475,0.98125,0.8636363636363636,0.7281249999999999,40
PROMEDIO_MACRO,144,744,56,56,0.8880000000000001,0.72,0.93,0.7371824092600935,0.825,200
