clase,TP,TN,FP,FN,Accuracy,Sensitivity,Specificity,Precision,Score,soporte
N,37,159,1,3,0.98,0.925,0.99375,0.9736842105263158,0.9593750000000001,40
AS,40,159,1,0,0.995,1.0,0.99375,0.975609756097561,0.996875,40
MR,38,151,9,2,0.945,0.95,0.94375,0.8085106382978723,0.9468749999999999,40
MS,35,158,2,5,0.965,0.875,0.9875,0.9459459459459459,0.93125,40
MVP,33,156,4,7,0.945,0.825,0.975,0.8918918918918919,0.8999999999999999,40
PROMEDIO_MACRO,183,783,17,17,0.966,0.915,0.97875,0.9191284885519174,0.946875,200
