,N,AS,MR,MS,MVP
N,99.5,0.0,0.0,0.5,0.0
AS,0.5,96.0,2.5,0.5,0.5
MR,2.5,3.5000000000000004,90.5,2.0,1.5
MS,0.5,0.5,0.5,94.5,4.0
MVP,3.5000000000000004,2.0,3.0,2.0,89.5
