clase,TP,TN,FP,FN,Accuracy,Sensitivity,Specificity,Precision,Score,soporte
N,39,157,3,1,0.98,0.975,0.98125,0.9285714285714286,0.9781249999999999,40
AS,39,154,6,1,0.965,0.975,0.9625,0.8666666666666667,0.96875,40
MR,35,160,0,5,0.975,0.875,1.0,1.0,0.9375,40
MS,37,158,2,3,0.975,0.925,0.9875,0.9487179487179487,0.95625,40
MVP,34,155,5,6,0.945,0.85,0.96875,0.8717948717948718,0.909375,40
PROMEDIO_MACRO,184,784,16,16,0.968,0.9199999999999999,0.9800000000000001,0.923150183150183,0.95,200
