clase,TP,TN,FP,FN,Accuracy,Sensitivity,Specificity,Precision,Score,soporte
N,38,152,8,2,0.95,0.95,0.95,0.8260869565217391,0.95,40
AS,26,157,3,14,0.915,0.65,0.98125,0.896551724137931,0.815625,40
MR,35,152,8,5,0.935,0.875,0.95,0.813953488372093,0.9125,40
MS,36,144,16,4,0.9,0.9,0.9,0.6923076923076923,0.9,40
MVP,28,158,2,12,0.93,0.7,0.9875,0.9333333333333333,0.84375,40
PROMEDIO_MACRO,163,763,37,37,0.9259999999999999,0.8150000000000001,0.95375,0.832446638934558,0.884375,200
