clase,TP,TN,FP,FN,Accuracy,Sensitivity,Specificity,Precision,Score,soporte
N,35,158,2,5,0.965,0.875,0.9875,0.9459459459459459,0.93125,40
AS,39,155,5,1,0.97,0.975,0.96875,0.8863636363636364,0.971875,40
MR,33,158,2,7,0.955,0.825,0.9875,0.9428571428571428,0.90625,40
MS,37,153,7,3,0.95,0.925,0.95625,0.8409090909090909,0.940625,40
MVP,36,156,4,4,0.96,0.9,0.975,0.9,0.9375,40
PROMEDIO_MACRO,180,780,20,20,0.96,0.9,0.975,0.9032151632151633,0.9375,200
