clase,TP,TN,FP,FN,Accuracy,Sensitivity,Specificity,Precision,Score,soporte
N,35,157,3,5,0.96,0.875,0.98125,0.9210526315789473,0.928125,40
AS,35,154,6,5,0.945,0.875,0.9625,0.8536585365853658,0.91875,40
MR,36,152,8,4,0.94,0.9,0.95,0.8181818181818182,0.925,40
MS,34,148,12,6,0.91,0.85,0.925,0.7391304347826086,0.8875,40
MVP,28,157,3,12,0.925,0.7,0.98125,0.9032258064516129,0.840625,40
PROMEDIO_MACRO,168,768,32,32,0.9359999999999999,0.8400000000000001,0.96,0.8470498455160707,0.9,200
