clase,TP,TN,FP,FN,Accuracy,Sensitivity,Specificity,Precision,Score,soporte
N,37,146,14,3,0.915,0.925,0.9125,0.7254901960784313,0.91875,40
AS,31,150,10,9,0.905,0.775,0.9375,0.7560975609756098,0.85625,40
MR,29,154,6,11,0.915,0.725,0.9625,0.8285714285714286,0.84375,40
MS,34,145,15,6,0.895,0.85,0.90625,0.6938775510204082,0.878125,40
MVP,20,156,4,20,0.88,0.5,0.975,0.8333333333333334,0.7375,40
PROMEDIO_MACRO,151,751,49,49,0.9020000000000001,0.7550000000000001,0.93875,0.7674740139958423,0.846875,200
