clase,TP,TN,FP,FN,Accuracy,Sensitivity,Specificity,Precision,Score,soporte
N,40,160,0,0,1.0,1.0,1.0,1.0,1.0,40
AS,39,155,5,1,0.97,0.975,0.96875,0.8863636363636364,0.971875,40
MR,35,158,2,5,0.965,0.875,0.9875,0.9459459459459459,0.93125,40
MS,37,157,3,3,0.97,0.925,0.98125,0.925,0.953125,40
MVP,36,157,3,4,0.965,0.9,0.98125,0.9230769230769231,0.940625,40
PROMEDIO_MACRO,187,787,13,13,0.974,0.9350000000000002,0.98375,0.9360773010773011,0.959375,200
