clase,TP,TN,FP,FN,Accuracy,Sensitivity,Specificity,Precision,Score,soporte
N,37,156,4,3,0.965,0.925,0.975,0.9024390243902439,0.95,40
AS,36,155,5,4,0.955,0.9,0.96875,0.8780487804878049,0.934375,40
MR,35,146,14,5,0.905,0.875,0.9125,0.7142857142857143,0.89375,40
MS,33,158,2,7,0.955,0.825,0.9875,0.9428571428571428,0.90625,40
MVP,27,153,7,13,0.9,0.675,0.95625,0.7941176470588235,0.815625,40
PROMEDIO_MACRO,168,768,32,32,0.9360000000000002,0.8400000000000001,0.96,0.8463496618159458,0.9,200
