epoca,loss_train,loss_val
1,1.663576066493988,1.6080862283706665
2,1.761516511440277,1.6047519445419312
