clase,TP,TN,FP,FN,Accuracy,Sensitivity,Specificity,Precision,Score,soporte
N,30,143,17,10,0.865,0.75,0.89375,0.6382978723404256,0.821875,40
AS,31,133,27,9,0.82,0.775,0.83125,0.5344827586206896,0.8031250000000001,40
MR,28,152,8,12,0.9,0.7,0.95,0.7777777777777778,0.825,40
MS,16,152,8,24,0.84,0.4,0.95,0.6666666666666666,0.675,40
MVP,23,148,12,17,0.855,0.575,0.925,0.6571428571428571,0.75,40
PROMEDIO_MACRO,128,728,72,72,0.8559999999999999,0.6399999999999999,0.9099999999999999,0.6548735865096833,0.775,200
