clase,TP,TN,FP,FN,Accuracy,Sensitivity,Specificity,Precision,Score,soporte
N,36,156,4,4,0.96,0.9,0.975,0.9,0.9375,40
AS,38,155,5,2,0.965,0.95,0.96875,0.8837209302325582,0.959375,40
MR,33,157,3,7,0.95,0.825,0.98125,0.9166666666666666,0.903125,40
MS,38,159,1,2,0.985,0.95,0.99375,0.9743589743589743,0.971875,40
MVP,35,153,7,5,0.94,0.875,0.95625,0.8333333333333334,0.915625,40
PROMEDIO_MACRO,180,780,20,20,0.96,0.9,0.975,0.9016159809183065,0.9375,200
