clase,TP,TN,FP,FN,Accuracy,Sensitivity,Specificity,Precision,Score,soporte
N,34,156,4,6,0.95,0.85,0.975,0.8947368421052632,0.9125,40
AS,33,159,1,7,0.96,0.825,0.99375,0.9705882352941176,0.909375,40
MR,37,138,22,3,0.875,0.925,0.8625,0.6271186440677966,0.89375,40
MS,29,157,3,11,0.93,0.725,0.98125,0.90625,0.8531249999999999,40
MVP,26,149,11,14,0.875,0.65,0.93125,0.7027027027027027,0.790625,40
PROMEDIO_MACRO,159,759,41,41,0.9179999999999999,0.7949999999999999,0.9487500000000001,0.8202792848339759,0.871875,200
