clase,TP,TN,FP,FN,Accuracy,Sensitivity,Specificity,Precision,Score,soporte
N,34,157,3,6,0.955,0.85,0.98125,0.918918918918919,0.9156249999999999,40
AS,31,154,6,9,0.925,0.775,0.9625,0.8378378378378378,0.86875,40
MR,35,135,25,5,0.85,0.875,0.84375,0.5833333333333334,0.859375,40
MS,26,159,1,14,0.925,0.65,0.99375,0.9629629629629629,0.821875,40
MVP,29,150,10,11,0.895,0.725,0.9375,0.7435897435897436,0.83125,40
PROMEDIO_MACRO,155,755,45,45,0.9100000000000001,0.775,0.94375,0.8093285593285593,0.859375,200
