clase,TP,TN,FP,FN,Accuracy,Sensitivity,Specificity,Precision,Score,soporte
N,35,147,13,5,0.91,0.875,0.91875,0.7291666666666666,0.896875,40
AS,39,126,34,1,0.825,0.975,0.7875,0.5342465753424658,0.88125,40
MR,29,155,5,11,0.92,0.725,0.96875,0.8529411764705882,0.846875,40
MS,13,157,3,27,0.85,0.325,0.98125,0.8125,0.653125,40
MVP,23,154,6,17,0.885,0.575,0.9625,0.7931034482758621,0.76875,40
PROMEDIO_MACRO,139,739,61,61,0.8779999999999999,0.6950000000000001,0.9237500000000001,0.7443915733511165,0.809375,200
