clase,TP,TN,FP,FN,Accuracy,Sensitivity,Specificity,Precision,Score,soporte
N,33,145,15,7,0.89,0.825,0.90625,0.6875,0.865625,40
AS,37,137,23,3,0.87,0.925,0.85625,0.6166666666666667,0.890625,40
MR,28,154,6,12,0.91,0.7,0.9625,0.8235294117647058,0.83125,40
MS,18,156,4,22,0.87,0.45,0.975,0.8181818181818182,0.7125,40
MVP,26,150,10,14,0.88,0.65,0.9375,0.7222222222222222,0.79375,40
PROMEDIO_MACRO,142,742,58,58,0.884,0.7100000000000001,0.9275,0.7336200237670827,0.81875,200
