clase,TP,TN,FP,FN,Accuracy,Sensitivity,Specificity,Precision,Score,soporte
N,35,156,4,5,0.955,0.875,0.975,0.8974358974358975,0.925,40
AS,38,154,6,2,0.96,0.95,0.9625,0.8636363636363636,0.95625,40
MR,33,153,7,7,0.93,0.825,0.95625,0.825,0.890625,40
MS,33,157,3,7,0.95,0.825,0.98125,0.9166666666666666,0.903125,40
MVP,34,153,7,6,0.935,0.85,0.95625,0.8292682926829268,0.903125,40
PROMEDIO_MACRO,173,773,27,27,0.9460000000000001,0.8649999999999999,0.9662499999999999,0.866401444084371,0.915625,200
