distribucion,numero_capas,clasificador,representacion,Accuracy_mean,Accuracy_std,Sensitivity_mean,Sensitivity_std,Specificity_mean,Specificity_std,Precision_mean,Precision_std,Score_mean,Score_std
15-11-7,3,KNN,DeepONMF_H3,0.9469999999999998,0.017535677916750158,0.9800000000000001,0.014921670482891666,0.8150000000000001,0.07202430145443968,0.9551845156568799,0.016559882575185345,0.8975,0.03586269388236197
15-11-7,3,KNN,DeepONMF_W,0.877,0.018234582528810446,0.8800000000000001,0.01946551437799682,0.865,0.04541475531146238,0.9631693174025908,0.012145676212066633,0.8725000000000002,0.02494133742404362
15-11-7,3,SVM,DeepONMF_H3,0.968,0.011510864433221345,0.97875,0.0121834929310112,0.925,0.02499999999999995,0.9812239547247966,0.006157026898447145,0.951875,0.01459077191241092
15-11-7,3,SVM,DeepONMF_W,0.923,0.01151086443322135,0.91875,0.009882117688026208,0.9400000000000001,0.02850438562747839,0.9839542897295814,0.007572466503094568,0.929375,0.0169154607534054
15-11-7,3,UjaNet,DeepONMF_H3,0.992,0.005700877125495695,0.9962500000000001,0.0055901699437494465,0.975,0.025000000000000022,0.9938041561229966,0.006192075100736197,0.985625,0.012022115038544591
15-11-7,3,UjaNet,DeepONMF_W,0.958,0.017888543819998316,0.96125,0.01734304615688952,0.945,0.03708099243547827,0.9859191117718232,0.009480120243249473,0.953125,0.02307003603161467
