clase,TP,TN,FP,FN,Accuracy,Sensitivity,Specificity,Precision,Score,soporte
N,39,159,1,1,0.99,0.975,0.99375,0.975,0.984375,40
AS,38,154,6,2,0.96,0.95,0.9625,0.8636363636363636,0.95625,40
MR,39,157,3,1,0.98,0.975,0.98125,0.9285714285714286,0.9781249999999999,40
MS,38,157,3,2,0.975,0.95,0.98125,0.926829268292683,0.965625,40
MVP,31,158,2,9,0.945,0.775,0.9875,0.9393939393939394,0.8812500000000001,40
PROMEDIO_MACRO,185,785,15,15,0.97,0.925,0.98125,0.926686199978883,0.953125,200
