distribucion,numero_capas,clasificador,representacion,Accuracy_mean,Accuracy_std,Sensitivity_mean,Sensitivity_std,Specificity_mean,Specificity_std,Precision_mean,Precision_std,Score_mean,Score_std
8-5-3,3,KNN,DeepONMF_H3,0.9356,0.0038470768123342,0.8390000000000001,0.0096176920308356,0.95975,0.0024044230077089,0.8555500177034991,0.0097746286634438,0.899375,0.0060110575192722
8-5-3,3,KNN,DeepONMF_W,0.8596,0.0093166517590816,0.649,0.0232916293977042,0.91225,0.0058229073494261,0.6773538149154336,0.0264100506315472,0.780625,0.0145572683735651
8-5-3,3,SVM,DeepONMF_H3,0.9608,0.0055856960175075,0.902,0.0139642400437689,0.9755,0.0034910600109422,0.904773149056212,0.0166773044888905,0.93875,0.0087276500273555
8-5-3,3,SVM,DeepONMF_W,0.8948,0.0118827606220104,0.737,0.0297069015550258,0.93425,0.0074267253887564,0.7475231932915423,0.0320085121269674,0.835625,0.0185668134718911
8-5-3,3,UjaNet,DeepONMF_H3,0.9751999999999998,0.0123773987574126,0.938,0.0309434968935315,0.9845,0.0077358742233828,0.9401057961694652,0.0289494780105749,0.96125,0.0193396855584572
8-5-3,3,UjaNet,DeepONMF_W,0.9492,0.0050199601592044,0.873,0.0125499003980111,0.96825,0.0031374750995027,0.8814761225997048,0.011564421036186,0.920625,0.0078436877487569
