clase,TP,TN,FP,FN,Accuracy,Sensitivity,Specificity,Precision,Score,soporte
N,33,149,11,7,0.91,0.825,0.93125,0.75,0.878125,40
AS,33,136,24,7,0.845,0.825,0.85,0.5789473684210527,0.8374999999999999,40
MR,28,150,10,12,0.89,0.7,0.9375,0.7368421052631579,0.81875,40
MS,18,154,6,22,0.86,0.45,0.9625,0.75,0.70625,40
MVP,25,148,12,15,0.865,0.625,0.925,0.6756756756756757,0.775,40
PROMEDIO_MACRO,137,737,63,63,0.874,0.6849999999999999,0.92125,0.6982930298719772,0.803125,200
