clase,TP,TN,FP,FN,Accuracy,Sensitivity,Specificity,Precision,Score,soporte
N,35,142,18,5,0.885,0.875,0.8875,0.660377358490566,0.88125,40
AS,26,128,32,14,0.77,0.65,0.8,0.4482758620689655,0.7250000000000001,40
MR,31,154,6,9,0.925,0.775,0.9625,0.8378378378378378,0.86875,40
MS,14,151,9,26,0.825,0.35,0.94375,0.6086956521739131,0.646875,40
MVP,19,150,10,21,0.845,0.475,0.9375,0.6551724137931034,0.70625,40
PROMEDIO_MACRO,125,725,75,75,0.85,0.625,0.90625,0.6420718248728772,0.765625,200
