clase,TP,TN,FP,FN,Accuracy,Sensitivity,Specificity,Precision,Score,soporte
N,36,154,6,4,0.95,0.9,0.9625,0.8571428571428571,0.93125,40
AS,25,152,8,15,0.885,0.625,0.95,0.7575757575757576,0.7875,40
MR,31,151,9,9,0.91,0.775,0.94375,0.775,0.859375,40
MS,31,142,18,9,0.865,0.775,0.8875,0.6326530612244898,0.83125,40
MVP,29,153,7,11,0.91,0.725,0.95625,0.8055555555555556,0.840625,40
PROMEDIO_MACRO,152,752,48,48,0.9040000000000001,0.76,0.9400000000000001,0.765585446299732,0.85,200
