clase,TP,TN,FP,FN,Accuracy,Sensitivity,Specificity,Precision,Score,soporte
N,29,155,5,11,0.92,0.725,0.96875,0.8529411764705882,0.846875,40
AS,21,157,3,19,0.89,0.525,0.98125,0.875,0.753125,40
MR,34,121,39,6,0.775,0.85,0.75625,0.4657534246575342,0.803125,40
MS,26,157,3,14,0.915,0.65,0.98125,0.896551724137931,0.815625,40
MVP,25,145,15,15,0.85,0.625,0.90625,0.625,0.765625,40
PROMEDIO_MACRO,135,735,65,65,0.8699999999999999,0.675,0.91875,0.7430492650532108,0.796875,200
