clase,TP,TN,FP,FN,Accuracy,Sensitivity,Specificity,Precision,Score,soporte
N,36,146,14,4,0.91,0.9,0.9125,0.72,0.90625,40
AS,29,151,9,11,0.9,0.725,0.94375,0.7631578947368421,0.834375,40
MR,31,153,7,9,0.92,0.775,0.95625,0.8157894736842105,0.8656250000000001,40
MS,35,146,14,5,0.905,0.875,0.9125,0.7142857142857143,0.89375,40
MVP,20,155,5,20,0.875,0.5,0.96875,0.8,0.734375,40
PROMEDIO_MACRO,151,751,49,49,0.9019999999999999,0.755,0.93875,0.7626466165413535,0.846875,200
