clase,TP,TN,FP,FN,Accuracy,Sensitivity,Specificity,Precision,Score,soporte
N,36,137,23,4,0.865,0.9,0.85625,0.6101694915254238,0.878125,40
AS,23,136,24,17,0.795,0.575,0.85,0.48936170212765956,0.7124999999999999,40
MR,22,153,7,18,0.875,0.55,0.95625,0.7586206896551724,0.753125,40
MS,17,139,21,23,0.78,0.425,0.86875,0.4473684210526316,0.646875,40
MVP,12,145,15,28,0.785,0.3,0.90625,0.4444444444444444,0.603125,40
PROMEDIO_MACRO,110,710,90,90,0.8200000000000001,0.55,0.8875,0.5499929497610664,0.71875,200
