clase,TP,TN,FP,FN,Accuracy,Sensitivity,Specificity,Precision,Score,soporte
N,39,146,14,1,0.925,0.975,0.9125,0.7358490566037735,0.94375,40
AS,32,141,19,8,0.865,0.8,0.88125,0.6274509803921569,0.840625,40
MR,31,157,3,9,0.94,0.775,0.98125,0.9117647058823529,0.878125,40
MS,30,147,13,10,0.885,0.75,0.91875,0.6976744186046512,0.834375,40
MVP,18,159,1,22,0.885,0.45,0.99375,0.9473684210526315,0.721875,40
PROMEDIO_MACRO,150,750,50,50,0.9,0.75,0.9375,0.7840215165071132,0.84375,200
