clase,TP,TN,FP,FN,Accuracy,Sensitivity,Specificity,Precision,Score,soporte
N,37,157,3,3,0.97,0.925,0.98125,0.925,0.953125,40
AS,40,158,2,0,0.99,1.0,0.9875,0.9523809523809523,0.99375,40
MR,37,154,6,3,0.955,0.925,0.9625,0.8604651162790697,0.9437500000000001,40
MS,38,158,2,2,0.98,0.95,0.9875,0.95,0.96875,40
MVP,31,156,4,9,0.935,0.775,0.975,0.8857142857142857,0.875,40
PROMEDIO_MACRO,183,783,17,17,0.966,0.915,0.97875,0.9147120708748616,0.946875,200
