clase,TP,TN,FP,FN,Accuracy,Sensitivity,Specificity,Precision,Score,soporte
N,39,158,2,1,0.985,0.975,0.9875,0.9512195121951219,0.98125,40
AS,38,154,6,2,0.96,0.95,0.9625,0.8636363636363636,0.95625,40
MR,34,155,5,6,0.945,0.85,0.96875,0.8717948717948718,0.909375,40
MS,34,155,5,6,0.945,0.85,0.96875,0.8717948717948718,0.909375,40
MVP,32,155,5,8,0.935,0.8,0.96875,0.8648648648648649,0.884375,40
PROMEDIO_MACRO,177,777,23,23,0.954,0.885,0.9712500000000001,0.884662096857219,0.928125,200
