clase,TP,TN,FP,FN,Accuracy,Sensitivity,Specificity,Precision,Score,soporte
N,37,144,16,3,0.905,0.925,0.9,0.6981132075471698,0.9125000000000001,40
AS,33,126,34,7,0.795,0.825,0.7875,0.4925373134328358,0.8062499999999999,40
MR,17,154,6,23,0.855,0.425,0.9625,0.7391304347826086,0.69375,40
MS,22,152,8,18,0.87,0.55,0.95,0.7333333333333333,0.75,40
MVP,22,155,5,18,0.885,0.55,0.96875,0.8148148148148148,0.759375,40
PROMEDIO_MACRO,131,731,69,69,0.8620000000000001,0.6549999999999999,0.91375,0.6955858207821525,0.784375,200
