clase,TP,TN,FP,FN,Accuracy,Sensitivity,Specificity,Precision,Score,soporte
N,40,157,3,0,0.985,1.0,0.98125,0.9302325581395349,0.990625,40
AS,37,157,3,3,0.97,0.925,0.98125,0.925,0.953125,40
MR,40,156,4,0,0.98,1.0,0.975,0.9090909090909091,0.9875,40
MS,37,158,2,3,0.975,0.925,0.9875,0.9487179487179487,0.95625,40
MVP,32,158,2,8,0.95,0.8,0.9875,0.9411764705882353,0.89375,40
PROMEDIO_MACRO,186,786,14,14,0.9720000000000001,0.9299999999999999,0.9824999999999999,0.9308435773073256,0.95625,200
