clase,TP,TN,FP,FN,Accuracy,Sensitivity,Specificity,Precision,Score,soporte
N,39,159,1,1,0.99,0.975,0.99375,0.975,0.984375,40
AS,38,157,3,2,0.975,0.95,0.98125,0.926829268292683,0.965625,40
MR,39,154,6,1,0.965,0.975,0.9625,0.8666666666666667,0.96875,40
MS,37,157,3,3,0.97,0.925,0.98125,0.925,0.953125,40
MVP,33,159,1,7,0.96,0.825,0.99375,0.9705882352941176,0.909375,40
PROMEDIO_MACRO,186,786,14,14,0.9719999999999999,0.93,0.9825000000000002,0.9328168340506935,0.95625,200
