clase,TP,TN,FP,FN,Accuracy,Sensitivity,Specificity,Precision,Score,soporte
N,37,146,14,3,0.915,0.925,0.9125,0.7254901960784313,0.91875,40
AS,23,149,11,17,0.86,0.575,0.93125,0.6764705882352942,0.753125,40
MR,32,149,11,8,0.905,0.8,0.93125,0.7441860465116279,0.8656250000000001,40
MS,29,148,12,11,0.885,0.725,0.925,0.7073170731707317,0.825,40
MVP,20,149,11,20,0.845,0.5,0.93125,0.6451612903225806,0.715625,40
PROMEDIO_MACRO,141,741,59,59,0.8819999999999999,0.705,0.9262500000000001,0.699725038863733,0.815625,200
