clase,TP,TN,FP,FN,Accuracy,Sensitivity,Specificity,Precision,Score,soporte
N,22,158,2,18,0.9,0.55,0.9875,0.9166666666666666,0.76875,40
AS,23,156,4,17,0.895,0.575,0.975,0.8518518518518519,0.7749999999999999,40
MR,35,111,49,5,0.73,0.875,0.69375,0.4166666666666667,0.784375,40
MS,17,158,2,23,0.875,0.425,0.9875,0.8947368421052632,0.70625,40
MVP,26,140,20,14,0.83,0.65,0.875,0.5652173913043478,0.7625,40
PROMEDIO_MACRO,123,723,77,77,0.8459999999999999,0.615,0.9037499999999999,0.7290278837189592,0.759375,200
