clase,TP,TN,FP,FN,Accuracy,Sensitivity,Specificity,Precision,Score,soporte
N,40,158,2,0,0.99,1.0,0.9875,0.9523809523809523,0.99375,40
AS,35,156,4,5,0.955,0.875,0.975,0.8974358974358975,0.925,40
MR,36,153,7,4,0.945,0.9,0.95625,0.8372093023255814,0.9281250000000001,40
MS,37,159,1,3,0.98,0.925,0.99375,0.9736842105263158,0.9593750000000001,40
MVP,35,157,3,5,0.96,0.875,0.98125,0.9210526315789473,0.928125,40
PROMEDIO_MACRO,183,783,17,17,0.966,0.915,0.97875,0.916352598849539,0.946875,200
